exhibitor_name,domain,contact_number,mail,location,country,booth_no,desc,linkedin_url,city,event_location,profile_url,event_source
7Nutrition,7-nutrition.com,+48 790 760 716,bartek.dojwa@7-nutrition.com,STANOWICE 82A 55-200 STANOWICE Poland,Poland,Hala C / D12,"7NUTRITION jest polskim producentem suplementów diety i odżywek przeznaczonych dla sportowców oraz osób aktywnych fizycznie. Firma prowadzi własny zakład produkcyjny, oferuje m.in. witaminy, białka, aminokwasy, spalacze tłuszczu i produkty wspierające regenerację organizmu.",,STANOWICE,"Ptak Warsaw Expo, Al. Katowicka 62, 05-830 Nadarzyn, Poland",,https://bioexpo.pl/katalog-wystawcow/
CARGOPACK POLSKA Sp. z o.o.,ekoliva.pl,+48 573 199 164,office@ekoliva.pl,AUGUSTYNA SZAMARZEWSKIEGO 21/2 60-514 POZNAŃ Poland,Poland,Hala C / B18,"EKOLIVA to opowieść o miłości do natury, przekazywana z pokolenia na pokolenie. To historia ludzi, którzy zakochali się w oliwkach i postanowili podzielić się tym uczuciem ze światem. Od pokoleń pielęgnujemy tradycje, by móc zaoferować Ci najlepszą, naturalną oliwę. Słuchając natury, z miłością i szacunkiem tworzymy wyjątkową, ekologiczną oliwę z pierwszego tłoczenia. Wyobraź sobie smak słońca, zapach wiatru i dotyk ziemi w każdej kropli naszej oliwy. To właśnie w niej zamknięte są tajemnice natury, które chcemy Ci odkryć.",,POZNAŃ,"Ptak Warsaw Expo, Al. Katowicka 62, 05-830 Nadarzyn, Poland",,https://bioexpo.pl/katalog-wystawcow/
CECH RZEMIOSŁ SPOŻYWCZYCH W WARSZAWIE,crs.waw.pl,,,LECHICKA 14A 02-156 WARSZAWA Poland,Poland,Hala C / C56,"Cech Rzemiosł Spożywczych w Warszawie to samorządowa organizacja rzemieślnicza zrzeszająca przedsiębiorców i rzemieślników z branży spożywczej – cukierników, piekarzy, lodziarzy, gastronomów. Prowadzi własną hurtownię zaopatrującą zakłady branży spożywczej w surowce, opakowania i materiały oraz wspiera rozwój rzemiosła i jakości w sektorze spożywczym.",,WARSZAWA,"Ptak Warsaw Expo, Al. Katowicka 62, 05-830 Nadarzyn, Poland",,https://bioexpo.pl/katalog-wystawcow/
DAGOYA Sp. z o.o.,dagoya.com,+48 532 882 597,kontakt@dagoya.com,TOPOLOWA 3 96-314 KASKI Poland,Poland,Hala C / C67,"Dagoya to polska winiarnia i producent naturalnych win z jagody kamczackiej, powstała na plantacji tego unikatowego owocu, założonej w 2014 r., z której pozyskiwane są surowce do produkcji wina o wyjątkowym smaku i aromacie. Firma korzysta z ekologicznych metod uprawy jagody kamczackiej, stosując wyłącznie nawozy dopuszczone do upraw ekologicznych, co wpływa na jakość i charakter jej produktów. Na stronie www.Dagoya.com prezentujemy swoje wina oraz zachęcamy do kontaktu w sprawie zamówień detalicznych a także zestawów na imprezy i wydarzenia. Marka łączy lokalne rolnictwo z rzemieślniczą produkcją napojów alkoholowych, promując autorskie wina owocowe.",,KASKI,"Ptak Warsaw Expo, Al. Katowicka 62, 05-830 Nadarzyn, Poland",,https://bioexpo.pl/katalog-wystawcow/
DAMECO SPÓŁKA Z OGRANICZONĄ ODPOWIEDZIALNOŚCIĄ,natureat.pl,,biuro@dameco.pl,GROCHOWSKA 207/106 04-077 WARSZAWA Poland,Poland,Hala C / B2,"Importer i dystrybutor zdrowej żywności, w tym organicznej. Zaopatrujemy sklepy stacjonarne i duże sieci handlowe. Nasze tradycyjnie wytwarzane produkty posiadają wysokie walory smakowe i jakościowe. Marki własne: IORGOS, PHIELOS, Specjały Św.Antoniego co roku docierają do coraz większej grupy klientów. Jesteśmy rzetelnym partnerem biznesowym, który dopasowuje swoją ofertę indywidualnie i elastycznie do klienta.",,WARSZAWA,"Ptak Warsaw Expo, Al. Katowicka 62, 05-830 Nadarzyn, Poland",,https://bioexpo.pl/katalog-wystawcow/
DOBRE Z LASU Sp. z o.o,dobrezlasu.pl,696 889 579,agnieszka.wierzbicka@dobrezlasu.pl,WACŁAWA SIERPIŃSKIEGO 1/B 02-122 WARSZAWA Poland,Poland,Hala C / D8,"Dobre z Lasu oferuje dziczyznę oraz przetwory mięsne pochodzące z polskich lasów, a także miody, grzyby, herbaty i zioła oraz inne płody runa leśnego. Firma działa w Warszawie, prowadzi sprzedaż detaliczną (sklep internetowy i/lub stacjonarny) oraz współpracuje z lokalnymi dostawcami leśnych produktów.",,WARSZAWA,"Ptak Warsaw Expo, Al. Katowicka 62, 05-830 Nadarzyn, Poland",,https://bioexpo.pl/katalog-wystawcow/
Domowe Sanatorium Zimnoch,kuvings.net.pl,,,BIAŁOSTOCKA 50 16-010 WASILKÓW Poland,Poland,Hala C / F15,"Kuvings to południowokoreańska marka specjalizująca się w urządzeniach kuchennych, która jest szczególnie ceniona za swoje wyciskarki wolnoobrotowe. Kuvings oferuje szereg modeli wyciskarek wolnoobrotowych, które są chwalone za wydajność, trwałość i jakość otrzymywanych soków.",,WASILKÓW,"Ptak Warsaw Expo, Al. Katowicka 62, 05-830 Nadarzyn, Poland",,https://bioexpo.pl/katalog-wystawcow/
DORADZTWO ROLNICZE EUGENIUSZ KOCZOROWSKI,zakonnysekret.pl,"601711743, 607183190",,ROGOZIŃSKA 58 64-840 BUDZYŃ Poland,Poland,Hala C / C15,"Firma Bio-Cannabis, we współpracy z Doradztwem Rolniczym Eugeniusz Koczorowski, stworzyła wysokiej jakości czarny czosnek. Połączenie innowacyjnych technologii przetwórstwa z ekspercką wiedzą agronomiczną zaowocowało produktem o wyjątkowym smaku, aromacie i właściwościach prozdrowotnych, wpisującym się w trend naturalnej, funkcjonalnej żywności. Doradztwo Rolnicze Eugeniusz Koczorowski-wspiera rolników w pozyskiwaniu dotacji – Przygotowuje dokumentację i pomaga przejść cały proces. Łączy kompetencje z wielu obszarów, zapewniając profesjonalne, wszechstronne wsparcie dla nowoczesnego rolnictwa. Bio-Cannabis Sp. z o.o.-Producent czarnego czosnku. Właściciele firmy od lat specjalizują się w produkcji rolniczej, dzięki czemu doskonale rozumieją zarówno wymagania roślin, jak i oczekiwania rynku. Ich kompetencje obejmują cały proces – od uprawy surowca, starannie kontrolowaną fermentację, aż po uzyskanie finalnego produktu o wyjątkowych walorach smakowych i prozdrowotnych.",,BUDZYŃ,"Ptak Warsaw Expo, Al. Katowicka 62, 05-830 Nadarzyn, Poland",,https://bioexpo.pl/katalog-wystawcow/
Empire Holdings Limited,,,,Shevchenka 235a 19700 Zolotonosha Cherkaska obl Poland,Poland,Hala C / D49,,,Zolotonosha Cherkaska obl,"Ptak Warsaw Expo, Al. Katowicka 62, 05-830 Nadarzyn, Poland",,https://bioexpo.pl/katalog-wystawcow/
Eximia Helia? Masseria Lo Schiavetto,masserialoschiavetto.it,Cristian Toth,cristian.toth@eximiahelia.com :info@masserialoschiavetto.it.,HauptstraBe 35 83413 Pietling Germany Poland,Poland,Hala C / F51,"🇵🇱 Polski Eximia Helia oferuje starannie wyselekcjonowane produkty premium z Grecji i Włoch, pozyskiwane bezpośrednio od małych producentów i rodzinnych gospodarstw. Z Grecji prezentujemy najwyższej jakości oliwę z oliwek extra virgin, naturalne soki i przetwory owocowe, greckie makarony bogate w witaminy i żelazo, oliwki oraz inne autentyczne specjały. Z Włoch przedstawiamy ekskluzywną selekcję produktów z Masseria Lo Schiavetto w Apulii: oliwę z oliwek extra virgin klasy premium, tradycyjne antipasti, rzemieślnicze makarony, konfitury oraz wyjątkowe wina czerwone i rosé. Nasza filozofia jest prosta: autentyczne pochodzenie, najwyższa jakość oraz produkty, za którymi stoją prawdziwi ludzie, rodziny i ich historie. 🇬🇧 English Eximia Helia offers a carefully selected range of premium products from Greece and Italy, sourced directly from small producers and family farms. From Greece, we present premium extra virgin olive oil, natural juices and fruit preserves, Greek pasta rich in vitamins and iron, olives, and other authentic specialties. From Italy, we present an exclusive selection from Masseria Lo Schiavetto in Puglia: premium extra virgin olive oil, traditional antipasti, artisanal pasta, fruit preserves, and exceptional red and rosé wines. Our philosophy is simple: authentic origin, outstanding quality, and products with real people, families, and stories behind them. Products: Masseria Lo Schiavetto – Niefiltrowana oliwa z oliwek extra virgin, RIZANA – Grecka ekologiczna oliwa z oliwek extra virgin, Masseria Lo Schiavetto – Włoski makaron rzemieślniczy BIO, Masseria Lo Schiavetto – Autentyczne wina z Apulii, Masseria Lo Schiavetto – Tradycyjne warzywa w oleju z Apulii",,Pietling Germany,"Ptak Warsaw Expo, Al. Katowicka 62, 05-830 Nadarzyn, Poland",,https://bioexpo.pl/katalog-wystawcow/
GREEN NANO SPÓŁKA Z OGRANICZONĄ ODPOWIEDZIALNOŚCIĄ,,,,CHEŁMOŃSKIEGO 67 96-321 ŻELECHÓW Poland,Poland,Hala C / B82a,,,ŻELECHÓW,"Ptak Warsaw Expo, Al. Katowicka 62, 05-830 Nadarzyn, Poland",,https://bioexpo.pl/katalog-wystawcow/
Harmonica,harmonica.bg,,,East Entrance Floor 3 00-0 Sofia Poland,Poland,Hala C / D11,"Harmonica to bułgarska marka założona w roku 2006, która produkuje i dystrybuuje w pełni certyfikowane produkty organiczne — z misją „real food”- „prawdziwej żywności” przygotowanej z troską o glebę, wodę i bioróżnorodność”. Oferta obejmuje m.in. wafle, przekąski, musli, dżemy, produkty bez dodatku cukru, napoje, a także produkty mleczne (w początkach) — linia stale się rozwija, a marka obecna jest w ponad 20 krajach. Firma posiada m.in. certyfikat B Corp oraz nagrody „Great Taste”, co świadczy o zaangażowaniu nie tylko w jakość produktu, ale także w zrównoważone praktyki.",,Sofia,"Ptak Warsaw Expo, Al. Katowicka 62, 05-830 Nadarzyn, Poland",,https://bioexpo.pl/katalog-wystawcow/
INSTYTUT OGRODNICTWA - PAŃSTWOWY INSTYTUT BADAWCZY,inhort.pl,,,KONSTYTUCJI 3 MAJA 1/3 96-100 SKIERNIEWICE Poland,Poland,Hala C / B56,"Instytut Ogrodnictwa – PIB w Skierniewicach to jednostka naukowa, która od ponad 70 lat wspiera rozwój polskiego ogrodnictwa, sadownictwa i warzywnictwa poprzez badania naukowe, hodowlę nowych odmian, przetwórstwo oraz transfer technologii. Instytut posiada m.in. nowoczesne centra badawczo-rozwojowe, akredytowane laboratoria, a także oferuje usługi wdrożeniowe, projektowanie technologii przetwórczych (np. soki NFC, smoothie, dżemy) na bazie surowców ogrodniczych oraz licencjonowanie nowych odmian roślin.",,SKIERNIEWICE,"Ptak Warsaw Expo, Al. Katowicka 62, 05-830 Nadarzyn, Poland",,https://bioexpo.pl/katalog-wystawcow/
KATARZYNA SICZEK Raypath International,kasiasiczek.raypath.info,504-944-335,kasiasiczek77@gmail.com,HRUBIESZOWSKA 20A 22-540 DOŁHOBYCZÓW Poland,Poland,Hala C / D48,,,DOŁHOBYCZÓW,"Ptak Warsaw Expo, Al. Katowicka 62, 05-830 Nadarzyn, Poland",,https://bioexpo.pl/katalog-wystawcow/
Kombucha by Laurent / Rocoto,kombuchabylaurent.pl,,,POWSIŃSKA 69/71 02-903 WARSZAWA Poland,Poland,Hala C / B13,"Firma Rocoto Spółka z ograniczoną odpowiedzialnością Spółka komandytowa zajmuje się produkcją oraz dystrybucją napojów, specjalizując się w wytwarzaniu kombuchy pod marką ""Kombucha by Laurent"".",,WARSZAWA,"Ptak Warsaw Expo, Al. Katowicka 62, 05-830 Nadarzyn, Poland",,https://bioexpo.pl/katalog-wystawcow/
"Kozyra Stanisław przedsiębiorstwo wielobranżowe ""eska""",eskaagro.pl,,,NOWA OSADA 50 23-302 NOWA OSADA Poland,Poland,Hala C / F86,"Nasza firma zajmuje się przetwórstwem wszelkich gatunków zbóż. Znaczną część naszych odbiorców stanowią zakłady mięsne, które używają naszej kaszy do swoich wyrobów, hurtownie (artykuły konfekcjonowane), jak też około 20% to eksport. Wytwarzamy 3 rodzaje kaszy gryczanej: kasza gryczana prażona, kasza gryczana prażona Extra (ciemna) i kasza gryczana nieprażona oraz mąka gryczana, a także produkty uboczne, takie jak: kasza łamana oraz łuska gryczana. Nasze wyroby oferujemy luzem, tzn. w workach po 25 kg, oraz już konfekcjonowane (0,4 kg, 0,5 kg, 1 kg lub 4 x 100 g). Innymi naszymi produktami są: kasze jęczmienne, grochy, ryż, fasole, kasza jaglana, kasza manna, mak, orzechy, pestki dyni, słonecznik.",,NOWA OSADA,"Ptak Warsaw Expo, Al. Katowicka 62, 05-830 Nadarzyn, Poland",,https://bioexpo.pl/katalog-wystawcow/
LIFEWELLNESS Sp. z o.o.,lifewellness.pl,,,SIEMIANOWICKA 99 41-902 BYTOM Poland,Poland,Hala C / B30,"Zadowolenie naszych Klientów jest dla nas sprawą najważniejszą, dlatego też dokładamy wszelkich starań, aby zamówienia były realizowane błyskawicznie, a oferowany towar był najwyższej jakości. Dzięki zaangażowaniu naszych pracowników, którzy chętnie udzielają porad, zakupy w naszym sklepie internetowym stają się czystą przyjemnością.",,BYTOM,"Ptak Warsaw Expo, Al. Katowicka 62, 05-830 Nadarzyn, Poland",,https://bioexpo.pl/katalog-wystawcow/
LYO2GO,lyo2go.pl,,,ŁOWICKA 3 95-047 JEŻÓW Poland,Poland,Hala C / E15,"LYO2GO to polska marka, która tworzy liofilizowane owoce i naturalne przekąski dla dzieci oraz dorosłych Stawiamy na prosty skład, wygodną formę i smak, który pochodzi wyłącznie z owoców i warzyw. Nasze produkty powstają z myślą o osobach, które szukają alternatywy dla klasycznych słodyczy i chcą wybierać przekąski bez dodatku cukru, bez konserwantów i bez zbędnych składników. Naturalne przekąski, które naprawdę mają prosty skład W LYO2GO wierzymy, że dobra przekąska nie potrzebuje długiej listy składników. Dlatego nasze liofilizowane owoce i warzywa zawierają dokładnie to, co powinny – naturalny surowiec, bez sztucznych barwników, konserwantów i aromatów. Smak naszych produktów wynika z jakości owoców i warzyw oraz z procesu liofilizacji, który pozwala zachować ich aromat, chrupkość i lekkość. Na obecnej stronie podkreślacie właśnie brak dodatku cukru, konserwantów i sztucznych składników oraz to, że smak pochodzi z owoców. Nasz autorski produkt: bezCukierki Szczególne miejsce w ofercie LYO2GO zajmują bezCukierki – nasz autorski produkt stworzony od podstaw. To liofilizowany mus z owoców i warzyw zamknięty w lekkiej, chrupiącej formie. Od pomysłu i receptury po proces produkcji rozwijamy ten produkt jako własną kategorię naturalnych przekąsek bez dodatku cukru. To ważny wyróżnik marki, bo na obecnej stronie bezCukierki opisane są jako Wasz flagowy i autorski produkt. Products: Berry Mix (truskawka, malina, borówka, banan) 20g, Green Mix (mango, jabłko, szpinak, pomarańcza) 20g, Vital Mix (banan, jabłko, cytryna, spirulina) 20g, Sunny Mix (marchew, jabłko, banan, cytryna) 20g, Fresh Mix (gruszka, jabłko, mięta, cytryna) 12g, Apple Pie Mix (jabłko, marchew, banan, cytryna, cynamon) 12g",https://www.linkedin.com/company/lyo2go,JEŻÓW,"Ptak Warsaw Expo, Al. Katowicka 62, 05-830 Nadarzyn, Poland",,https://bioexpo.pl/katalog-wystawcow/
Onkomed,onkomed.pl,,,PROMYKA 75A 05-830 URZUT Poland,Poland,Hala C / D52,Producent oliw ozonowanych OZONELLA ® .,,URZUT,"Ptak Warsaw Expo, Al. Katowicka 62, 05-830 Nadarzyn, Poland",,https://bioexpo.pl/katalog-wystawcow/
Para Food s.r.o,para-food.com,+420774409646,info@para-food.com,Revolupni 1083 10 110 00 PRAHA Poland,Poland,Hala C / F17,"Para Food connects the world with the rich biodiversity of the Amazon. We specialize in sourcing and exporting premium natural organic products: Royal Quinoa, Freeze Dries Acai, Brazil Nut Oil, Gluten Free Flours from Royal Quinoa and Brazil nut, Dragon's Blood Resin (Croton Lechleri), Tocosh Powder in bulk and retail. Our mission is to bring authentic, traceable, and high-quality ingredients from the Amazon to conscious consumers and responsible brands worldwide. By working directly with producers, we ensure fair trade practices, transparency, and the preservation of traditional knowledge and ecosystems. At Para Food, we believe that great taste and sustainability go hand in hand — every product tells a story of nature, people, and purpose. Para Food - Your partner in premium ingredients",https://www.linkedin.com/in/ondrejbrach?utm_source=share&utm_campaign=share_via&utm_content=profile&utm_medium=android_app,PRAHA,"Ptak Warsaw Expo, Al. Katowicka 62, 05-830 Nadarzyn, Poland",,https://bioexpo.pl/katalog-wystawcow/
POLBIOECO POLSKA SPÓŁKA Z OGRANICZONĄ ODPOWIEDZIALNOŚCIĄ,polbioeco.pl,,,DO DYSA 5 20-149 LUBLIN Poland,Poland,Hala C / B2,"POLBIOECO Polska Sp. z o.o. to polska firma zajmująca się produkcją, dystrybucją i sprzedażą żywności ekologicznej i naturalnej. Firma oferuje produkty oparte na surowcach z certyfikowanych upraw, które można kupić w internetowym sklepie ekologicznym, przeznaczonym zarówno dla klientów indywidualnych, jak i hurtowni. Misją firmy jest dostarczanie wysokiej jakości produktów ekologicznych, tworzonych z myślą o zdrowiu i ochronie środowiska.",,LUBLIN,"Ptak Warsaw Expo, Al. Katowicka 62, 05-830 Nadarzyn, Poland",,https://bioexpo.pl/katalog-wystawcow/
SUN VITA,wyciskarki-info.pl,,,PIASTOWSKA 7/II 44-122 GLIWICE Poland,Poland,Hala C / B59,"Firma SUN-VITA powstała z myślą o propagowaniu zdrowego trybu życia oraz promowaniu naturalnych metod leczenia, a także dla osób które chcą poprawić stan swojego zdrowia, a nie wiedzą jak i czym tego dokonać. W ofercie naszej firmy znajdują się również urządzenia do wyciskania soku, wspomagające leczenie chorób cywilizacyjnych oraz profilaktykę zdrowotną. Obecnie jesteśmy wyłącznym importerem na Polskę wyciskarek wolnoobrotowych marek WINSTAR, NORTON oraz DISCOVERY. Dla państwa komfortu i wygody, uruchomiliśmy stronę internetową, www.sokidlazdrowia.pl umożliwiającą Państwu stały dostęp do naszych produktów jak i możliwość dokładnego zapoznania się z nimi oraz korzystanie z naszych promocji. Zapraszamy również na międzynarodowe targi i kiermasze organizowane w całej Polsce, gdzie jest również możliwość nabycia niektórych z tych produktów.",,GLIWICE,"Ptak Warsaw Expo, Al. Katowicka 62, 05-830 Nadarzyn, Poland",,https://bioexpo.pl/katalog-wystawcow/
TempeHu,tempehu.cz,+420 606 244 873,info@tempehu.cz,Slepa 44 ZDIBY 250 66 BRNKY Poland,Poland,Hala C / C47,"TempeHu to marka innowacyjnej czeskiej firmy produkującej tempeh. Zobowiązujemy się do dostarczania zdrowej alternatywy dla mięsa z produktów bez soi i glutenu. Chcemy ponownie wprowadzić na talerz zarówno tradycyjne, jak i nietypowe rośliny strączkowe. Produkujemy tempeh w najbardziej ekologiczny sposób, jaki znamy. Zrezygnowaliśmy z plastikowych worków do fermentacji i zamiast tego używamy blachy wielokrotnego użytku z kratkami ze stali nierdzewnej. Wszystkie używane przez nas składniki są w jakości BIO i większość z nich pochodzi z kraju lub Europy.",,BRNKY,"Ptak Warsaw Expo, Al. Katowicka 62, 05-830 Nadarzyn, Poland",,https://bioexpo.pl/katalog-wystawcow/
WARSZAWSKI ROLNO-SPOŻYWCZY RYNEK HURTOWY,bronisze.com.pl,607651729,maciek.kmera@bronisze.com.pl,POZNAŃSKA 98 05-850 BRONISZE Poland,Poland,Hala C / B2,"Warszawski Rolno-Spożywczy Rynek Hurtowy S.A. jest największym rynkiem hurtowej sprzedaży owoców, warzyw, artykułów spożywczych i kwiatów w Polsce oraz jednym z największych centrów hurtowych w Europie. Spółka powstała w roku 1995. W roku 1999 ukończono prace budowlane i Rynek Hurtowy został otwarty.",,BRONISZE,"Ptak Warsaw Expo, Al. Katowicka 62, 05-830 Nadarzyn, Poland",,https://bioexpo.pl/katalog-wystawcow/
YU MATCHA,yumatcha.com,+48 787 499 531,alicja@yumatcha.com,KOLEJOWA 14 66-120 KARGOWA Poland,Poland,Hala C / E8,"Odkryj prawdziwą matchę z Uji w Japonii Yu Matcha dostarcza autentyczną japońską matchę firmom w Polsce, opierając się na bezpośrednich relacjach z wielopokoleniowymi producentami herbaty z Uji. Importujemy bez pośredników, a nasza matcha jest pakowana w Japonii, posiada certyfikaty ekologiczne zgodne ze standardami UE i JAS oraz jest przechowywana w warunkach chłodniczych, aby jak najlepiej zachować jej naturalny kolor, aromat i smak. Nasza oferta obejmuje Ceremonial, Premium i Codzienna Matcha w opakowaniach detalicznych oraz formatach profesjonalnych, przeznaczonych do różnych zastosowań — od tradycyjnego przygotowania i matcha latte po sprzedaż detaliczną i produkcję żywności. Produkty są również badane pod kątem bezpieczeństwa żywności, w tym pozostałości pestycydów, metali ciężkich i promieniowania. Współpracujemy z: kawiarniami, restauracjami, hotelami i cukierniami, które tworzą wyróżniające się menu z matchą; sklepami, sklepami ekologicznymi, hurtowniami i dystrybutorami poszukującymi sprawdzonej japońskiej matchy; producentami żywności i napojów, tworzącymi lody, czekoladę, ciastka, wypieki, słodycze i napoje. Yu Matcha powstała z ponad 17-letniego doświadczenia założycielki z matchą oraz z jasnej ambicji, aby prawdziwa japońska matcha stała się częścią nowoczesnego, codziennego życia. Products: Yu Matcha Ceremonialna, Yu Matcha Premium, Yu Matcha Codzienna, Yu Matcha Premium 1 kg – HoReCa, Yu Matcha Codzienna 1 kg – HoReCa",,KARGOWA,"Ptak Warsaw Expo, Al. Katowicka 62, 05-830 Nadarzyn, Poland",,https://bioexpo.pl/katalog-wystawcow/
ZAKŁAD MIĘSNY WASĄG SPÓŁKA JAWNA,wasag.pl,,,HEDWIŻYN 118 23-400 HEDWIŻYN Poland,Poland,Hala C / B2,"ZM Wasąg to firma rodzinna, zlokalizowana wśród pół i lasów Roztocza na Lubelszczyźnie. Od ponad 29 lat działamy w branży mięsnej i wędliniarskiej, a już prawie 19 lat od momentu, gdy otrzymaliśmy nasz pierwszy certyfikat ekologiczny, dzięki któremu staliśmy się pionierem w produkcji ekologicznej w Polsce.",,HEDWIŻYN,"Ptak Warsaw Expo, Al. Katowicka 62, 05-830 Nadarzyn, Poland",,https://bioexpo.pl/katalog-wystawcow/
Zielony Sad Pasquale &Majki,,+48 600 274 209,zielonysad.pm@gmail.com,PRZYBYŁÓW 6 62-600 PRZYBYŁÓW Poland,Poland,Hala C / F9,"Zielony sad Pasquale & Majki to ekologiczne gospodarstwo położone w sercu Wielkopolski. W zgodzie z rytmem natury dojrzewają tu czereśnie, śliwki, morele, zioła , warzywa. W ekologicznym sadzie pośród drzew spacerują wolne kury. Tworzymy naturalne przetwory według własnych receptur:soki, syropy,konfitury, suszymy owoce i zioła - wszystko z sercem, uważnością i certyfikatem EKO. Pasquale kontynuuje wielopokoleniową, włoską tradycję sadowniczą. Od 2005 roku pielęgnuje polską ziemię i dzieli się wiedzą o rolnictwie ekologicznym.",,PRZYBYŁÓW,"Ptak Warsaw Expo, Al. Katowicka 62, 05-830 Nadarzyn, Poland",,https://bioexpo.pl/katalog-wystawcow/
ZMIANY ZMIANY Sp. z o.o.,zmianyzmiany.pl,,,CZESKA WIEŚ 54 49-332 CZESKA WIEŚ Poland,Poland,Hala C / B2,"Jesteśmy prekursorem produkcji zdrowych batonów w Polsce. Od 2014 roku produkujemy we własnym zakładzie produkcyjnym zdrowe przekąski – energetyczne, wegańskie, wysokojakościowe batony bez dodanego cukru, bez konserwantów, aromatów, wzmacniaczy smaków czy spulchniaczy.",,CZESKA WIEŚ,"Ptak Warsaw Expo, Al. Katowicka 62, 05-830 Nadarzyn, Poland",,https://bioexpo.pl/katalog-wystawcow/
