name,desc,email,phone,domain,address,city,linkedin_url,stand,partner_tier,profile_url,postcode,country
10FORIT,"10FORIT helpt bedrijven en organisaties sinds 2007 om optimaal digitaal te communiceren. We zorgen ervoor dat klanten de juiste boodschap op het juiste moment in de juiste tone-of-voice ontvangen via de juiste communicatiekanalen. Dat doen we geautomatiseerd, met behulp van Artificial Intelligence, vanuit ons omnichannel communicatieplatform EEZYCOM via telefoon, voiceberichten, sms, E-mail, WhatsApp en print. Zo zorgen we onder meer dat debiteuren een betalingsherinnering krijgen, patiënten herinnerd worden aan een afspraak en relaties een uitnodiging of speciale aanbieding ontvangen. We verzorgen klantgerichte, geautomatiseerde communicatie voor uiteenlopende organisaties, waaronder woningcorporaties, telecomaanbieders, incassobedrijven en verzekeraars.",contact@10forit.com,088-0016604,10forit.com,"Schieland 9, 1948 RM, Beverwijk, Nederland",Beverwijk,,Stand 43,Gold Partner,https://www.creditexpo.nl/dienstverlener/10forit-b-v/,1948 RM,Nederland
4CEE,"4CEE helpt Finance professionals met ambitie om regie te nemen over hun transactionele en financiële processen. Of het nu gaat om order to cash, purchase to pay, e-transactions of financial planning & analysis, wij zorgen dat processen soepeler worden, compliance vanzelfsprekend is en financiële inzichten direct beschikbaar zijn. Onze oplossingen zijn gebouwd voor de Office of the CFO. Voor teams die niet willen volgen, maar leiden. Die grip willen houden op liquiditeit, risico’s en groei. En die technologie willen inzetten om vooruit te kijken in plaats van achterom. Met slimme technologie zoals automatische betalingsverwerking – matcht betalingen aan openstaande facturen – en e-facturatie, krijg je grip en controle op je processen.",,+31 318 648 746,4cee.com,"Oortlaan 2, 6716 WD, Ede, Nederland",Ede,,Stand 14,Gold Partner,https://www.creditexpo.nl/dienstverlener/4cee/,6716 WD,Nederland
Aangetekend,"Of het nu gaat om het verhogen van de attentiewaarde bij de debiteur of het opbouwen van een dossier! Met Aangetekend Mailen verstuurt u eenvoudig ‘Beveiligd en Rechtsgeldig’ uw berichten per email. Denk aan het volledig geautomatiseerd versturen van de eerste herinnering of bijvoorbeeld de WIK brief, maar ook voor een enkele aangetekende mail vanuit uw gebruikelijke mailprogramma. Daarnaast zijn onze oplossingen onmisbaar voor de Wki registratie. Op onze stand ontvangen wij u graag voor een vrijblijvend gesprek over de mogelijkheden en toegevoegde waarde van de dienst Aangetekend Mailen.",info@aangetekendmailen.nl,030-2006838,aangetekendmailen.nl,"Computerweg 22, 3542 DR, Utrecht, Nederland",Utrecht,,Stand 42,Silver Partner,https://www.creditexpo.nl/dienstverlener/aangetekend-mailen/,3542 DR,Nederland
Aryza,"Aryza is een leverancier van end-to-end automatiseringssoftware voor de volledige credit en debt management cyclus. Geautomatiseerde processen voor klant- en kredietacceptatie, debiteurenbeheer en achterstandenbeheer voor kredietverstrekkers, bedrijven, incassokantoren en gerechtsdeurwaarders. Met het schaalbare platform van Aryza kunnen zelfs grote transactievolumes op elk moment efficiënt worden verwerkt. De basis hiervoor is, naast een gedegen expertise, een sterke database, altijd met het doel een positieve impact te hebben op het financiële welzijn van uw klanten. Voor meer informatie kunt u terecht op www.aryza.com",,,aryza.com,"Newtonbaan 1, 3439 NK, Nieuwegein, Nederland",Nieuwegein,,Stand 29,Gold Partner,https://www.creditexpo.nl/dienstverlener/aryza/,3439 NK,Nederland
Atradius,"Al meer dan 100 jaar helpt Atradius bedrijven wereldwijd veilig te groeien. Als specialist in kredietverzekering en credit management ondersteunen we organisaties bij het beperken van betalingsrisico’s en het beschermen van de cashflow.

Met een kredietverzekering bescherm je jouw bedrijf tegen financiële schade wanneer klanten facturen niet betalen. Zo kun je met meer zekerheid ondernemen, groeien en zakendoen, nationaal en internationaal. Daarnaast bieden we waardevolle inzichten in bedrijven, markten en sectoren, zodat je beter onderbouwde zakelijke beslissingen kunt nemen.

Van kleine en middelgrote ondernemingen tot internationale organisaties: Atradius ondersteunt bedrijven met slimme oplossingen en wereldwijde expertise.

Verzekerd van betaling.

Ontdek wat Atradius voor jouw organisatie kan betekenen: Atradius Nederland | Managing Risk, Enabling Trade",customerservice.nl@atradius.com,020 5533355,atradius.nl,"David Ricardostraat 1, 1066 JS, Amsterdam, Nederland",Amsterdam,,Stand 4,Platinum Partner,https://www.creditexpo.nl/dienstverlener/atradius/,1066 JS,Nederland
Billogram,"Since our inception in 2011, Billogram has evolved from a simple idea to streamline invoicing for small businesses into a leading Invoice-to-Cash platform in Europe. By combining modern technology with a deep understanding of both businesses and customers, we now help large enterprises optimize their payment flows, enhance customer experience, and scale efficiently across the European market.

Our conviction – It always pays off to treat people well

Our vision – Building relationships with every transaction.

Our mission – Leading the transformation of the billing landscape, where our Invoice-to-Cash orchestration platform helps businesses create long-term, valuable relationships with their customers.",support@billogram.com,,billogram.com,"Sveavägen 50, 111 34, Stockholm, Zweden",Stockholm,,Stand 9,Gold Partner,https://www.creditexpo.nl/dienstverlener/billogram/,111 34,Zweden
Billtrust,"Billtrust is a leading provider of cloud-based software and integrated payment processing solutions that simplify and automate B2B commerce. Accounts receivable is broken and relies on conventional processes that are outdated, inefficient, manual and largely paper based. Billtrust is at the forefront of the digital transformation of AR, providing mission-critical solutions that span credit decisioning and monitoring, online ordering, invoice delivery, payments and remittance capture, invoicing, cash application and collections.",bt-eu@billtrust.com,,billtrust.com,"Duivendrechtsekade 80B, 1096 AH, Amsterdam, Nederland",Amsterdam,,Stand 44,Gold Partner,https://www.creditexpo.nl/dienstverlener/billtrust/,1096 AH,Nederland
Bos Incasso,"Bos Incasso Heeft uw klant nog niet betaald en u zoekt een betrouwbaar incassobureau? Dan bent u bij ons aan het juiste adres. Of u nu werkzaam bent in het mkb of bij een grootzakelijke organisatie, u kunt rekenen op een zorgeloze dienstverlening bij het incasseren van uw openstaande facturen. Dit doen we al sinds 1994. Inmiddels zijn we uitgegroeid tot een landelijk actief incassobureau. Dankzij onze aanpak weten we in de meeste gevallen tot een passende betaaloplossing te komen.

Onze benadering Is iemand gewoonweg vergeten de factuur te betalen of betaalt iemand niet omdat er geen geld is? In onze benadering houden we rekening met deze verschillen. Bij de ene debiteurklant is het sturen van een digitaal betaalverzoek voldoende, bij de andere debiteurklant helpen we door een passende betaalregeling te treffen. Het is voor ons niet meer dan logisch dat het oplossen van schulden om persoonlijke dienstverlening gaat. We streven naar een betaaloplossing die aansluit bij de (financiële) omstandigheden van uw debiteurklant.

Of je dat nu maatschappelijk verantwoord, sociaal of ethisch incasseren noemt: deze persoons- en oplossingsgerichte benadering is bij ons al jaren de norm.

Wat doen we nog meer? Naast het innen van openstaande facturen adviseren we bij het optimaliseren van uw debiteurenbeheer, verzorgen we trainingen en geven juridisch advies. Ook kunt u bij ons terecht voor het (tijdelijk) uitbesteden van uw debiteurenbeheer, belacties of het uitvoeren van huisbezoeken.",sales@bosincasso.nl,050 - 368 60 76,bosincasso.nl,"Van Elmptstraat 16-8, 9723 ZL, Groningen, Nederland",Groningen,,Stand 10,Platinum Partner,https://www.creditexpo.nl/dienstverlener/bos-incasso/,9723 ZL,Nederland
Bosveld Incasso & Gerechtsdeurwaarders – Creditmanagement,"Bosveld Incasso & Gerechtsdeurwaarders | Creditmanagement

Bij Bosveld spelen we om te winnen – samen met onze klanten. Wij geloven dat incasso en debiteurenbeheer slimmer, menselijker en efficiënter kunnen. Met een op maat gemaakte aanpak, innovatieve tools, data en sterke partnerships helpen we bedrijven hun facturen sneller betaald te krijgen, op een maatschappelijk verantwoorde wijze, zonder de relatie met de klant te schaden.

Daarin trekken wij samen met onze klanten als partners op met een integrale aanpak voor het gehele proces van factuur tot betaling, ondersteund door data en IT-processen. Wij zorgen voor de perfecte balans tussen preventie en opbrengst: een zo hoog mogelijk incassoresultaat voor u en de laagst mogelijke kosten voor uw klant, gekoppeld aan een structurele oplossing voor het betaalprobleem en voorkomen daarvan in de toekomst.

Onze aanpak is gebaseerd op drie pijlers:

✅ Partnership – Gelijkwaardige samenwerking en kennisdeling.

✅ Expertise – Menselijke incasso, ondersteund door data en technologie.

✅ Plezier & Prestatie – Een gedreven team dat resultaten behaalt.

Wij zetten niet alleen onze klanten, maar ook onze 160 medewerkers op #1.

Want als Bosvelders winnen, wint de klant ook.

De certificering als Great Place to Work – als enige in de branche – is daarvan ons trotse bewijs. Onze werkwijze is transparant, duurzaam en altijd gericht op de beste oplossing.

Meer weten? 033-4700 000 of [email protected]",sales@bosveld.nl,033 4700 000,bosveld.nl,"Databankweg 26-30, 3821 AL, Amersfoort, Nederland",Amersfoort,,Stand 8,Platinum Partner,https://www.creditexpo.nl/dienstverlener/bosveld-incasso-gerechtsdeurwaarders-creditmanagement/,3821 AL,Nederland
coeo Incasso,"coeo is een technologiegedreven incassospecialist die de kracht van automatisering combineert met menselijke empathie. Onze services zijn gericht op het oplossen van betalingsachterstanden via een digital-first aanpak, die tegelijkertijd transparant, respectvol en compliant is. Deze combinatie stelt ons in staat om klantrelaties te beschermen, cashflow te verbeteren en retentie te verhogen.

Vanuit onze missie “The Human Touch in Technology” bieden wij een incassoproces dat even slim als sociaal is. Dankzij modulaire AI-modules, API-systeemintegraties en ervaren professionals realiseren we duurzame betalingsoplossingen, zonder dat de relatie tussen opdrachtgever en klant onder druk komt te staan.

Als onderdeel van de coeo Group (actief in 8 Europese landen) zorgen we voor het hoogst mogelijke succespercentage én de beste klantervaring in de branche.

Ontdek hoe coeo’s combinatie van geavanceerde technologie en menselijke expertise uw creditmanagement naar een hoger niveau kan tillen. Neem contact met ons op of bezoek onze stand tijdens de Credit Expo op 6 november in ‘s Hertogenbosch. Onze experts staan voor u klaar.",info@coeo-incasso.nl,010 - 414 54 44,coeo-incasso.nl,"Wilhelminakade 153, 3072 AP, Rotterdam, Nederland",Rotterdam,,Stand 22,Brons Partner,https://www.creditexpo.nl/dienstverlener/coeo-incasso-b-v/,3072 AP,Nederland
Coface,"De Coface Groep, opgericht in 1946, is aanwezig in 100 landen met 4.100 specialisten en daarmee een wereldleider in kredietverzekeringen. De belangrijkste missie van Coface is het verzekeren van bedrijven tegen onbetaalde facturen. Coface Nederland maakt deel uit van het snelst groeiende internationale kredietverzekeringsnetwerk. De brede internationale aanwezigheid, expertise en ervaring maken de bescherming die Coface Groep kan bieden tegen commerciële risico’s uniek.

Coface draagt bij aan het soepele functioneren en de lange termijnontwikkeling van alle mogelijke soorten bedrijven, ongeacht hun omvang of de sector waarin ze actief zijn. Zo bevordert Coface het klimaat van vertrouwen tussen de economische deelnemers in de landen waar deze bedrijven en hun klanten zijn gevestigd. Voor het bedrijfsleven kan cashflow vaak het verschil maken tussen succes hebben en falen. Daarom zijn wij met name alert op het risico van te late en niet-betaling van facturen.

Coface is dé partner als het gaat om resultaat- en klantgerichte oplossingen op het gebied van creditmanagement.",info-netherlands@coface.com,076 - 573 71 71,coface.nl,"Stationsstraat 20, 4800 DJ, Breda, Nederland",Breda,,Stand 11,Platinum Partner,https://www.creditexpo.nl/dienstverlener/coface/,4800 DJ,Nederland
Credit Management Jobs,"Bij Credit Management Jobs garanderen we dat alle creditmanagement professionals en organisaties binnen ons uitgebreide netwerk snel de juiste match vinden, zonder onnodig lange processen. We hebben altijd creditmanagement professionals beschikbaar voor bemiddeling en directe inzet. Ons team is diep geworteld in de sector en beschikt over een scherp inzicht in de huidige trends en ontwikkelingen. We begrijpen de behoeften van organisaties en weten precies waar en wanneer een creditmanagement professional beschikbaar komt en nodig is. Dankzij deze expertise kunnen we effectief inspelen op de vraag van de markt en zorgen voor een naadloze aansluiting tussen de creditmanagement professionals en organisaties met de focus op kwaliteit en efficiëntie, om snel een verschil te maken waar dit het meest nodig is.",info@cmjobs.nl,+31(0)30-2006950,creditmanagementjobs.nl,"Ramstraat 27, 3581 HD, Utrecht, Nederland",Utrecht,,Stand 33,Platinum Partner,https://www.creditexpo.nl/dienstverlener/credit-management-jobs/,3581 HD,Nederland
Credit-IQ by Atradius,"Credit-IQ maakt debiteurenbeheer gemakkelijk. Automatiseer handmatig werk en zorg voor een gezonde cashflow.

Voordelen van Credit-IQ:

Unieke kenmerken:

Kies voor Credit-IQ en ervaar hoe eenvoudig effectief debiteurenbeheer kan zijn.",s.vanderaa@atradius.com,,credit-iq.com,"David Ricardostraat 1, 1019 BW, Amsterdam, Nederland",Amsterdam,,Stand 45,Silver Partner,https://www.creditexpo.nl/dienstverlener/credit-iq-by-atradius/,1019 BW,Nederland
CreditDevice,"CreditDevice is al 20 jaar een toonaangevende speler in de creditmanagement branche. Als IT bedrijf ontwikkelt CreditDevice zijn eigen creditmanagement gerelateerde softwareproducten. De oplossingen stelt bedrijven in staat om onderbouwde zakelijke beslissingen te nemen, kansen te identificeren en risico’s te verkleinen. De geavanceerde creditmanagement software, voldoet aan de snel ontwikkelde marktbehoeften van hedendaagse ondernemingen en helpt klanten de communicatie over achterstallige facturen te vereenvoudigen.",info@creditdevice.nl,+31(0)71 364 0060,creditdevice.com,"Rudolf Tappenbeckweg 4, 2202 CD, Noordwijk, Nederland",Noordwijk,,Stand 2,Gold Partner,https://www.creditexpo.nl/dienstverlener/creditdevice/,2202 CD,Nederland
DBI Professionals,"DBI Professionals Bij ons geen lange praatjes of wollige beloftes. Ambitie, Lef, Kwaliteit en Snelheid – dát is ons DNA.

Wij zijn DBI Professionals: een detacheringsbureau in finance & creditmanagement dat dingen nét anders doet. We leiden jonge talenten op in ons traineeship, zetten ervaren professionals in bij topbedrijven en zorgen dat opdrachtgevers nooit misgrijpen.

Hoe? Door écht te luisteren, snel te schakelen en altijd te leveren wat we beloven. Geen woorden maar daden. Daarom kiezen professionals en opdrachtgevers voor ons.

DBI Professionals. Wij brengen finance & creditmanagement in beweging.",info@dbiprofs.nl,079-8909513,dbiprofs.nl,"Jacob Leendert van Rijweg 74, 2713 JA, Zoetermeer, Nederland",Zoetermeer,,Stand 15,Platinum Partner,https://www.creditexpo.nl/dienstverlener/dbi-professionals/,2713 JA,Nederland
DKV Legal,"Het fundament van DKV Legal is gevormd door meer dan 70 jaar kennis en expertise op het gebied van incasso en deurwaarderij. Onder de DKV-paraplu bieden wij:

Wij zijn geen bulkuitvoerder en wij zijn ook niet van ‘u vraagt, wij draaien’. Wij komen altijd proactief met eerlijke, daadkrachtige en concrete oplossingen en advies passend bij jouw organisatie en jouw relaties. Stevig waar nodig, warm waar kan.

Daarbij zijn wij altijd bezig met ontwikkeling en vernieuwing en steeds aansluitend bij de vragen die in de maatschappij en de branche spelen. We starten met een goed gesprek om helder te krijgen wat voor jouw organisatie echt belangrijk is en om jouw klant goed te kunnen helpen.

Samen ontwikkelen we een duurzame aanpak, gebruikmakend van vernieuwende digitale oplossingen en nieuwe bewezen aanpakken. DKV staat voor kwaliteit, karakter, maatwerk en kennis. Wij ontzorgen jouw organisatie en lossen schulden op!

www.dkvnieuwegein.nl",dkv@dkvnieuwegein.nl,030-6080470,dkvnieuwegein.nl,"Ratelaar 40, 3434 EW, Nieuwegein, Nederland",Nieuwegein,,Stand 39,Silver Partner,https://www.creditexpo.nl/dienstverlener/dkv_legal/,3434 EW,Nederland
FIQAS Software,"FIQAS ondersteunt sinds 1989 organisaties in hun order to cash-proces. Van transacties verwerken en tariferen tot het daadwerkelijk factureren en incasseren van facturen, ongeacht type organisatie of sector.

Wij zijn gespecialiseerd in het uitvoeren van complexe en omvangrijke processen. Maandelijks verwerkt ons Abillity®-platform meer dan een miljard transacties, worden er miljoenen facturen gemaakt en gedistribueerd, wordt er voor honderden miljoenen aan betalingen geïncasseerd en verwerkt en tienduizenden herinneringen verstuurd.

Het is niet voor niets dat diverse aansprekende bedrijven van over de hele wereld kiezen voor de kennis en kunde van FIQAS en haar Abillity®-platform.

Over FIQAS

Met zo’n 55 enthousiaste professionals werken we vanuit ons uniek ingerichte kantoor in Aalsmeer, nabij Amsterdam. Meer dan de helft van onze collega’s werkt al meer dan 10 jaar bij ons bedrijf, een groeiende groep zelfs meer dan 20 jaar. Daarmee beschikken we over enorm veel – in house – deskundigheid en ervaring, die we met trots inzetten om dagelijks van toegevoegde waarde te zijn voor de prachtige bedrijven die vertrouwen op onze dienstverlening.",sales@fiqas.nl,0297 38 23 23,fiqas.nl,"Hornweg 5, 1432 GD, Aalsmeer, Nederland",Aalsmeer,,Stand 16,Silver Partner,https://www.creditexpo.nl/dienstverlener/fiqas-software-b-v/,1432 GD,Nederland
Flanderijn,"Flanderijn Helpt Klanten Betalen . Daarvoor bieden wij innovatieve en effectieve betaalstrategieën op het gebied van facturatie, debiteurenbeheer, minnelijke incasso, gerechtelijke incasso en schuldbewakingsprocessen die leiden tot duurzame betaaloplossingen. Daarbij staat bij Flanderijn samenwerking in de keten (van schuldeiser tot hulpverlening) centraal.",rotterdam@flanderijn.nl,088-2092444,flanderijn.nl,"'s-Gravendijkwal 134, 3015 CC, Rotterdam, Nederland",Rotterdam,,Stand 12,Gold Partner,https://www.creditexpo.nl/dienstverlener/flanderijn-gerechtsdeurwaarders-incasso/,3015 CC,Nederland
GGN,"GGN is ontstaan uit een groot aantal zelfstandige deurwaarderskantoren en heeft zich de afgelopen jaren volledig toegelegd op sociaal maatschappelijk incasseren. In Nederland kan 74% van de mensen met schulden, deze schuld niet betalen. Een onwenselijke situatie waarin GGN het verschil kan maken. Niet voor niets zeggen wij dat aandacht loont. Een filosofie waarbij niet meer de schuld, maar de persoon áchter de schuld centraal staat om problematische schulden te voorkomen. Sociale incasso levert namelijk meer op. Het zorgt dat klanten niet verder in de problemen komen, het zorgt voor een snellere betaling en uiteindelijk zorgt het voor tevreden klanten en opdrachtgevers. GGN is daarin de koploper waarbij we met behulp van aandacht, data en de menselijke maat, de klantrelatie weer echt centraal laten zijn.",info@ggn.nl,088 - 331 6678,ggn.nl,"Willemsplein 489, 3016 DR, Rotterdam, Nederland",Rotterdam,,Stand 1,Gold Partner,https://www.creditexpo.nl/dienstverlener/ggn/,3016 DR,Nederland
Hooikammer Groep – FIDRON,"Een full service loket voor al uw bergings, onderzoek & recovery en fleetservice behoeften in de mobiliteitsbranche

Onze Pijlers",info@hooikammergroep.nl,088 - 24 24 724,hooikammergroep.nl,"Oude Rijksweg 201, 7951 EE, Staphorst, Nederland",Staphorst,,Stand 3,Gold Partner,https://www.creditexpo.nl/dienstverlener/hooikammer-groep-fidron/,7951 EE,Nederland
Intrum,"Intrum is toonaangevend in Europa op het gebied van Credit Management Services (CMS). Met een uitgebreid pakket aan diensten, inclusief debiteurenbeheer en incasso services , om meetbaar de cashflow en lange termijn winstgevendheid van klanten te verbeteren. Intrum Justitia is opgericht in 1923 en genoteerd aan de Nasdaq Stockholm sinds 2002.

Op 27 juni 2017 zijn Intrum Justitia en Lindorff gecombineerd om zo de toonaangevende leverancier op het gebied van credit management services te vormen. Samen zij wij actief binnen 24 landen door heel Europa, met een team van ongeveer 8.000 medewerkers die zich dagelijks inzetten voor een gezonde economie en het op duurzame wijze verbeteren van de financiële situatie van uw klanten.

Intrum is aangesloten bij de Nederlandse Vereniging van Incasso Ondernemingen (NVI) en beschikt over het Incasso Keurmerk van de NVI, dat periodiek wordt getoetst door het (onafhankelijke) Keurmerk Instituut. Voor meer informatie kunt u terecht op www.intrum.nl .",sales.nl@intrum.com,+31 (0)88 222 5233,intrum.nl,"Teleportboulevard 136-142, 1043 EJ, Amsterdam, Nederland",Amsterdam,,Stand 5,Gold Partner,https://www.creditexpo.nl/dienstverlener/intrum-nederland-bv/,1043 EJ,Nederland
Justified,It’s all about solving the legal blackbox and increasing your cash-in. Eindelijk dé oplossing voor je financieel team om het incasso en gerechtelijk invorderingsproces van openstaande facturen op de voet te volgen en te beheren. No more blackbox! +530.000 onbetaalde facturen liepen reeds door het transparant en inzichtelijk invorderingsproces van Justified.,sales@justified.be,+32 9 324 03 97,justified.be,"Zwijnaardsesteenweg 169 bus 0103, 9000, Gent, België",Gent,,Stand 37,Brons Partner,https://www.creditexpo.nl/dienstverlener/justified/,9000,België
Landelijke Associatie Van Gerechtsdeurwaarders,"Wij zijn een landelijk actieve incasso- en gerechtsdeurwaardersorganisatie met haar oorsprong in het Noorden van het land. Een open cultuur, korte lijnen en een ontwikkelgerichte werkomgeving kenmerken onze organisatie. Wij begrijpen dat ook de klant van onze klant koning is. Ontzorgend incasseren met behoud van uw klant. Dat is onze belofte.

Financiële zekerheid Iedere opdrachtgever, elk bedrijf en elke organisatie heeft zijn eigen wensen en behoeften. Samen met u bekijken we het debiteurenbeleid en de gestelde doelen van uw organisatie. Op basis hiervan stellen wij onze dienstverlening op een duurzame en verantwoorde wijze samen. LAVG biedt u financiële zekerheid en continuïteit: wij garanderen u een gezonde financiële huishouding en een hoog rendement op uw incassozaken.",info@lavg.nl,088-528400,lavg.nl,"Van Elmptstraat 16-1, 9723 ZL, GRONINGEN, Nederland",GRONINGEN,,Stand 10,Gold Partner,https://www.creditexpo.nl/dienstverlener/landelijke-associatie-van-gerechtsdeurwaarders/,9723 ZL,Nederland
LegalMike,"LegalMike is dé juridische AI-assistent voor incasso-organisaties, gerechtsdeurwaarders en juridische teams.

Incassodossiers raken vaak meerdere juridische onderwerpen tegelijk: vorderingen, verjaring, consumentenrecht, contracten, beslag en executie. LegalMike helpt incassospecialisten sneller relevante wetgeving, rechtspraak en juridische bronnen te vinden, zodat dossiers zorgvuldig en controleerbaar onderbouwd blijven. Met directe toegang tot alle Nederlandse wetgeving, actuele rechtspraak en Europese bronnen bereid je correspondentie efficiënter voor en onderbouw je juridische vragen beter, altijd met herleidbare bronvermeldingen.

Klanten als Flanderijn zetten LegalMike in om efficiënter te werken en het juridisch denkproces te verbeteren, zonder de eigen expertise uit het oog te verliezen.

Meer weten? Bezoek ons op Creditexpo of ga naar legalmike.ai/incasso",info@legalmike.ai,085 006 4686,legalmike.ai,"Heresingel 19, 9711 ER, Groningen, Nederland",Groningen,,Stand 19,Silver Partner,https://www.creditexpo.nl/dienstverlener/legalmike/,9711 ER,Nederland
LikiFree,"LikiFree, onderdeel van LikiFin Gerechtsdeurwaarders, laat zien dat incasseren ook anders kan. Met LikiFree blijven incasso- en deurwaarderskosten achterwege voor de debiteur, terwijl opdrachtgevers sneller en meer incasseren. Zo voorkomen we dat een betalingsachterstand onnodig uitgroeit tot een problematische schuld, zonder concessies te doen aan resultaat of juridische slagkracht.

Door sociaal incasseren te combineren met de expertise van een gerechtsdeurwaardersorganisatie realiseren we een aanpak die financieel én maatschappelijk werkt. Organisaties ontvangen hun geld sneller, debiteuren houden perspectief en de kans op duurzame betaling neemt toe.

Benieuwd hoe een incassomodel zonder kosten voor de debiteur juist méér rendement kan opleveren? Bezoek de stand van LikiFree en ontdek hoe hoofdsom gewoon hoofdsom kan blijven.",info@likifin.nl,088 282 22 22,likifin.nl,"Schiedamsedijk 37, 3011 ED, Rotterdam, Nederland",Rotterdam,,Stand 40,Silver Partner,https://www.creditexpo.nl/dienstverlener/likifin/,3011 ED,Nederland
Nymus,"Als onafhankelijk dienstverlener neemt Nymus een unieke positie in op de markt. Door gebruik te maken van eigen technologie zijn we niet gebonden aan andere systemen of serviceproviders. In combinatie met een compact team, een geoliede structuur en een financieel plaatje dat klopt, kunnen we onze klanten altijd de best mogelijke oplossing aanbieden.

Nymus begint pas waar andere billing service providers er de brui aan geven. Ons werk is pas af wanneer jouw businessdoelen zijn bereikt. Of dat nu gaat om je cashflow te optimaliseren, je processen efficiënter te maken of je digitale klantervaring te verbeteren. Echt tevreden zijn we pas wanneer je ons niet meer ziet als een leverancier, maar als een betrouwbare partner.",info@nymus.be,,nymus.be,"Xavier De Cocklaan 68, 9831 DEURLE, Deurle, België",Deurle,,Stand 45,Silver Partner,https://www.creditexpo.nl/dienstverlener/nymus/,9831 DEURLE,België
Onguard,"De missie van Onguard is om bedrijven financieel gezond te maken. Wij helpen je betaald te krijgen, en sneller betaald te krijgen, want een betere cashflow leidt tot een verbeterde winstgevendheid. Onze credit management oplossingen combineren interne en externe gegevens om een grondig inzicht te krijgen in het betalingsgedrag van debiteuren. Zo kun je financiële risico’s identificeren, beoordelen en beheersen en slimmer en zorgvuldiger communiceren over onbetaalde facturen. Wat leidt tot snellere betalingen, minder afschrijvingen en lager klantverloop. Onguard is een bedrijf met meer dan 30 jaar ervaring in het faciliteren van geoptimaliseerd werkkapitaal door middel van slim credit management. Bottom line, wij bieden waardevolle tijd met jouw klanten door het afhandelen van de dagelijkse activiteiten.",info@onguard.com,+31 (0) 88 256 66 66,onguard.com,"Paasheuvelweg 9A, 1105 BE, Amsterdam, Nederland",Amsterdam,,Stand 26,Silver Partner,https://www.creditexpo.nl/dienstverlener/onguard-nederland/,1105 BE,Nederland
PAIR Finance,"PAIR Finance is een toonaangevende FinTech in Duitsland op het gebied van digitaal debiteurenbeheer. Het bedrijf transformeert de incasso-industrie door debiteurenbeheer duurzaam, digitaal, efficiënt en klantgericht te maken. Dankzij kunstmatige intelligentie, gedragsanalyse en data science zet PAIR Finance een nieuwe standaard in incassobeleid, waarbij zowel zakelijke klanten als consumenten worden ondersteund.

Meer dan 550 bedrijven uit verschillende sectoren werken al succesvol met de incasso-oplossing voor het digitale tijdperk. Het snelgroeiende bedrijf werd in 2016 opgericht in Berlijn en heeft een gerenommeerde private equity investeerder, Pollen Street, als partner. Met ongeveer 250 ervaren medewerkers in Berlijn, Amsterdam en Wenen wordt PAIR Finance geleid door oprichter en CEO Stephan Stricker.",zoe.vanysseldijk@pairfinance.com,,pairfinance.com,"Vijzelstraat 68, 1017 HL, Amsterdam, Nederland",Amsterdam,,Stand 28,Platinum Partner,https://www.creditexpo.nl/dienstverlener/pair-finance/,1017 HL,Nederland
Ping Media,,info@pingmedia.nl,033 4621 390,pingmedia.nl,"Zuidsingel 22, 3811 HB, Amersfoort, Nederland",Amersfoort,,Stand 35,Silver Partner,https://www.creditexpo.nl/dienstverlener/ping-media/,3811 HB,Nederland
POM,"POM helpt organisaties in uiteenlopende sectoren om beter, sneller, klantvriendelijker en socialer te incasseren, tegen lagere kosten. Met onze oplossingen bieden we organisaties én hun klanten gemoedsrust. Daarom staat POM voor ‘Peace of Mind’. Hoe we die peace of mind voor elkaar krijgen? Door ons geavanceerde technische platform te combineren met een mensgerichte benadering.

Onze oplossingen

De missie van POM is om klanten een prettige en moeiteloze betaalervaring te bieden: gebruik je POM, dan betaal je met een glimlach. Daarnaast verlichten we het werk van facturatie- en creditmanagementteams door maximaal te automatiseren – van de factuur tot de laatste aanmaning. Maak kennis met POM Invoice, POM Payment en POM Collect!

POM Invoice

Met POM Invoice wordt het facturatieproces een fluitje van een cent. Of het nu op papier of digitaal gaat, POM Invoice automatiseert en vereenvoudigt het factureringsproces. Organisaties kunnen onze moderne factuurtemplates combineren met hun eigen huisstijl en de factuur versturen via het favoriete kanaal van hun klant. Zo ervaren klanten een moeiteloze betaalervaring én krijgen organisaties sneller betaald.

POM Payment

Een simpele klik op de betaallink of een scan van QR-code. Zo start elk betaalproces via POM Payment. Een paar klikken later is de betaling al afgerond. Makkelijk, snel efficiënt en klantvriendelijk. Met directe betalingen naar de bankrekening van de organisatie en een supersnelle verwerking.

POM Collect

Het best mogelijke debiteurenbeheerproces met hulp van automatisering en kunstmatige intelligentie, dat is POM Collect. Automatische opvolging van openstaande facturen, slimme herinneringen en een gepersonaliseerde benadering stimuleert goed betaalgedrag en versterkt de relatie met klanten. POM Collect helpt ervoor te zorgen dat facturen op tijd worden betaald én geeft inzicht in klanten en hun betaalgedrag.

“Met POM Invoice, POM Payment en POM Collect omvatten we het gehele order-to-cashproces en helpen we organisaties beter, sneller, socialer én tegen lagere kosten te incasseren.” Kees Neven , CEO POM",info@pom.eu,+31(0)85 - 273 7494,pom.eu,"Van Coulsterweg 2, 2952 CB, Alblasserdam, Nederland",Alblasserdam,https://www.linkedin.com/in/kees-neven-ceo-mailtopay/,Stand 20,Platinum Partner,https://www.creditexpo.nl/dienstverlener/pom-peace-of-mind/,2952 CB,Nederland
Postex,"Postex is een Europese technologiepartner voor klantcommunicatie, betalingsverkeer en creditmanagement. We helpen organisaties berichten, documenten en betaalverzoeken veilig en gepersonaliseerd te versturen. Ons Europees cloudplatform integreert naadloos met bestaande systemen zoals ERP, DMS en CRM.

AI ondersteunt gepersonaliseerde inhoud, optimale timing en kanaalkeuze voor maximale impact. Postex versterkt creditmanagement met slimme betaalstrategieën en realtime betaalinzichten. We combineren datagedreven communicatie met een persoonlijke, klantvriendelijke benadering.

Postex voldoet aan Europese standaarden voor privacy, veiligheid en compliance (zoals GDPR). Overheden, verzekeraars en zorginstellingen vertrouwen ons voor hun kritieke communicatieflows.

Onze oplossingen zijn snel inzetbaar, schaalbaar en vergen minimale IT-inspanning. Met Postex krijgt elke interactie niet alleen bereik, maar ook resultaat.",info@postex.com,+31 88 07 07 400,postex.com,"Burg. Jamessingel 41, 2803 WV, Gouda, Nederland",Gouda,,Stand 41,Silver Partner,https://www.creditexpo.nl/dienstverlener/postex/,2803 WV,Nederland
Quadient,"Voor bedrijven – klein of groot, lokaal of wereldwijd – is elke interactie met hun klanten van cruciaal belang. Een zakelijke transactie betekent tegenwoordig meer dan dat alleen. Het is een mogelijkheid om een betekenisvolle verbinding aan te gaan. Een moment om een positieve impact te hebben op iemands leven. Het is een mogelijkheid om een klant in een echte merkambassadeur te veranderen en een kans om een klant voor het leven te winnen.

Quadient is de drijvende kracht achter ’s werelds meest betekenisvolle klantervaringen. Wij helpen organisaties een uitzonderlijke ervaring te bieden door ons te richten op drie belangrijke oplossingen:

Speciaal voor kleine en middelgrote bedrijven is Quadient Impress ontwikkeld. Quadient Impress is een complete SaaS-oplossing voor multichannel communicatie die uw volledige workflow voor uitgaande documenten automatiseert, zodat u overal vandaan documenten kunt verwerken, verzenden en beheren. Het geeft u de flexibiliteit om transactiedocumenten zoals facturen, kennisgevingen en brieven te verzenden via verschillende kanalen: print (zelf geprint of uitbesteed), digitaal (bijv. email of portal) of volledig elektronisch (EDI, bijv. PEPPOL). Daarnaast biedt Quadient software aan op het gebied van Account Receivable en Account Payable.",Informatie.nl@quadient.com,036-5496 300,quadient.com,"Transistorstraat 7, 1322 CJ, Almere, Nederland",Almere,,Stand 17,Silver Partner,https://www.creditexpo.nl/dienstverlener/quadient/,1322 CJ,Nederland
Riverty,"Een wereld waarin het bedrijfsleven tegemoet komt aan de behoeften van de mensheid. Waar financiële technologie het verschil maakt. Waar iedereen controle heeft over zijn eigen financiële verhaal. Bij Riverty bouwen we daar samen aan. Met een team van meer dan 5.000 experts in 13 landen vinden we slimmere, eenvoudiger, naadloos verbonden manieren om uw geld te beheren. Van flexibele betalingen tot accounting en schuldinning, onze integrale modulaire oplossingen stellen iedereen in staat om het beste financiële leven te leiden. Het is tijd voor een nieuw tijdperk van economische vrijheid.",,+31(0) 85 04 71 960,riverty.com,"K.R. Poststraat 90-5, 8441 ER, Heerenveen, Nederland",Heerenveen,,Stand 6,Platinum Partner,https://www.creditexpo.nl/dienstverlener/riverty/,8441 ER,Nederland
Schuldenknooppunt,"Het Schuldenknooppunt

Sociale incasso begint met samenwerken. Het Schuldenknooppunt maakt die samenwerking veilig, eenvoudig en digitaal.

Het Schuldenknooppunt is dé landelijke digitale infrastructuur voor veilige en gestandaardiseerde communicatie tussen schuldhulpverleners, schuldeisers, bewindvoerders en incasso- en deurwaardersorganisaties. Via één veilig kanaal wisselen aangesloten partijen gestandaardiseerde berichten uit. Het Schuldenknooppunt faciliteert uitsluitend dit berichtenverkeer, zonder berichten in te zien of op te slaan.

Als landelijke standaard in schuldhulpcommunicatie verbindt het Schuldenknooppunt organisaties binnen het schuldendomein met een uniforme werkwijze en duidelijke afspraken. Zo wordt samenwerken eenvoudiger, nemen administratieve lasten af en kunnen partijen sneller en efficiënter handelen.

Het Schuldenknooppunt is geen commerciële speler en geen los initiatief. Het is een publiek-private samenwerking, ontstaan vanuit de keten zelf. De voorziening is ontwikkeld door en voor partijen die dagelijks betrokken zijn bij schuldhulpverlening, incasso en schuldregelen te maken hebben.

In opdracht van het ministerie van Sociale Zaken en Werkgelegenheid (SZW) is de dienstverlening van het Schuldenknooppunt sinds 1 januari 2026 ondergebracht bij Bureau InformatieDiensten Nederland (BIDN). Vanuit die positie borgen we de continuïteit, betrouwbaarheid en doorontwikkeling van de landelijke voorziening, terwijl het Schuldenknooppunt zijn eigen rol en herkenbaarheid binnen de keten behoudt.",info@schuldenknooppunt.nl,085-0805801,schuldenknooppunt.nl,"Sint Jacobsstraat 400-420, 3511 BT, Utrecht, Nederland",Utrecht,,Stand 38,Brons Partner,https://www.creditexpo.nl/dienstverlener/schuldenknooppunt/,3511 BT,Nederland
Serrala,"Serrala is a global financial automation and B2B payments software company creating more secure payment capabilities worldwide for enterprises of all sizes. We are a leading fintech pushing the boundaries of finance software by integrating finance and treasury into one central ecosystem for corporate payments.

Offering truly differentiated on-premise, cloud and SaaS solutions, Serrala enables the Digital Office of the CFO where all financial processes and payments are automated, and optimized. Our customers save costs, minimize risks and gain real-time insights into their world of payments. We are the only provider offering a seamlessly integrated solution portfolio to manage all inbound and outbound payments, treasury processes as well as related data and documents in any IT landscape.

Today, Serrala is a fast-growing company with offices in North America, Europe, Asia and the Middle East and over 700 employees. Serrala drives innovation for more than 2,800 customers including more than 100 of the S&P500 companies.

Finance Engineered. For success.",contact@serrala.com,+49 (0)40 51 48 08 0,serrala.com,"Südportal 7, 22848, Hamburg, Germany",Hamburg,,Stand 23,Silver Partner,https://www.creditexpo.nl/dienstverlener/serrala-emea-b-v/,22848,Germany
Syncasso,"Syncasso gelooft in een intelligente incassoaanpak die past bij de uitdagingen van vandaag en morgen. Hoe wij dit doen, heeft alles te maken met ons diepgaand inzicht in het gedrag van mensen met betalingsachterstanden. Met onze geavanceerde algoritmes waarmee we het betaalgedrag en -capaciteit met de hoogste betrouwbaarheid voorspellen en het toepassen van data-analyse ontwikkelen we effectieve incassostrategieën. Hierbij staan oplossingen die passen bij de persoonlijke situatie van de debiteurklant en gemak voorop. Deze oplossingen combineren we met communicatiemethodes gebaseerd op wetenschappelijk onderzoek. Hiermee beïnvloeden we het betaalgedrag van debiteurklanten positief. We cash. We care.",communicatie@syncasso.nl,088 – 51 51 550,syncasso.nl,"Postbus 6002, 1005 AE, Amsterdam, Nederland",Amsterdam,,Stand 7,Gold Partner,https://www.creditexpo.nl/dienstverlener/syncasso/,1005 AE,Nederland
Tacstone Technology,"Tacstone Technology is de implementatiespecialist in intelligent automation (RPA, AI en Low-Code) in de credit managent sector. Met een groeiend klantenbestand van circa 100 organisaties en meer dan 20 jaar ervaring, helpen wij bedrijven met het optimaliseren en automatiseren van creditmanagementprocessen. Met onze jaren als externe adviseur, mede-bestuurder en mede-eigenaar van creditmanagement organisaties, hebben wij diepgewortelde kennis over creditmanagement en incasso.

Wij zijn implementatie partner van Mendix, Microsoft en -als enige boetiek firma in Nederland- Diamond Partner van UiPath. Daarnaast werken we nauw samen met de meest bekende creditmanagement applicatie bij het inzetten van AI.

Wij maken van uw organisatie het bedrijf van de toekomst!",info@tacstone.nl,+ 31 (0) 20 22 797 00,technology.tacstone.nl,"Kraanspoor 30, 1033SE, Amsterdam, Nederland",Amsterdam,,Stand 34,Silver Partner,https://www.creditexpo.nl/dienstverlener/tacstone-technology/,1033SE,Nederland
The SpanBroker,"Stop met brandjes blussen! Start met sturen op positieve cashflow!

The SpanBroker is een expertisebureau op het gebied van Credit management. Onze Core Business is Detachering en Interim-Management.

Onze ervaren professionals ondersteunen organisaties op het gebied van Credit Management Of er nu behoefte is aan tijdelijke slagkracht, vervanging, specialistische kennis of meer regie in het creditmanagementproces: The SpanBroker heeft de professionals die niet alleen uitvoeren, maar zeker ook structuur, overzicht en resultaat brengen.

Wij kijken standaard verder dan capaciteit alleen. Veel organisaties hebben hun omzet goed op orde, maar verliezen onnodig tijd, geld en liquiditeit doordat facturen te laat worden betaald, processen wellicht niet goed op elkaar aansluiten of risico’s pas laat zichtbaar worden. Daarom kijken wij organisatiebreed naar het volledige proces, namelijk van prospect to cash.

Wij gebruiken Credit Management als strategische business tool, want alles wat er mogelijk mis kan gaan binnen een organisatie zie je terug op de afdeling Credit Management. We betrekken dan ook iedere afdeling binnen een organisatie die invloed heeft op het betaalgedrag van klanten, met als doel: één gezamenlijke focus op betaalde omzet, voorspelbare cashflow en grip op openstaande facturen. Dit noemen wij Strategisch Credit Management.

Wat in de praktijk niet altijd wordt gezien en het doel is van Strategisch Credit Management: • Structureel op tijd betaalde facturen • Voorspelbare cashflow • Meer winst met dezelfde omzet • Een lager openstaand debiteurensaldo

Ons uiteindelijk doel is dat dezelfde knelpunten niet meert terugkomen door deze structureel op lossen! Samen met de klant.

Of het nu gaat om tijdelijke operationele versterking, interim-management, coaching of het verbeteren van processen: The SpanBroker brengt rust, regie en resultaat.",meri@thespanbroker.nl,,thespanbroker.nl,"Sierra Nevada 22, 1567 KN, Assendelft, Nederland",Assendelft,,Stand 21,Brons Partner,https://www.creditexpo.nl/dienstverlener/the-spanbroker/,1567 KN,Nederland
TRUST IT,"TRUST IT

TRUST IT is meer dan een softwareoplossing voor debiteurenbeheer. Het is het resultaat van ruim 35 jaar praktijkervaring, ontwikkeld door TKB – experts die zelf dagelijks met de software werken. Dat maakt TRUST IT uniek: intuïtieve, krachtige software die écht aansluit op de behoeften van financiële professionals. Geen overbodige functies, wél grip op processen, efficiëntie én gebruiksgemak.",info@trustit.eu,+31 (0)20 620 0666,trustit.eu,"Thomas R. Malthusstraat 1-3, 1066 JR, Amsterdam, Nederland",Amsterdam,,Stand 24,Silver Partner,https://www.creditexpo.nl/dienstverlener/trust-it/,1066 JR,Nederland
Twikey,"De afgelopen jaren hebben we een opvallende verschuiving waargenomen in de manier waarop bedrijven hun producten en diensten aanbieden en klanten betalen. De groei van abonnementsdiensten, servicecontracten en loyaliteitsprogramma’s,… die bedrijven gebruiken om klantenbinding te vergroten en een stabiele inkomstenstroom te genereren, valt niet meer te negeren. Steeds meer bedrijven bieden terugkerende betalingsmodellen aan, waarbij klanten regelmatig betalen in plaats van één keer een groot bedrag over te maken. Dit heeft geleid tot een toename van terugkerende betaalmethoden zoals domiciliëring/automatische incasso en recurring credit card. Dit is waar Twikey, als fintechbedrijf, een cruciale rol speelt. Samen met Europese banken werken we al 10 jaar aan het vlot, veilig en volledig geautomatiseerd verwerken van terugkerende betalingen, niet alleen voor grote bedrijven, maar ook voor kleinere ondernemingen die bijvoorbeeld een abonnementsdienst willen aanbieden.",info@twikey.nl,+31(0)85-2085630,twikey.nl,"Bargelaan 200, 2333 CW, Leiden, Nederland",Leiden,,Stand 36,Silver Partner,https://www.creditexpo.nl/dienstverlener/twikey/,2333 CW,Nederland
Ultimoo,"Credit managers worstelen vaak met lang openstaande facturen, wat de cashflow belemmert en relaties met klanten onder druk zet. Ultimoo Incasso begrijpt dat een effectieve incasso-aanpak cruciaal is voor financiële stabiliteit zonder de klantrelatie te schaden. Ultimoo biedt een klantgerichte, innovatieve incassobenadering die zorgt voor efficiënte en duurzame oplossingen voor betalingsachterstanden. Met maatwerkoplossingen wordt elke situatie effectief aangepakt. Met onze effectieve incassotrajecten, die een combinatie zijn van slimme technieken en persoonlijke aandacht voor de debiteur, zorgen wij ervoor dat vorderingen snel worden geïncasseerd.",info@ultimoo.nl,0348-493611,ultimoo.nl,"Pompmolenlaan 10, 3447 GK, Woerden, Nederland",Woerden,,Stand 32,Gold Partner,https://www.creditexpo.nl/dienstverlener/ultimoo/,3447 GK,Nederland
Van Lith Gerechtsdeurwaarders & Incasso,"Van Lith Gerechtsdeurwaarders en Incasso biedt als zeer ervaren en professioneel bureau, al ruim 50 jaar, ondersteuning bij het volledige incassotraject, zowel het minnelijke als het gerechtelijke traject.

Van Lith gerechtsdeurwaarders- en incasso biedt sinds 1974 de hoogste kwaliteit bij het incasseren van vorderingen. Door een professionele aanpak en ruime ervaring is Van Lith in staat sneller en effectiever uw openstaande vorderingen te incasseren. Daarnaast onderscheidt Van Lith zich door de persoonlijke aandacht voor opdrachtgevers. Van Lith hecht veel waarde aan het nakomen van afspraken en het beschermen van uw klantrelatie. Elke opdrachtgever is uniek, of deze nu één of duizend vorderingen heeft. Het meedenken met onze opdrachtgevers leidt tot een prettige samenwerking en hoge scoringspercentages. Wij bieden net dat beetje extra service.",mail@vanlithincasso.nl,040-2438733,vanlithincasso.nl,"Beemdstraat 31, 5653 MA, Eindhoven, Nederland",Eindhoven,,Stand 25,Silver Partner,https://www.creditexpo.nl/dienstverlener/van-lith-gerechtsdeurwaarders-incasso/,5653 MA,Nederland
