exhibitor_name,domain,contact_number,mail,location,country,booth_no,name,desc,email,phone,address,city,linkedin_url,profile_url,source_year,category,source_url
360 Business Law,360businesslaw.com,+443337720926,,"London, England, United Kingdom",United Kingdom,Stand: G2640,360 Business Law,"360 Business Law is a global, tech-enabled law firm that practises solely in business law. Built on a straightforward principle - that high-quality legal advice should be accessible, predictable and genuinely international - it brings together more than 700 qualified lawyers operating in over 90 countries, combining deep local knowledge with consistent global standards. As a dedicated business law specialist, the firm focuses exclusively on the needs of commercial clients. Its people are seasoned practitioners rather than trainees, averaging between 12 and 15 years of post-qualification experience, so clients deal directly with senior specialists who understand both the letter of the law and the commercial realities behind it. What further distinguishes the firm is its approach to cost, underpinned by technology that streamlines how legal services are delivered. Clients can choose a low-cost-country flat hourly rate, giving them transparent and predictable fees wherever their work takes them, or they can opt for a highly cost-effective subscription legal service. 360 Business Law is the only law firm able to offer a genuinely global subscription service across every jurisdiction in which it operates, allowing businesses to budget for their legal needs with confidence and to scale support up or down as circumstances change. 360 Business Law is a subsidiary of 360 Law Group Limited and a sister company of 360 Law Services, a law firm of England and Wales regulated by the Solicitors Regulation Authority. Being part of this group gives clients the best of both worlds: the reach and flexibility of a truly international practice, alongside the assurance of belonging to a regulated, professionally governed legal group. Whether you are a growing business entering new markets or an established multinational managing risk across dozens of countries, 360 Business Law offers a single, trusted partner for commercial legal support wherever in the world you operate.",,+443337720926,,London,https://www.linkedin.com/company/360businesslaw/,https://www.goinggloballive.co.uk/exhibitors/360-business-law,2026,,https://www.goinggloballive.co.uk/exhibitors
Acumum Legal & Advisory,acumum.com,,,"London, England, United Kingdom",United Kingdom,Stand: G2532,Acumum Legal & Advisory,"The Republic of Malta – Corporate, Legal & Fiduciary Independent | Trusted | Expert Acumum Legal & Advisory is an award-winning boutique advisory firm based in Malta, established in 2012, under the leadership of Managing Partner Geraldine Noel, an English barrister registered in Malta. As a multidisciplinary practice, Acumum’s team of lawyers & tax accountants provide a comprehensive range of corporate, legal, tax, fiduciary, accounting, & immigration services to a diverse portfolio of corporate & private clients. We are dedicated to delivering practical, client-centric & cost-effective solutions across the following key areas: Aviation Malta Permanent Residency Programme Malta Retirement Programme Global Residency Programme Malta Digital Nomad Company Formation & Management – 5% effective corporate tax rate Financial Services Licensing iGaming Intellectual Property & IP & IT Maritime & Yachting Trusts, Foundations & Family Trust Companies – 0% taxation Tax Structuring for Companies & Individuals The Republic of Malta – A Tax-Efficient European Member State",,,,London,https://www.linkedin.com/company/acumum-legal-group/,https://www.goinggloballive.co.uk/exhibitors/acumum-legal-advisory,2026,,https://www.goinggloballive.co.uk/exhibitors
BCL Globiz Accounting and Consulting,bcl.ae,+971559429740,info@bcl.ae,"London, England, United Kingdom",United Kingdom,Stand: G2451,BCL Globiz Accounting and Consulting,"BCL Globiz Accounting & Consulting L.L.C. , part of the BCL Group, is registered with the Department of Economic Development (DED) under License No. 1072657. We provide comprehensive business solutions under one roof, with core expertise in: Company Formation & Setup Services Accounting & Bookkeeping VAT Compliance Corporate Tax Compliance Transfer Pricing & Benchmarking Analysis Will Creation In addition, we have strong expertise in International Taxation, Statutory and Internal Audits, and advisory services relating to Mergers & Acquisitions. At BCL Globiz, we serve companies across diverse industries including SaaS, Information Technology & Software Development, Crypto Businesses, AI & ML, Trading, Intermediaries, E-commerce & Marketplaces, Food & Hospitality, and Healthcare. Our team comprises Chartered Accountants, Company Secretaries, and industry experts, supported by a strong network of 350+ professionals. We proudly serve 1000+ companies across 30+ countries including the UAE, UK, Saudi Arabia, Kuwait, Singapore, Malaysia, USA, France, Italy, Switzerland, Suriname, Germany, and Hong Kong. Our mission is to deliver quality end-to-end solutions while empowering our clients through continuous knowledge sharing and strategic guidance.",info@bcl.ae,+971559429740,,London,https://www.linkedin.com/company/bcl-globiz/,https://www.goinggloballive.co.uk/exhibitors/bcl-globiz-accounting-consulting-llc,2026,,https://www.goinggloballive.co.uk/exhibitors
British Jamaican Chamber of Commerce,britjacc.com,,info@britjacc.com,"London, England, United Kingdom",United Kingdom,Stand: G2350,British Jamaican Chamber of Commerce,"Building a Stronger Commercial Bridge Between Britain and Jamaica The relationship between Britain and Jamaica is longstanding. The opportunity now is to turn that relationship into greater trade, investment, innovation and business growth. The British Jamaican Chamber of Commerce ( BJCC ) is an independent, member-led organisation established to strengthen commercial connections between the United Kingdom and Jamaica, creating a trusted platform where businesses, investors, entrepreneurs and institutions can identify opportunities and build meaningful partnerships across both markets. Jamaica represents far more than a traditional tourism economy. It is an evolving Caribbean market with opportunities across renewable energy and clean technology, infrastructure and construction, AI and digital transformation, cybersecurity, agriculture and food production, manufacturing, logistics, financial and professional services, healthcare, education, tourism, hospitality and the creative economy. For British companies, this creates opportunities to bring capital, expertise, technology and innovation into Jamaica, not simply through exporting, but through joint ventures, investment, local partnerships, technology transfer and the establishment of new operations. Equally, the Chamber supports Jamaican businesses seeking to access the UK market, develop international partnerships, attract investment and expand their products and services. BJCC sits at the intersection of these opportunities. Through strategic introductions, trade missions, investment forums, market intelligence, business networking, advocacy and institutional partnerships, we help businesses understand the market, identify credible opportunities and connect with the people who can help move those opportunities forward. Our vision is to help develop a stronger UK–Jamaica commercial corridor, one that encourages businesses to look beyond what already exists and explore what can be built together. From a British technology company partnering with Jamaican talent, to renewable-energy investment, infrastructure development, food manufacturing, professional services or a UK business establishing its Caribbean operations in Jamaica, the possibilities are significant. BJCC exists to help turn those possibilities into partnerships, investment and sustainable business. Two nations. One commercial bridge. A growing world of opportunity.",info@britjacc.com,,,London,,https://www.goinggloballive.co.uk/exhibitors/british-jamaican-chamber-commerce,2026,,https://www.goinggloballive.co.uk/exhibitors
Business Diplomat,workingfromhomelive.co.uk,,,"London, England, United Kingdom",United Kingdom,Stand: G2512,Business Diplomat,.,,,,London,,https://www.goinggloballive.co.uk/exhibitors/business-diplomat,2026,,https://www.goinggloballive.co.uk/exhibitors
Business International Trading Alliance (BITA),bita.ie,07587035740,,"London, England, United Kingdom",United Kingdom,Stand: G2491,Business International Trading Alliance (BITA),"BITA brings together ambitious organisations across the UK, Ireland and beyond through curated events, warm introductions and a trusted member community, so you can win more work and expand into new markets with confidence. The Business International Trading Alliance is an exciting non-profit networking organisation with a vibrant community of businesses that are invested in each other’s success.",,07587035740,,London,,https://www.goinggloballive.co.uk/exhibitors/business-international-trading-alliance-bita,2026,,https://www.goinggloballive.co.uk/exhibitors
Business Setup Consultants,businessetup.com,+97144301245,info@businessetup.com,"London, England, United Kingdom",United Kingdom,Stand: G2570,Business Setup Consultants,"Business Setup Consultants (BSC)—Founded in 2014 and based in JLT, Dubai, BSC specializes in company formation across UAE mainland, free zones (IFZA, RAKEZ, DMCC, DIFC, ADGM), and offshore structures. Our end-to-end services include trade licensing, bank account opening, residency visas (including Golden Visa support), PRO services, VAT registration, accounting, bookkeeping, trademark registration, and ongoing corporate support. We guide entrepreneurs through regulations to help them start quickly and compliantly. Backed by a 4.9/5 rating from 178+ Google reviews, clients value our efficiency, clear communication, and long-term support. With no hidden fees, BSC is a trusted partner for founders launching in Dubai",info@businessetup.com,+97144301245,,London,https://www.linkedin.com/company/business-setup-consultants/?viewAsMember=true,https://www.goinggloballive.co.uk/exhibitors/business-setup-consultants,2026,,https://www.goinggloballive.co.uk/exhibitors
Canada-UK Chamber of Commerce,canada-uk.org,,,"London, England, United Kingdom",United Kingdom,Stand: G2192,Canada-UK Chamber of Commerce,"Founded in 1921, the Canada-UK Chamber of Commerce has been building commercial relationships between Canada and the UK for over 100 years. Today, our members include representatives from companies of all sizes across both markets. We help our members build connections and create new business opportunities through introductions, networking, events and sector-focused discussions. At its core, the Chamber’s objective has remained the same since its foundation: to bring the Canadian and UK business communities closer together.",,,,London,https://www.linkedin.com/company/canada-uk-chamber-of-commerce/,https://www.goinggloballive.co.uk/exhibitors/canada-uk-chamber-commerce,2026,,https://www.goinggloballive.co.uk/exhibitors
Cayman Enterprise City,caymanenterprisecity.com,0013459453722,info@caymanenterprisecity.com,"London, England, United Kingdom",United Kingdom,Stand: G2416,Cayman Enterprise City,". Cayman Enterprise City provides globally focused, knowledge- and technology-driven businesses with a fast, cost-effective route to establishing a genuine physical presence in the Cayman Islands. Through streamlined business licensing, flexible office solutions, Global Mobility support and access to a connected community of more than 485 Special Economic Zone companies, CEC helps international businesses set up, relocate and grow with confidence. CEC supports businesses across a diverse range of industries, including FinTech, artificial intelligence, software development, digital assets, life sciences, media, maritime, aviation and commodities. With a transparent legislative framework, a tax-neutral platform and dedicated ongoing business support, CEC provides the infrastructure, certainty and connections global companies need to build and scale from the Cayman Islands.",info@caymanenterprisecity.com,0013459453722,,London,https://www.linkedin.com/company/cayman-enterprise-city,https://www.goinggloballive.co.uk/exhibitors/cayman-enterprise-city-1,2026,,https://www.goinggloballive.co.uk/exhibitors
Censia Global,censiaglobal.com,,info@censiaglobal.com,"London, England, United Kingdom",United Kingdom,Stand: G2671,Censia Global,"Censia Global is a boutique corporate services, audit and advisory firm supporting entrepreneurs, investors and corporate groups in their international expansion strategy. Operating across Cyprus and the United Kingdom, we provide integrated solutions covering company formation, corporate structuring, fiduciary services, accounting, audit, tax planning and regulatory compliance. Our approach is partner-led and execution-focused, ensuring that every structure we design is commercially viable, tax-efficient and fully aligned with regulatory requirements. We specialise in cross-border setups, helping businesses establish operational substance, secure banking relationships and implement scalable governance frameworks. Whether launching into new markets, restructuring for growth, or building an investor-ready platform, we deliver structured solutions designed for long-term sustainability. Licensed and regulated in Cyprus, we combine institutional compliance standards with boutique agility, offering clients clarity, responsiveness and strategic precision throughout their expansion journey.",info@censiaglobal.com,,,London,https://www.linkedin.com/company/censia-global,https://www.goinggloballive.co.uk/exhibitors/censia-global,2026,,https://www.goinggloballive.co.uk/exhibitors
Clemta,clemta.com,,,"London, England, United Kingdom",United Kingdom,Stand: G2502,Clemta,"Clemta is a leading all in one platform designed to simplify the complexities of global business expansion. We specialize in helping entrepreneurs and businesses from around the world establish and manage their corporate presence in the United States without the traditional bureaucratic hurdles. Our comprehensive suite of services includes: Seamless incorporation in Delaware, Wyoming, and other major states. Expert guidance on IRS filings, state filings, and ongoing tax compliance. Registered Agent services, banking solutions, and bookkeeping tailored for international founders. At Clemta, we believe that borders should not limit your business potential. By combining cutting edge technology with expert legal and financial insights, we provide a streamlined, digital first experience that allows you to focus on what matters most: growing your business. Visit us at our booth to learn how we can help you bridge the gap to the US market and scale your operations globally.",,,,London,https://www.linkedin.com/company/clemta-support/posts/?feedView=all,https://www.goinggloballive.co.uk/exhibitors/clemta,2026,,https://www.goinggloballive.co.uk/exhibitors
Cosec Corporate Services,cosecdubai.com,+97148378360,enquiries@cosecdubai.com,"London, England, United Kingdom",United Kingdom,Stand: G2711,Cosec Corporate Services,"Market entry and company formation services for businesses, investors and private clients looking to establish themselves in the UAE and Saudi Arabia. We provide end-to-end support, from initial consultation and structuring advice through to incorporation, post-setup administration and ongoing compliance. Independence is a key part of our approach. We operate as advisors, not sales-led setup agents. That means we don’t push clients towards specific free zones, banks or partners based on referral arrangements. Our recommendations are driven by your requirements, commercial objectives and long-term operating needs. Alongside our core formation services, we also support clients with accounting and tax coordination, visa and immigration services, corporate banking assistance and fully managed operational support where required. We alos provide a white labelled service, working closely with professional introducers including law firms, accountants, wealth advisers and consultancies requiring a trusted regional partner on the ground.",enquiries@cosecdubai.com,+97148378360,,London,https://www.linkedin.com/company/cosecdubai/,https://www.goinggloballive.co.uk/exhibitors/cosec-llc-fz,2026,,https://www.goinggloballive.co.uk/exhibitors
Delamain Ogilby,delamain-ogilby.com,,,"London, England, United Kingdom",United Kingdom,Stand: G2370,Delamain Ogilby,"An independent, manager-owned Lloyd's broker established in London 2011. We place financial lines, liability and specialist risks into the London market for independently owned intermediary firms worldwide as well as a select number of direct insurance buyers with international or more complex requirements. Our work frequently involves cross-border operations, multi-jurisdiction exposure, overseas contractual obligations and group structures requiring coordinated and compliant insurance arrangements. Clients value our market knowledge, technical experience and straightforward approach particularly in areas where standard SME insurance solutions are often insufficient.",,,,London,https://www.linkedin.com/in/corvin-roman-7b766328,https://www.goinggloballive.co.uk/exhibitors/delamain-ogilby,2026,,https://www.goinggloballive.co.uk/exhibitors
DHL Fulfillment Network,dhl.com,,,"London, England, United Kingdom",United Kingdom,Stand: G2540,DHL Fulfillment Network,"DHL Fulfillment Network is a global e-commerce fulfillment and logistics provider that helps businesses scale efficiently through a comprehensive network of fulfillment centres, advanced technology platforms and integrated supply chain solutions. DHL manages the entire order fulfilment process, from inventory storage and order processing through to picking, packing, delivery and returns management. With local and international fulfilment capabilities, DHL enables businesses to position inventory closer to customers, reducing delivery times and improving service levels across multiple markets. The network integrates seamlessly with leading e-commerce platforms, ERP systems and carrier partners, providing real-time visibility, tracking and performance data through intuitive digital dashboards. DHL's fulfilment offering is designed to support businesses of all sizes, delivering scalable logistics solutions, flexible capacity during peak periods and access to a broad network of last-mile delivery partners. Sustainability is also a key focus, with ongoing investment in greener logistics operations, carbon reduction initiatives and responsible supply chain practices.",,,,London,https://www.linkedin.com/company/dhl-supply-chain/posts/?feedView=all,https://www.goinggloballive.co.uk/exhibitors/dhl-fulfillment-network,2026,,https://www.goinggloballive.co.uk/exhibitors
DNA EOR,dna-eor.com,+27%2012%20001%207090,sales@dna-eor.com,"London, England, United Kingdom",United Kingdom,Stand: G2641,DNA EOR,"London businesses are under pressure. Hiring costs are climbing, payroll is heavier, and every new headcount decision feels riskier than it used to. DNA EOR helps UK companies build high-performing teams in South Africa at up to 40% lower employment cost. Without cutting corners or needing to setting up a local entity. And no compliance headaches. We legally employ top-tier South African talent on your behalf. Software developers, finance teams, customer support, sales, operations. Fully compliant contracts, payroll, tax, benefits, and ongoing people support handled locally by real humans who know the system inside out. South Africa offers deep, experienced talent, strong English fluency, and time zone alignment with the UK. What usually trips companies up is the South African employment law, payroll rules, and misclassification risk. That’s where we come in. DNA EOR is built for businesses that want to scale teams faster, reduce labour costs meaningfully, and stay on the right side of UK and South African regulations. You focus on growth - we make sure your people are paid properly, legally, and on time.",sales@dna-eor.com,+27%2012%20001%207090,,London,https://www.linkedin.com/company/dna-hr-payroll-visionaries/,https://www.goinggloballive.co.uk/exhibitors/dna-eor,2026,,https://www.goinggloballive.co.uk/exhibitors
DPD UK Limited,workingfromhomelive.co.uk,,,"London, England, United Kingdom",United Kingdom,Stand: G2554,DPD UK Limited,.,,,,London,,https://www.goinggloballive.co.uk/exhibitors/dpd-uk-limited,2026,,https://www.goinggloballive.co.uk/exhibitors
Dubai South Business Hub Free Zone,dubaisouthbh.com,80037482,setup@dubaisouthbh.com,"London, England, United Kingdom",United Kingdom,Stand: G2620,Dubai South Business Hub Free Zone,"Dubai South Business Hub Free Zone is a next-generation business setup destination designed to help entrepreneurs, startups, SMEs, and international companies establish and grow in the UAE. Located within Dubai South, the hub offers a fully digital company formation experience, flexible licensing solutions, premium business addresses, and access to a growing ecosystem of banking, logistics, technology, legal, and business support partners. Beyond company formation, Dubai South Business Hub empowers businesses through networking events, educational masterclasses, strategic partnerships, and growth programmes, enabling founders to scale confidently across the UAE, GCC, and global markets. Positioned at the heart of one of the world’s fastest-growing economic zones and connected by air, sea, and land, Dubai South Business Hub provides businesses with the infrastructure, community, and opportunities they need to build, expand, and succeed.",setup@dubaisouthbh.com,80037482,,London,https://www.linkedin.com/company/dubai-south-business-hub/,https://www.goinggloballive.co.uk/exhibitors/dubai-south-business-hub-free-zone,2026,,https://www.goinggloballive.co.uk/exhibitors
e-Residency of Estonia,e-resident.gov.ee,,,"London, England, United Kingdom",United Kingdom,Stand: G2226,e-Residency of Estonia,"In today’s digital world, location is no longer a barrier to business growth. Discover how Estonia’s e-Residency programme enables entrepreneurs to start and run an EU-based company entirely online, no matter where they live. In this workshop, Ülane, an entrepreneur-turned-ecosystem leader, shares practical steps, real-life examples, and insider tips to help small and medium-sized businesses expand into new markets faster, operate with ease, and connect with a trusted global network.",,,,London,https://www.linkedin.com/company/e-residency,https://www.goinggloballive.co.uk/exhibitors/e-residency-estonia,2026,,https://www.goinggloballive.co.uk/exhibitors
Equals,equalsmoney.com,,,"London, England, United Kingdom",United Kingdom,Stand: G2114,Equals,"About Equals Equals powers money movement for exceptional businesses. Through their advanced infrastructure, businesses can collect, manage, convert, and send funds—either by using Equals directly or by embedding accounts, cards, payments, and FX into their own platforms. Thousands of businesses rely on Equals to move money in over 140 currencies, processing more than £58bn annually. Equals combines advanced payment technology with hands-on expertise to help businesses scale globally. One connection, all the answers. Regulatory information Equals is authorised as an Electronic Money Institution (EMI) and Payment Institution (PI) by the FCA in the UK and by the National Bank of Belgium in the EU. It is also a principal member of Visa and Mastercard and a direct settling participant in UK Faster Payments, SEPA, and SWIFT. The money in the payment accounts held with Equals Money PLC is not covered by the Financial Services Compensation Scheme (FSCS). Instead, your money is protected via a safeguarding method in accordance with the Payment Services Regulations / E-money Regulations. Your money is held in specially designated, safeguarded bank accounts with Tier 1 banks, and is kept separate from our own funds. Equals Money PLC is registered in England & Wales, ls No. 05539698. Equals Money PLC is part of Equals Group Limited (Registered in England & Wales No. 08922461). Registered Office: 3rd Floor, Vintners’ Place, 68 Upper Thames St, London, EC4V 3BJ. Equals Money PLC is authorised by the Financial Conduct Authority to provide payment services (FCA No. 488396). Equals Money Cards are issued by Equals Money International Limited pursuant to license by Mastercard International Inc. Equals Money International Limited is authorised by the Financial Conduct Authority to conduct electronic money service activities under the Electronic Money Regulations 2011 (Ref: 900493). Mastercard is a registered trademark, and the circles design is a trademark of Mastercard International Incorporated.",,,,London,https://www.linkedin.com/company/equalsmoney,https://www.goinggloballive.co.uk/exhibitors/equals,2026,,https://www.goinggloballive.co.uk/exhibitors
ESCA Finance,esca.finance,,,"London, England, United Kingdom",United Kingdom,Stand: G2372,ESCA Finance,"Esca is a Web 2.5 infrastructure company for global finance, helping businesses move, manage and protect money across fiat and digital asset rails. Built for companies operating in and out of emerging markets, Esca combines cross-border payments, stablecoin on/off ramps, named multi-currency accounts, automated currency conversion, FX hedging, mass payouts and API connectivity into one platform. Our infrastructure helps enterprises, payroll platforms, fintechs, Web3 companies, financial institutions and global businesses access African liquidity, settle faster, reduce FX friction and operate across borders without needing local entities in every market. Esca supports payments and collections across 120+ countries, with named company accounts in USD, GBP, EUR and key African currencies. Our platform enables businesses to move between local currencies, G3 currencies and stablecoins like USDC and USDT, helping them protect revenue from currency volatility and simplify settlement across complex markets. Esca’s core advantage is its ability to bridge illiquid and liquid markets. We provide automated on/off ramp access for businesses in markets like Nigeria, same-day settlement for local illiquid currencies, and technology-led currency management that reduces reliance on middlemen and manual OTC processes. Best for: Global businesses, PSPs, HR and payroll platforms, crypto/Web3 companies, financial institutions, investors and enterprises expanding into or operating across Africa.",,,,London,https://www.linkedin.com/company/escafinance,https://www.goinggloballive.co.uk/exhibitors/esca-finance,2026,,https://www.goinggloballive.co.uk/exhibitors
EURO ACCOUNTING,euro-accounting.com,44 (0) 778 986 2405,info@euro-accounting.com,"London, England, United Kingdom",United Kingdom,Stand: G2450,EURO ACCOUNTING,"Euro Accounting is a multi-award-winning chartered accountancy and advisory practice, operating internationally and trusted by startups, SMEs, multinational subsidiaries, expatriates, and investors worldwide. We operate across the UK, France, Dubai, Italy, Switzerland, Ireland, and Hong Kong and beyond, supporting clients worldwide with tailored accounting, tax, advisory, and immigration solutions. Our international presence allows us to combine local regulatory expertise with a global strategic vision, ensuring seamless cross-border support at every stage of your business and personal journey. With a team fluent in 12+ languages, we deliver culturally aligned, cross-border support grounded in local and international regulations. Our Services - Audit - VAT Registration & VAT Returns - Income Tax - Payroll & HR - Tax Investigations - Local & International Taxation (including double taxation matters) - Business Start-Up & Incorporation - Business Advisory - Coaching & Executive Support - Virtual Office & Management Services - Domiciliation - Digital Marketing - Visa & Immigration Services UK, Portugal , Spain",info@euro-accounting.com,44 (0) 778 986 2405,,London,https://www.linkedin.com/in/shabir-djakiodine-333447a?,https://www.goinggloballive.co.uk/exhibitors/euro-accounting,2026,,https://www.goinggloballive.co.uk/exhibitors
EVERWAY,everway.ltd,,contact@everway.fr,"London, England, United Kingdom",United Kingdom,Stand: B2331,EVERWAY,"Everway is an international employment and workforce solutions partner supporting companies expanding across Europe and North Africa. We help organisations hire, manage and deploy talent across borders in a compliant, structured and operationally efficient manner without the complexity and risk of setting up local entities. Our core expertise covers Employer of Record (EOR), international hiring, workforce structuring, and talent sourcing. We operate directly in France, Morocco and Algeria, and support expansion projects across multiple jurisdictions through a trusted network of local partners. What distinguishes Everway is our strong focus on compliance, risk management and operational clarity. We work at the intersection of employment law, payroll, taxation and business operations to provide solutions that are not only functional, but sustainable and secure over time. Our clients range from scale-ups to multinational groups seeking reliable, high-level support for their international workforce strategies. Whether entering a new market, restructuring an existing workforce, or navigating complex employment environments, Everway provides the structure, visibility and control required to operate with confidence. Many of our clients begin by testing new markets through our EOR framework, and later transition to their own local entity when the time is right. We support that evolution, from market entry to long-term establishment by ensuring continuity, stability and full operational control at every stage.",contact@everway.fr,,,London,https://www.linkedin.com/company/everway-ltd,https://www.goinggloballive.co.uk/exhibitors/everway,2026,,https://www.goinggloballive.co.uk/exhibitors
Federation of Small Businesses,workingfromhomelive.co.uk,,,"London, England, United Kingdom",United Kingdom,Stand: B1397,Federation of Small Businesses,.,,,,London,,https://www.goinggloballive.co.uk/exhibitors/federation-small-businesses,2026,,https://www.goinggloballive.co.uk/exhibitors
Flyingcolour Corporate Services (DIFC),flyingcolour.net,+97144542366,info@flyingcolour.com,"London, England, United Kingdom",United Kingdom,Stand: G2343,Flyingcolour Corporate Services (DIFC),"Flying Colour Business Setup LLC is a premier UAE-based advisory firm, trusted by high-net-worth individuals, family offices, and global investors for sophisticated corporate structuring and wealth preservation strategies. With over two decades of expertise, we specialize in DIFC Foundations and Special Purpose Vehicles (SPVs), offering bespoke solutions designed for asset protection, legacy planning, and cross-border investment structuring within one of the world’s most prestigious financial jurisdictions. Our approach is highly personalized, combining technical excellence with discretion, ensuring clients benefit from secure, compliant, and future-ready structures tailored to their long-term objectives. Signature Habitat Properties LLC , our luxury real estate division, provides an elevated, end-to-end investment experience in UAE’s prime property market. From exclusive off-market opportunities to curated portfolios of high-value residential and commercial assets, we guide investors through acquisition, advisory, and portfolio optimization with precision and insight. Together, we deliver a seamless, one-stop ecosystem where wealth structuring and premium real estate investment converge empowering clients to preserve, grow, and transfer wealth across generations.",info@flyingcolour.com,+97144542366,,London,https://ae.linkedin.com/company/flyingcolourdxb,https://www.goinggloballive.co.uk/exhibitors/flyingcolour-corporate-services-difc,2026,,https://www.goinggloballive.co.uk/exhibitors
FUJAIRAH CREATIVE CITY,creativecity.gov.ae,+97180032239,,"London, England, United Kingdom",United Kingdom,Stand: B2710,FUJAIRAH CREATIVE CITY,"Fujairah Creative City is a leading UAE Free Zone offering licenses for media, IT, consulting, events, and e-commerce, among others. With 100% foreign ownership, zero personal tax, and UAE’s 9% corporate tax—one of the world’s lowest—plus unrivaled global connectivity and affordable packages, it’s the prime launchpad for international investors and entrepreneurs expanding into the Middle East and beyond. Creative City is proud to be home to a large and thriving community of UK entrepreneurs, making it an ideal gateway for British businesses seeking success in the UAE and wider region.",,+97180032239,,London,https://www.linkedin.com/company/creative-city-fujairah/,https://www.goinggloballive.co.uk/exhibitors/fujairah-creative-city,2026,,https://www.goinggloballive.co.uk/exhibitors
Global Business Services FZCO,gbsei.com,+97144471804,info@gbsei.com,"London, England, United Kingdom",United Kingdom,Stand: G2341,Global Business Services FZCO,"Global Business Services FZCO (GBS) is a leading business setup and corporate services consultancy headquartered in the UAE, dedicated to helping entrepreneurs, startups, SMEs, multinational corporations, and investors establish and grow their businesses in the UAE and international jurisdictions. Established by Mr. Vipul Kothari as an associate company of Kothari Auditors & Accountants LLC (KAA) , GBS combines deep regulatory expertise, financial knowledge, and practical business advisory services to deliver seamless company formation and compliance solutions. GBS differentiates itself through its personalized advisory approach, transparent pricing structure, and extensive knowledge of UAE and international business regulations. The company focuses on understanding each client's specific objectives and recommending the most suitable business structure, jurisdiction, and operational strategy. Whether assisting a first-time entrepreneur or a multinational corporation expanding into the Middle East, GBS provides tailored solutions designed to minimize risk, optimize costs, and accelerate market entry.",info@gbsei.com,+97144471804,,London,https://ae.linkedin.com/company/globalbusinessservicesfzco,https://www.goinggloballive.co.uk/exhibitors/global-business-services-fzco,2026,,https://www.goinggloballive.co.uk/exhibitors
Global Nordics,globalnordics.com,+46(0)812204147,info@globalnordics.com,"London, England, United Kingdom",United Kingdom,Stand: G2701,Global Nordics,"Global Nordics helps companies from across the world hire and operate across Sweden, Finland, Norway, and Denmark by combining Employer of Record (EOR) services with full on-the-ground project support without the need of setting up an entity We manage the entire employment lifecycle—including payroll, compliance, local regulations, and employee management—giving businesses a reliable local presence without the complexity of managing people and operations remotely. Supporting sectors from renewable energy, data centers, infrastructure projects and IT professionals, we deliver the local expertise and operational support needed for companies to keep hiring, navigating compliance and helping project execution run seamlessly across the Nordic region.",info@globalnordics.com,+46(0)812204147,,London,https://linkedin.com/company/global-nordics,https://www.goinggloballive.co.uk/exhibitors/global-nordics,2026,,https://www.goinggloballive.co.uk/exhibitors
"Intelligent Workplace Solutions, Inc.",workplace.co.uk,0844 561 1760,,"London, England, United Kingdom",United Kingdom,Stand: G2250,"Intelligent Workplace Solutions, Inc.",". With 12 years of experience, we provide UK-managed, Manila-delivered business support helping organisations expand globally, access skilled talent and scale efficiently. Combining experienced local teams, robust processes and UK business expertise, we help businesses reduce operational costs while maintaining quality, compliance and performance. Explore how our UK–Philippines model can support your global growth.",,0844 561 1760,,London,https://www.linkedin.com/company/workplace-incorporated/,https://www.goinggloballive.co.uk/exhibitors/intelligent-workplace-solutions-inc,2026,,https://www.goinggloballive.co.uk/exhibitors
Intercash,intercash.com,,,"London, England, United Kingdom",United Kingdom,Stand: G2251,Intercash,"Global Card Issuing & Payment Solutions Flexible | Secure | Scalable Intercash is a leading provider of white-label card issuing and programme management solutions, helping businesses launch, manage and scale payment programmes worldwide. With more than 20 years of experience, we combine global payment infrastructure, expert programme management and flexible technology to deliver tailored solutions for businesses across a wide range of industries. Our end-to-end platform supports every stage of the programme lifecycle, from onboarding and compliance to card issuing, payment processing and ongoing programme management. Our solutions include: White-label card programmes Physical, virtual & digital payment cards Global payout & disbursement solutions Multi-currency payment programmes API integrations & payment infrastructure Programme management & operational support Industries we support: Financial Services Crypto & Digital Assets Corporate Expense Management Clinical Trials Loyalty & Rewards Digital Media Buying Global Payroll iGaming Visit our stand to discover how Intercash can help you launch and scale your next payment programme.",,,,London,https://www.linkedin.com/company/intercash,https://www.goinggloballive.co.uk/exhibitors/intercash-complete-solution-payments-inc,2026,,https://www.goinggloballive.co.uk/exhibitors
JCL TRANSPORT,jcltransport.com,+44%201233%20822%20551,contact@jcltransport.com,"London, England, United Kingdom",United Kingdom,Stand: G2360,JCL TRANSPORT,"Established in 2018, JCL provides tailored transport services to meet a wide range of requirements, from cost-effective solutions to premium relocations. As proud members of the International Association of Movers (IAM), the Gem Movers Network, and Move Assured, we are committed to maintaining high industry standards and delivering quality service with professionalism and care. Specialising in relocation, private and commercial transportation, logistics, and customs clearance solutions, JCL offers reliable, efficient, and personalised services tailored to each client’s specific requirements.",contact@jcltransport.com,+44%201233%20822%20551,,London,https://www.linkedin.com/company/jclgroup/posts/?feedView=all,https://www.goinggloballive.co.uk/exhibitors/jcl-transpor,2026,,https://www.goinggloballive.co.uk/exhibitors
Meydan Free Zone,meydanfz.ae,+971800391,setup@meydanfz.ae,"London, England, United Kingdom",United Kingdom,Stand: G2680,Meydan Free Zone,"Meydan Free Zone is a digital free zone in the heart of Dubai, established in 2009 under Ruler’s Decree No. 5 as part of the vision of His Highness Sheikh Mohammed Bin Rashid Al Maktoum to position the emirate as a global business hub. Part of the wider Meydan Group, today it serves a community of over 83,000 members. In 2025, Meydan Free Zone was named “Best Commercial Free Zone in the Middle East” and “Best Dubai Free Zone Setup” at the International Business Magazine Awards. Meydan Free Zone is the UAE’s only 24/7 digital free zone. The entire company formation process, from business license application and visa processing to corporate bank account opening, is handled online through the free zone’s platform, with no requirement to be physically present in the UAE to get started. A compliance-led LLC license can be issued in as little as 60 minutes through the “Fawri” fast-track. Business licenses are MoFA-approved and accredited by the Dubai Chamber of Commerce, and Meydan Free Zone partners with over 26 local and international banks to facilitate a guaranteed IBAN from the start. This digital-first approach has been recognised with the “Best Digital Free Zone in the UAE” and “Most Innovative Application of Digital Transformation Initiatives” at the Global Business Outlook Awards 2022, as well as a 2024 CX Award for “Digital transformation driving increased customer satisfaction”. Meydan Free Zone supports over 2,500 licensed business activities across trading, consultancy, media, e-commerce, manufacturing, and more. Businesses can combine up to three activity groups under a single trade license at no additional cost. All companies are incorporated as Free Zone Limited Liability Companies with 100% foreign ownership, full capital repatriation, and 0% personal income tax. As a Qualifying Free Zone, businesses that establish here and meet the relevant conditions benefit from a 0% corporate tax rate on qualifying income. Additional services include customs clearing through Dubai Customs, warehousing from major logistics providers, access to over 30 e-commerce marketplaces, and integrated payment gateway solutions. Located in Nad Al Sheba, just 15 minutes from Dubai International Airport and moments from Downtown Dubai, Meydan Free Zone sits within one of the city’s most distinctive settings. Members can work from serviced offices and co-working spaces inside the 5-star Meydan Hotel, with views of the famous racecourse. The wider community includes a championship golf course, tennis facilities, schools, clinics, parks, and restaurants, and plays host to the Dubai World Cup, the world’s richest horse race. For businesses looking to grow into the Gulf and broader MENA region, Meydan Free Zone brings together the speed, structure, and setting to make it happen.",setup@meydanfz.ae,+971800391,,London,https://www.linkedin.com/company/meydanfreezone/,https://www.goinggloballive.co.uk/exhibitors/meydan-freezone,2026,,https://www.goinggloballive.co.uk/exhibitors
Nexus Customs & Legal Ltd,nexuscustomslegal.com,,,"London, England, United Kingdom",United Kingdom,Stand: G2521,Nexus Customs & Legal Ltd,"Nexus Customs & Legal Ltd — Senior UK customs and trade compliance expertise without Big-4 fees. We help UK importers, exporters, manufacturers and trading firms stay compliant, cut unnecessary duty costs, and prepare for the regulatory wave coming over the next 24 months — including CBAM, evolving sanctions regimes, and tighter HMRC enforcement. Our work spans: Customs declarations & classification audits — recovering overpaid duty (recent client: £47,000 reclaimed on a single misclassified HS code) CBAM compliance — scoping, supplier engagement, and quarterly reporting for businesses importing iron, steel, aluminium, cement, fertilisers and hydrogen-content goods Sanctions screening & frameworks — protecting UK exporters from OFSI penalties as enforcement sharpens AEO scoping & full applications — supporting businesses through 6–12 month authorisations HS classification, entry reviews and duty optimisation — fixed-fee, fast-turnaround Compliance training & Nexus Academy — seven CPD-aligned courses including Trade Compliance, CBAM, Sanctions Screening, AEO Management and CBAM for Rail & Transport Free CBAM Compliance Hub — UK's accessible scope checker, liability calculator and supplier tracker, available at nexuscustomslegal.com/cbam Founded by Magdalena Mikolajczyk, Nexus combines hands-on regulatory expertise with practical, plain-English advice. We work with mid-market businesses that need senior input quickly — without the cost or pace of a Big-4 engagement. Visit us at Stand G2521 to discuss your customs, CBAM or compliance challenge.",,,,London,https://linkedin.com/company/nexus-customs-legal,https://www.goinggloballive.co.uk/exhibitors/nexus-customs-legal,2026,,https://www.goinggloballive.co.uk/exhibitors
Nimbus Consultancy,nimbusconsultancy.com,+971 4 718 1794,info@nimbusconsultancy.com,"London, England, United Kingdom",United Kingdom,Stand: G2322,Nimbus Consultancy,"Nimbus Consultancy helps entrepreneurs, investors and established businesses successfully enter, establish and grow in the UAE and Saudi Arabia. We provide tailored, end-to-end support across company formation, market entry, corporate structuring, regulatory requirements, banking assistance, accounting and ongoing corporate services. Our team has extensive experience navigating both regulated and non-regulated sectors, enabling us to provide practical advice for businesses of all sizes. What sets Nimbus apart is our commercial and highly personalised approach. We take the time to understand each client’s objectives, then develop a clear strategy that addresses their immediate requirements while supporting long-term growth. Through our local expertise, trusted relationships and international perspective, we help clients reduce the complexity and risk associated with entering",info@nimbusconsultancy.com,+971 4 718 1794,,London,https://www.linkedin.com/company/nimbus-corporate-services,https://www.goinggloballive.co.uk/exhibitors/nimbus-services-dmcc,2026,,https://www.goinggloballive.co.uk/exhibitors
Nordic GEM,thenordicgem.com,+468352000,pavel@thenordicgem.com,"London, England, United Kingdom",United Kingdom,Stand: G2220,Nordic GEM,"This is Nordic GEM! We know that there are many challenges setting up and running an effective multi-jurisdiction enterprise - and we are here to help you. Our company was formed by a group of purpose aligned professionals, aiming to create and run a successful business that is sustainable, profitable, and always has the interest of its clients and employees in mind. We provide a variety of corporate services from our offices in Denmark, Finland Norway and Sweden: - Entity Formation - Bank account opening assistance - Ongoing compliance - Registered address - Directorship services - Accounting and Tax compliance - Payroll administration",pavel@thenordicgem.com,+468352000,,London,https://www.linkedin.com/company/nordic-gem/,https://www.goinggloballive.co.uk/exhibitors/nordic-gem,2026,,https://www.goinggloballive.co.uk/exhibitors
Nostrac Shipping,nostracshipping.com,,,"London, England, United Kingdom",United Kingdom,Stand: G2261,Nostrac Shipping,"Nostrac Shipping group of companies is a full-fledged 3PL services provider, with 75 years of international Port and terminal operations, shipping and logistics services . As an international freight forwarding and logistics service provider, Nostrac promotes all modes of transport by sea, rail and land with a strong network worldwide. Nostrac group of companies focus into providing highly sophisticated and total 3PL services to worldwide importers, exporters, traders and manufactures with the support of reputed carriers as well as comprehensive agency partners across the globe. With operations in the UK, UAE and Kazakhstan, the group is able to manage transportation of goods in the fastest and the most cost effective way, by using it's local partners worldwide, to provide the most comprehensive rates to clients",,,,London,https://www.linkedin.com/company/nostracshipping/,https://www.goinggloballive.co.uk/exhibitors/nostrac-shipping,2026,,https://www.goinggloballive.co.uk/exhibitors
Otiro IT,otiroit.com,+61872006085,,"London, England, United Kingdom",United Kingdom,Stand: G2243,Otiro IT,"At OTIRO IT, protecting your business is our top priority. Our dedicated team of cyber experts is committed to delivering cutting-edge web and cybersecurity services that make a real impact. Whether you're looking to enhance your digital defenses or optimize your systems, we offer comprehensive solutions tailored to your needs. From the implementation of the Essential Eight and cybersecurity measures to securing your endpoints and email, we ensure every aspect of your business stays protected. We also provide expert Microsoft 365 management, reliable offsite backups, and top-tier website development to keep your operations running smoothly and securely. At OTIRO IT, we go beyond safeguarding your data , we empower your business to thrive",,+61872006085,,London,,https://www.goinggloballive.co.uk/exhibitors/otiro-t,2026,,https://www.goinggloballive.co.uk/exhibitors
PeoplePay Global,peoplepayglobal.com,+442039656700,,"London, England, United Kingdom",United Kingdom,Stand: G2216,PeoplePay Global,"PeoplePay Global is the global payroll specialist dedicated to delivering exceptional, people-first service. We offer payroll solutions for businesses of all sizes, from SMEs looking to expand into new territories with just one employee, to large corporations seeking a more efficient solution for both new international growth and their existing overseas workforce requirements. We support businesses employing staff internationally by managing the full employment lifecycle, including payroll processing, tax compliance, HR administration, and payments. We ensure everything is accurate, compliant, and handled seamlessly. For organisations taking their first steps into global expansion, we provide trusted, hands-on guidance from start to finish. We simplify complex cross-border payroll by coordinating local requirements, working with in-country partners, and consolidating payments into a single, straightforward remittance. Every client is supported by a dedicated Payroll Account Manager, providing real human expertise rather than faceless software. Our focus is on building lasting relationships and delivering dependable, stress-free solutions that give employers complete peace of mind, wherever their staff are across the globe.",,+442039656700,,London,https://www.linkedin.com/company/people-pay-global/,https://www.goinggloballive.co.uk/exhibitors/peoplepay-global,2026,,https://www.goinggloballive.co.uk/exhibitors
Precision Point Malta,precisionpointmalta.com,+35699119071,info@precisionpointmalta.com,"London, England, United Kingdom",United Kingdom,Stand: G2260,Precision Point Malta,"Precision Point is a Maltese professional services firm supporting businesses that want to establish and grow their presence in Malta. We assist international clients with company registration in Malta, corporate structuring, accounting, tax, compliance, payroll, and ongoing business support. For UK businesses looking to go global, Malta can offer an attractive gateway into the EU through its business-friendly environment, English-speaking workforce, and strategic location. Our team works closely with clients to make the setup process clear, efficient, and practical, while also supporting them beyond incorporation with the financial and regulatory services needed to operate smoothly. Whether a business is exploring international expansion, setting up a Maltese company, or looking for a reliable long-term partner on the ground, Precision Point provides responsive and commercially minded support tailored to the client’s goals.",info@precisionpointmalta.com,+35699119071,,London,https://www.linkedin.com/in/ryan-borg-45053114a/,https://www.goinggloballive.co.uk/exhibitors/precision-point-malta,2026,,https://www.goinggloballive.co.uk/exhibitors
Premier Financial Services,premierfinservices.com,+2302456703,contact@premierfinservices.com,"London, England, United Kingdom",United Kingdom,Stand: G2510,Premier Financial Services,"About Premier Group Premier Financial Services Limited is a leading provider of corporate, international tax, compliance and business advisory services. We are a Corporate Service Provider duly licensed and regulated by the Mauritius Financial Services Commission. Premier maintains independent offices as a CSP in Dubai, Mauritius, Seychelles, South Africa , and Cyprus . For a comprehensive overview of our services, please visit our website: www.premierfinservices.com Premier Group is dedicated to serving clients worldwide including HNWIs, families, private companies, multinationals and listed entities across the globe. We offer the full spectrum of corporate services, including: Company Formation & Structuring Family Office, Trust & Foundations Licensing & Regulatory Support Corporate Administration Bank Account Opening Assistance Accounting & Financial Reporting Ongoing Corporate Support We are a leader in specialized financial licences (Investment Dealer, Virtual Asset Service Provider (VASP), Collective Investment Scheme(CIS), Payment Intermediary Services licence, Fund Manager etc).",contact@premierfinservices.com,+2302456703,,London,https://www.linkedin.com/company/premier-financial-services-limited/posts/?feedView=all,https://www.goinggloballive.co.uk/exhibitors/premier-financial-services,2026,,https://www.goinggloballive.co.uk/exhibitors
PrimeBridge Global,primebridgeglobal.com,+31%206%20231%2006%20340,solutions@primebridgeglobal.com,"London, England, United Kingdom",United Kingdom,Stand: G2320,PrimeBridge Global,"PrimeBridge Global helps international businesses establish and grow their presence in the Netherlands and across Europe, including Germany. Our firm specialises in European Tax, Cross-Border Accounting, Multi-Country Payroll, and Regulatory Compliance, along with corporate secretarial services, company formation, and recruitment support tailored to midsize corporations and investment firms entering these markets. Acting as an extension of our clients' own teams, we combine deep local regulatory expertise with hands-on, responsive support, guiding businesses through entity setup and cross-border complexities every step of the way.",solutions@primebridgeglobal.com,+31%206%20231%2006%20340,,London,https://nl.linkedin.com/company/primebridge-global,https://www.goinggloballive.co.uk/exhibitors/primebridge-global,2026,,https://www.goinggloballive.co.uk/exhibitors
Ras Al Khaimah Economic Zone (RAKEZ),rakez.com,+97172041111,info@rakez.com,"London, England, United Kingdom",United Kingdom,Stand: G2520,Ras Al Khaimah Economic Zone (RAKEZ),"RAKEZ - YOUR PARTNER FOR STARTUP, SME, AND INDUSTRIAL BUSINESS SETUP IN THE REGION'S PREMIER ECONOMIC ZONE A powerhouse supporting startup businesses, SMEs, and global manufacturing players with their company formation in the UAE Situated in the heart of the emirate of Ras Al Khaimah in the United Arab Emirates, Ras Al Khaimah Economic Zone (RAKEZ) is a business powerhouse and leading industrial hub. It is a business licencing authority that offers customisable solutions for UAE company formation to free zone and non-free zone businesses in a multinational community of +50,000 companies that flourishes in over 50 sectors.",info@rakez.com,+97172041111,,London,https://www.linkedin.com/company/rakez,https://www.goinggloballive.co.uk/exhibitors/ras-al-khaimah-economic-zone-rakez,2026,,https://www.goinggloballive.co.uk/exhibitors
Resonance Language Services,resonance-ww.com,,,"London, England, United Kingdom",United Kingdom,Stand: G2253,Resonance Language Services,"Resonance is a creative language consultancy for brands scaling their international communications. We don’t just translate your marketing communications. We work upstream to ensure your message is culturally right, on-brand, conveyed with the same intent, and ready to scale across markets, before you invest your time and money in international rollout. Our approach: Elevate – consultation, risk screening and local insight Cultural Consultation Linguistic Content Assessment In-market Competitive Monitoring Legal compliance Resonate – transcreation and in-market translation that keeps your tone of voice intact Transcreation - for marketing that needs persuasion, not literal wording Translation - for content information exchange, literal translation Copy origination - market-first copy created in-language Amplify – fast multi-market production Automation and AI - reducing rework and feedback rounds Machine translation - Multi-engine MT with linguist-in-the-loop QC Transcription, subtitling and multilingual versioning Voice Over recording - in-market human talent, remote studio, native linguist directed Authentic AI Voice Overs - powered by Authorised Voice Replicas (AVRs) Ethically sourced, consented real voices directed by native linguists If you’re expanding into new regions and want global consistency without sounding generic, let’s talk.",,,,London,https://www.linkedin.com/company/resonance-language-consultancy-ltd/,https://www.goinggloballive.co.uk/exhibitors/resonance-language-consultancy,2026,,https://www.goinggloballive.co.uk/exhibitors
Samartin and Friends,samartinandfriends.com,02038798950,info@samartinandfriends.com,"London, England, United Kingdom",United Kingdom,Stand: G2810,Samartin and Friends,"Samartin and Friends, established in 2019, is a US Immigration firm founded by Managing Partner, Paul Samartin, who brings over two decades of US immigration law expertise and is highly regarded in the legal rankings for his technical accuracy and calm, solutions-oriented approach to complex and time-sensitive matters. Based solely in London, our 16-person team exclusively practices US immigration law and has built a reputation for deep subject-matter expertise and consistently high standards. Our firm has grown steadily through professional referrals - particularly from other trusted advisors who value its precision, responsiveness, and strategic insight. These partners also act as an extension of our team, providing specialist services to our clients.",info@samartinandfriends.com,02038798950,,London,https://uk.linkedin.com/company/samartin-and-friends,https://www.goinggloballive.co.uk/exhibitors/samartin-friends,2026,,https://www.goinggloballive.co.uk/exhibitors
Santa Fe Relocation,santaferelocation.com,,,"London, England, United Kingdom",United Kingdom,Stand: G2244,Santa Fe Relocation,"Santa Fe Relocation is a Global Mobility company specialising in managing and delivering high-quality relocation services worldwide. Our core competence is providing services that help corporations and their employees as well as individuals and their families to relocate and settle in new places. We cover the entire relocation journey, from moving, destination services, immigration, commercial projects through to full assignment management solutions. These services are delivered to a consistently high standard, locally and globally, and managed through our own operations around the world. For more information, please contact Alistair Hunt, alistair.hunt@santaferelo.com",,,,London,https://www.linkedin.com/company/santa-fe-relocation,https://www.goinggloballive.co.uk/exhibitors/santa-fe-group,2026,,https://www.goinggloballive.co.uk/exhibitors
Shams Free Zone,shamsfz.ae,+97180074267,info@shamsfz.ae,"London, England, United Kingdom",United Kingdom,Stand: G2404,Shams Free Zone,"Shams Free Zone is one of the UAE’s most vibrant and forward-thinking business set up hubs, strategically designed to empower entrepreneurs, SMEs, and creative industries. Leveraging the UAE’s strategic location, advanced infrastructure, and supportive regulatory environment, Shams has become a launchpad for innovation and growth. What sets Shams apart is its strong focus on the creative and media sector , while also catering to a wide spectrum of industries through flexible, cost-effective, and scalable business solutions. By combining efficiency with accessibility, Shams ensures that entrepreneurs and investors can concentrate on growth while we simplify their business setup journey. With its modern facilities, collaborative environment, and commitment to digital, paperless processes, Shams is more than a Free Zone, it is a dynamic community where businesses connect, innovate, and thrive.",info@shamsfz.ae,+97180074267,,London,https://www.linkedin.com/company/shamsfz/,https://www.goinggloballive.co.uk/exhibitors/shams-services-llc,2026,,https://www.goinggloballive.co.uk/exhibitors
SME National Business Awards,workingfromhomelive.co.uk,,,"London, England, United Kingdom",United Kingdom,Stand: B1583,SME National Business Awards,.,,,,London,,https://www.goinggloballive.co.uk/exhibitors/sme-national-business-awards,2026,,https://www.goinggloballive.co.uk/exhibitors
SPC Free Zone,spcfz.ae,,more@spcfz.ae,"London, England, United Kingdom",United Kingdom,Stand: G2274,SPC Free Zone,"SPC Free Zone serves as the premier gateway for ambitious entrepreneurs and global investors in the UAE. Blueprinted for speed and flexibility, SPC Free Zone offers a seamless setup experience across 2,000+ licensed activities, removing the traditional barriers to entry. Strategically located in Sharjah, we bridge the gap between cost efficiency and regulatory excellence. By providing a diverse ecosystem and modern facilities, we empower startups and SMEs to bypass administrative complexity and focus on innovation. At SPC Free Zone, our mission is more than registration; we provide the strategic foundation for long-term business growth.",more@spcfz.ae,,,London,https://www.linkedin.com/company/spcfreezone/,https://www.goinggloballive.co.uk/exhibitors/sharjah-publishing-city-free-zone,2026,,https://www.goinggloballive.co.uk/exhibitors
TransferMate Global Payments,transfermate.com,353 1 635 3700,ireland@transfermate.com,"London, England, United Kingdom",United Kingdom,Stand: G2270,TransferMate Global Payments,"TransferMate is the world’s leading provider of B2B payments infrastructure as a service, enabling companies to send and receive cross-border payments faster, easier and at lower cost. TransferMate has built one of the largest portfolios of payments licenses worldwide, including 51 US states and territories, to support trading in more than 201 countries and territories and 141 currencies. Leading banks, fintechs and software providers partner with TransferMate to offer an enhanced user experience for their business customers. The TransferMate API solution allows partners to digitalise the payments flow within their software, enabling all businesses to achieve significant time and financial savings.",ireland@transfermate.com,353 1 635 3700,,London,https://www.linkedin.com/company/transfermate/,https://www.goinggloballive.co.uk/exhibitors/transfermate-global-payments,2026,,https://www.goinggloballive.co.uk/exhibitors
VAT IT,vatit.com,,,"London, England, United Kingdom",United Kingdom,Stand: G2371,VAT IT,"VAT IT has been simplifying indirect tax for businesses worldwide for more than 25 years. With over 2,000 specialists across 30+ offices globally, we combine international reach with deep local expertise. Wherever our clients operate, they have access to professionals who understand the market, speak the language, and know how to navigate local tax requirements effectively. Powered by our proprietary technology, we deliver four core solutions across 100+ tax jurisdictions: e-Invoicing, VAT Compliance, US Sales Tax, and VAT Reclaim. Our platforms are built to support businesses at every stage of growth, from expanding organisations to established global enterprises. By integrating directly with existing technology stacks, we make indirect tax a natural part of our clients' workflows rather than another operational burden. We believe indirect tax should enable growth, not slow it down. That's why we focus on removing complexity, reducing risk, and giving businesses the confidence to operate across borders with ease.",,,,London,https://www.linkedin.com/company/vatit/,https://www.goinggloballive.co.uk/exhibitors/vatit,2026,,https://www.goinggloballive.co.uk/exhibitors
Vensure HR,vensure.com,8009418731,,"London, England, United Kingdom",United Kingdom,Stand: G2700,Vensure HR,"VensureHR is a leading provider of HR services and technology for small and mid-sized businesses. Our solutions simplify administrative tasks, minimize risks, ensure compliance, and streamline operations. Vensure and its Division Partners serve businesses in all 50 U.S. states and 160+ countries. They offer PEO services to manage HR and payroll, EOR services to expand internationally, and best-in-class HCM technology, along with benefits, workers’ compensation, recruitment, and more. VensureHR can help refocus on revenue growth, leveraging deep expertise in every aspect of human capital management. Discover the power a strategic HR partner can bring to your business.",,8009418731,,London,https://www.linkedin.com/company/vensurehr/,https://www.goinggloballive.co.uk/exhibitors/vensure-employer-solutions,2026,,https://www.goinggloballive.co.uk/exhibitors
Wacpack,workingfromhomelive.co.uk,,,"London, England, United Kingdom",United Kingdom,Stand: G2454,Wacpack,,,,,London,,https://www.goinggloballive.co.uk/exhibitors/wacpack,2026,,https://www.goinggloballive.co.uk/exhibitors
Women in Business Network (WIBN),wibn.co.uk,,,"London, England, United Kingdom",United Kingdom,Stand: b1291,Women in Business Network (WIBN),"Founded in 2005, Women in Business Network (WIBN) is one of the UK’s leading women’s networking organisations, supporting professional women and business owners through connection, collaboration and community. With over 100 monthly in-person and online networking groups and more than 1,000 members across the UK, WIBN brings together women from a wide range of industries and backgrounds. At WIBN, we believe networking should feel welcoming, supportive and purposeful. Our meetings are designed to help women build genuine relationships, increase visibility, gain confidence and grow their businesses through trusted connections. Members benefit from: • Professional exclusivity within groups • SEO-optimised profiles on the WIBN website • Opportunities to promote their business through blogs, social media and events • Access to networking and collaboration opportunities across the UK • Free networking training and ongoing support.",,,,London,https://www.linkedin.com/company/wibnintl,https://www.goinggloballive.co.uk/exhibitors/women-business-network-wibn,2026,,https://www.goinggloballive.co.uk/exhibitors
Xpert Remote Staffing,xpertremotestaffing.co.uk,+5284567592,info@xpertremotestaffing.co.uk,"London, England, United Kingdom",United Kingdom,Stand: G2340,Xpert Remote Staffing,"Xpert Remote Staffing enables UK and international businesses to access South Africa's exceptional talent pool without the complexity, risk, and administrative burden typically associated with cross-border employment. As a specialist Employer of Record (EOR) and international staffing provider, we help organisations recruit, employ, and manage highly skilled South African professionals while eliminating the need to establish a local entity or navigate the complexities of South African employment legislation. Our clients gain immediate access to qualified, English-speaking professionals across a wide range of industries, including technology, legal services, finance, accounting, recruitment, engineering, customer support, administration, and professional services. International hiring presents significant opportunities, but it also introduces legal and compliance challenges. Employment legislation, payroll obligations, statutory registrations, tax requirements, employee benefits, labour relations, and ongoing HR administration can create substantial risks for businesses unfamiliar with South African employment laws. Likewise, UK employers must ensure that their international employment arrangements are structured correctly and managed in accordance with applicable legal and regulatory requirements. Xpert Remote Staffing removes these obstacles entirely. Through our comprehensive Employer of Record solution, we become the legal employer of the employee in South Africa while the employee works exclusively for your business. We manage employment contracts, payroll administration, statutory registrations, tax compliance, employee onboarding, HR administration, leave management, employee relations, and ongoing workforce support. This allows our clients to focus on growing their businesses while we handle the employment and compliance responsibilities. A key differentiator of Xpert Remote Staffing is our association with Luüs Attorneys, a specialist Employment and Labour Law practice with extensive experience in employment compliance, labour relations, workplace governance, and dispute resolution. This strategic partnership provides our clients with additional confidence that employment relationships are structured and managed in accordance with applicable legal requirements and best-practice employment standards. By combining professional staffing solutions with specialist employment law expertise, we provide a comprehensive solution that reduces legal risk, ensures statutory compliance, and gives businesses the confidence to hire internationally without uncertainty. Our mission is simple: to connect global businesses with outstanding South African talent while removing every obstacle associated with international employment. From recruitment and onboarding to payroll, HR administration, and legal compliance, Xpert Remote Staffing delivers a seamless, compliant, and cost-effective workforce solution that enables businesses to scale with confidence. Whether you are looking to hire a single specialist or build an entire remote team, Xpert Remote Staffing provides a trusted pathway to accessing South African talent without the complexity of managing South African or cross-border employment obligations.",info@xpertremotestaffing.co.uk,+5284567592,,London,,https://www.goinggloballive.co.uk/exhibitors/xpert-remote-staffing,2026,,https://www.goinggloballive.co.uk/exhibitors
