company_name,booth,description,email,mobile_primary,domain,full_address,city,linkedin_url,profile_url,event_date,event_venue,source_url,source_year
3M Deutschland GmbH,,,,,https://3mnederland.nl,,,,https://3mnederland.nl,2026,"NEDS, Netherlands",https://www.nidvexhibition.eu/overview-exhibitors,2026
4C Strategies,,4C Strategies helps defence forces and critical organizations prepare for complex events in times of stability & crisis. Software & Expertise,,,https://4cstrategies.com,,,https://www.linkedin.com/company/4c-strategies,https://4cstrategies.com,2026,"NEDS, Netherlands",https://www.nidvexhibition.eu/overview-exhibitors,2026
Accenture B.V.,,"Accenture embraces the power of change to create 360° value and shared success for our clients, people, shareholders, partners and communities. Learn more.",,,https://accenture.com,,,https://www.linkedin.com/company/accenture,https://accenture.com,2026,"NEDS, Netherlands",https://www.nidvexhibition.eu/overview-exhibitors,2026
Acecore Technologies,,Drone manufacturer of rugged UAV platforms for demanding missions. Request a quote ✔ Made in the Netherlands ✔ All-weather capable,sales@acecoretechnologies.com,+31618685736,https://acecoretechnologies.com,,,https://www.linkedin.com/company/acecore-technologies/,https://acecoretechnologies.com,2026,"NEDS, Netherlands",https://www.nidvexhibition.eu/overview-exhibitors,2026
ACL,,,info@acl.nl,0402842646,https://acl.nl,,,https://www.linkedin.com/company/acl-technopanel-b.v./,https://acl.nl,2026,"NEDS, Netherlands",https://www.nidvexhibition.eu/overview-exhibitors,2026
ACME Portable Computer GmbH,,,,,https://acmeportable.de,,,,https://acmeportable.de,2026,"NEDS, Netherlands",https://www.nidvexhibition.eu/overview-exhibitors,2026
AcQ International B.V.,,"At AcQ we have a reputation for creating high performance, ultra-reliable embedded electronics infused with innovation for the most demanding environments",,+31 (0)412 641922,https://acq.nl,,,,https://acq.nl,2026,"NEDS, Netherlands",https://www.nidvexhibition.eu/overview-exhibitors,2026
ADSE Consulting and Engineering B.V.,,"We are ADSE, an independent consulting and engineering firm on transportation systems. Planes, trains, ships and automobiles is what we like!",info@adse.eu,+31 (0) 23 554 2255,https://adse.eu,,,https://www.linkedin.com/company/adse/,https://adse.eu,2026,"NEDS, Netherlands",https://www.nidvexhibition.eu/overview-exhibitors,2026
AEC Skyline,,,,,https://aec-skyline.com ,,,,https://aec-skyline.com ,2026,"NEDS, Netherlands",https://www.nidvexhibition.eu/overview-exhibitors,2026
Aeronamic B.V.,,"Development, production, assembly, testing, servicing of high-speed rotating components and precision parts for commercial & defense aircraft industry.",info@aeronamic.com,,https://aeronamic.com,,,https://www.linkedin.com/company/aeronamic-nl,https://aeronamic.com,2026,"NEDS, Netherlands",https://www.nidvexhibition.eu/overview-exhibitors,2026
Alewijnse Netherlands B.V.,,We connect people and technology,info@alewijnse.com,+ 31 (0)24 371 61 00,https://alewijnse.com,,,http://www.linkedin.com/company/alewijnse,https://alewijnse.com,2026,"NEDS, Netherlands",https://www.nidvexhibition.eu/overview-exhibitors,2026
Amphenol,,,,,https://amphenolmao.com,,,,https://amphenolmao.com,2026,"NEDS, Netherlands",https://www.nidvexhibition.eu/overview-exhibitors,2026
Andra Tech Group,,Wilting is gevestigd in Veldhoven en Wintelre en is gespecialiseerd in de efficiënte frees productie van fijnmechanische componenten en modules.,,+0402052747,https://wilting.eu,,,https://www.linkedin.com/company/wilting-components/,https://wilting.eu,2026,"NEDS, Netherlands",https://www.nidvexhibition.eu/overview-exhibitors,2026
Apex Global B.V.,,,,,https://apexglobal.eu,,,,https://apexglobal.eu,2026,"NEDS, Netherlands",https://www.nidvexhibition.eu/overview-exhibitors,2026
Applied Research Laboratory Europe (ARLE) B.V.,,"Your long-term Benelux partner for top-quality, strategic brands. For defence, police and government.",info@arle.nl,+31413245631,https://arle.nl,"Losplaats 12, Uden, 5404 NJ, Netherlands",Uden,https://www.linkedin.com/company/arle-bv/,https://arle.nl,2026,"NEDS, Netherlands",https://www.nidvexhibition.eu/overview-exhibitors,2026
Artillerie Inrichtingen Armaments B.V.,,,,,https://artillerie inrichtingen armaments b.v.,,,,https://artillerie inrichtingen armaments b.v.,2026,"NEDS, Netherlands",https://www.nidvexhibition.eu/overview-exhibitors,2026
ASSA ABLOY Nederland B.V.,,"Explore ASSA ABLOY's trusted door locks, access control, and smart security for homes and businesses. Innovation meets safety worldwide.",,,https://assaabloy.com,,,,https://assaabloy.com,2026,"NEDS, Netherlands",https://www.nidvexhibition.eu/overview-exhibitors,2026
Atos Nederland B.V.,,"We design digital solutions from the everyday to the mission critical — in artificial intelligence, hybrid cloud, infrastructure management, decarbonization and employee experience.",,,https://atos.net,,,http://www.linkedin.com/company/atos,https://atos.net,2026,"NEDS, Netherlands",https://www.nidvexhibition.eu/overview-exhibitors,2026
AVT Wiring & Connecting,,,,,https://avt-connecting.com,,,,https://avt-connecting.com,2026,"NEDS, Netherlands",https://www.nidvexhibition.eu/overview-exhibitors,2026
Axians,,Axians zet mensen en de beste technologie centraal om samen met onze klanten werk en leven werk te verbeteren.,,,https://axians.nl,,,https://www.linkedin.com/company/axiansnl,https://axians.nl,2026,"NEDS, Netherlands",https://www.nidvexhibition.eu/overview-exhibitors,2026
Axient Systems B.V.,,A Netherlands based wholly owned subsidiary of Astrion,info@axientsystems.nl,+310153105795,https://axientsystems.nl,,,,https://axientsystems.nl,2026,"NEDS, Netherlands",https://www.nidvexhibition.eu/overview-exhibitors,2026
Bae Systems,,,,,https://baesystems.com,,,,https://baesystems.com,2026,"NEDS, Netherlands",https://www.nidvexhibition.eu/overview-exhibitors,2026
Barco B.V.,,,,,https://barco.com,,,,https://barco.com,2026,"NEDS, Netherlands",https://www.nidvexhibition.eu/overview-exhibitors,2026
Bolidt Kunststoftoepassing B.V.,,,,,https://bolidt.com,,,https://nl.linkedin.com/company/bolidt,https://bolidt.com,2026,"NEDS, Netherlands",https://www.nidvexhibition.eu/overview-exhibitors,2026
Brainport Industries Campus,,Brainport Industries Campus is de plek waar de innovatie- en concurrentiekracht van de hightech maakindustrie vleugels krijgt.,,,https://brainportindustriescampus.com,,,https://www.linkedin.com/company/brainport-industries-campus/,https://brainportindustriescampus.com,2026,"NEDS, Netherlands",https://www.nidvexhibition.eu/overview-exhibitors,2026
BSS Holland B.V.,,Implementing Tactical Sensors-to-Effects Web (TSEW) emerging technology andoperational capability. We operate where it mattersmost.,info@bssholland.com,+31525216077,https://bssholland.com,,,https://www.linkedin.com/company/bssholland/posts/?feedView=all,https://bssholland.com,2026,"NEDS, Netherlands",https://www.nidvexhibition.eu/overview-exhibitors,2026
C.N. Rood B.V.,,Your knowledge partner in test & measurement · Oscilloscopes & Accessories · Chassis & Modules & Controllers · Multimeters & Accessories · Power Supplies & Loads.,info@cnrood.com,+32 2 467 03 50,https://cnrood.com,,,https://www.linkedin.com/company/cnrood/,https://cnrood.com,2026,"NEDS, Netherlands",https://www.nidvexhibition.eu/overview-exhibitors,2026
Capgemini,,"A global leader in consulting, technology services and digital transformation, we offer an array of integrated services combining technology with deep sector expertise.",,,https://capgemini.com,,,https://www.linkedin.com/company/capgemini,https://capgemini.com,2026,"NEDS, Netherlands",https://www.nidvexhibition.eu/overview-exhibitors,2026
Carl Friederichs GmbH,,Spezialfahrzeuge und Qualität seit 1840 – direkt vom Hersteller in Frankfurt. Friederichs ist Ihr Partner für Fahrzeugbau und Sicherheit.,,,https://friederichs-frankfurt.de,,,,https://friederichs-frankfurt.de,2026,"NEDS, Netherlands",https://www.nidvexhibition.eu/overview-exhibitors,2026
CGI Nederland B.V.,,"Since 1976, CGI has grown into one of the largest IT and business consulting services firms in the world. Our 50-year milestone celebrates a history of serving clients and creating a global culture of ownership, always with a focus on looking to the future ahead.",,,https://cgi.com,,,https://www.linkedin.com/company/cgi/,https://cgi.com,2026,"NEDS, Netherlands",https://www.nidvexhibition.eu/overview-exhibitors,2026
Contour Advanced Systems B.V.,,"Join our team? Want to work on innovative projects? We are looking for smart, hands-on people with energy and bold ideas. We will challenge you, value your input and give you the space to grow—alongside colleagues who think along and do.",cas@contour.eu,0315 270 260,https://contouradvancedsystems.com,"Aaltenseweg 52, Varsseveld, Gelderland, 7051 CM, The Netherlands",Varsseveld,https://www.linkedin.com/company/contour-advanced-systems-bv/?originalSubdomain=nl,https://contouradvancedsystems.com,2026,"NEDS, Netherlands",https://www.nidvexhibition.eu/overview-exhibitors,2026
Customs Support Group,,,,,https://customssupport.com,,,,https://customssupport.com,2026,"NEDS, Netherlands",https://www.nidvexhibition.eu/overview-exhibitors,2026
Damen Naval,,We are family owned & client-driven company since 1927. Damen Group becomes the world's most sustainable and connected shipbuilder. We are building your future!,,+31 183 639 911,https://damen.com,"Avelingen-West, 20, Gorinchem, South Holland, 4202 MS, Netherlands",Gorinchem,https://www.linkedin.com/company/damen-shipyards,https://damen.com,2026,"NEDS, Netherlands",https://www.nidvexhibition.eu/overview-exhibitors,2026
Dantherm Group B.V.,,"Discover commercial and industrial Climate Control Solutions at Dantherm Group. Experts for heating, cooling, humidity control, drying, ventilation and disinfection systems. View our products today.",,,https://danthermgroup.com,,,https://www.linkedin.com/company/danthermgroup/,https://danthermgroup.com,2026,"NEDS, Netherlands",https://www.nidvexhibition.eu/overview-exhibitors,2026
DAT Training,,​ ​ ​If you require any information relating to any of our courses or products please submit the form below and a member of our team will contact you as soon as possible. Please be assured...,,,https://dattraining.com,,,,https://dattraining.com,2026,"NEDS, Netherlands",https://www.nidvexhibition.eu/overview-exhibitors,2026
De Haas Shipyards,,"Maatwerk in scheepsbouw, onderhoud en innovatie voor overheid, defensie en jachtsector.",maassluis@dehaas.nl,+31105913511,https://dehaas.nl,,,https://www.linkedin.com/company/dehaasshipyards/,https://dehaas.nl,2026,"NEDS, Netherlands",https://www.nidvexhibition.eu/overview-exhibitors,2026
Defenture B.V.,,,,,https://defenture.com,,,,https://defenture.com,2026,"NEDS, Netherlands",https://www.nidvexhibition.eu/overview-exhibitors,2026
Delaware,,delaware India is guiding its customers through their business and digital transformations while delivering advanced ICT solutions and services.,,,https://delaware.pro,,,https://www.linkedin.com/company/delawareindia,https://delaware.pro,2026,"NEDS, Netherlands",https://www.nidvexhibition.eu/overview-exhibitors,2026
Delft Dynamics B.V.,,"Delft Dynamics B.V. is an innovative, high tech companyHigh tech company specialized in developing and building drones. in The Netherlands since 2006",,,https://delftdynamics.nl,,,https://www.linkedin.com/company/delftdynamics,https://delftdynamics.nl,2026,"NEDS, Netherlands",https://www.nidvexhibition.eu/overview-exhibitors,2026
DeltaQuad B.V.,,"DeltaQuad Evo is a cutting-edge fixed-wing VTOL UAV for defense, security, and industry. Unrivaled endurance, dual payloads, and AI-powered autonomy.",,,https://deltaquad.com,"Industrieweg 3, Duivendrecht, 1115 AD, Netherlands",Duivendrecht,,https://deltaquad.com,2026,"NEDS, Netherlands",https://www.nidvexhibition.eu/overview-exhibitors,2026
Demcon defense & security systems B.V.,,"Demcon develops and produces high-tech systems and innovative products for healthcare, industry, energy and security. From concept to production, we create technology that makes a real impact.",,,https://demcon.com,,,https://www.linkedin.com/company/demcon,https://demcon.com,2026,"NEDS, Netherlands",https://www.nidvexhibition.eu/overview-exhibitors,2026
Destinus NL B.V.,,"Destinus is a European defense manufacturer with a particular focus on scalable strike and air defence systems for European and allied armed forces. Interceptors, cruise systems, deep strike missiles for layered defence.",,,https://destinus.com,,,https://www.linkedin.com/company/destinus1,https://destinus.com,2026,"NEDS, Netherlands",https://www.nidvexhibition.eu/overview-exhibitors,2026
DNV,,"Driven by our purpose of safeguarding life, property and the environment, DNV enables organizations to advance the safety and sustainability of their business.",,,https://dnv.com,,,https://www.linkedin.com/company/dnv/,https://dnv.com,2026,"NEDS, Netherlands",https://www.nidvexhibition.eu/overview-exhibitors,2026
DroneShield B.V.,,The global leader in AI-powered CUxS. DroneShield delivers counter-drone solutions for every mission with customer-first design and advanced threat detection.,legal@droneshield.com,+ 61 2 9995 7280,https://droneshield.com,,,https://linkedin.com/company/droneshield,https://droneshield.com,2026,"NEDS, Netherlands",https://www.nidvexhibition.eu/overview-exhibitors,2026
Dutch Electro B.V.,,home Welcome to the website of Dutch Electro Dutch Electro transport lighting develops and manufactures light fittings and electronics for the commercial vehicle market and the marine industry for more than 30 years now.,,0031455245757,https://dutchelectro.com,,,,https://dutchelectro.com,2026,"NEDS, Netherlands",https://www.nidvexhibition.eu/overview-exhibitors,2026
Dutch Military Vehicles B.V.,,,,,https://dmv4x4.com,,,,https://dmv4x4.com,2026,"NEDS, Netherlands",https://www.nidvexhibition.eu/overview-exhibitors,2026
Dynamic Ear Company,,,sales@dynamic-ear.com,+31(0)15-7997802,https://dynamic-ear.com,,,https://www.linkedin.com/company/dynamic-ear-company/,https://dynamic-ear.com,2026,"NEDS, Netherlands",https://www.nidvexhibition.eu/overview-exhibitors,2026
Dyneema,,"Our ultra-high-molecular-weight polyethylene (UHMWPE) Dyneema® is founded on groundbreaking engineering. Born from science, engineered for lightweight strength.",,,https://dyneema.com,,,,https://dyneema.com,2026,"NEDS, Netherlands",https://www.nidvexhibition.eu/overview-exhibitors,2026
Eberca,,,,,http://eberca.nl,,,,http://eberca.nl,2026,"NEDS, Netherlands",https://www.nidvexhibition.eu/overview-exhibitors,2026
Echodyne,,"Defense, Security, Autonomy — Learn why Echodyne is a trusted leader, advancing radar tech that serves new applications. If ESA radar was the size of a paperback book, you would use it everywhere. Now you can. Ultra-low SWaP.",,+14254543246,https://echodyne.com,,,https://www.linkedin.com/company/echodyne/,https://echodyne.com,2026,"NEDS, Netherlands",https://www.nidvexhibition.eu/overview-exhibitors,2026
EEMC & Elincom,,"Het is ons streven om de productkwaliteit en duurzaamheid te verhogen door het leveren van uitgelezen producten aan onze klanten. Vele jaren ervaring, hard werk en een strategische keuze aan toeleveranciers liggen daaraan ten grondslag.",,,https://eemc.nl,,,,https://eemc.nl,2026,"NEDS, Netherlands",https://www.nidvexhibition.eu/overview-exhibitors,2026
EIZO Europe GmbH,,"EIZO-monitoren staan voor de hoogste kwaliteit. Elke EIZO-monitor wordt gekenmerkt door een uitstekende beeldkwaliteit, ergonomie en duurzaamheid.",,,https://eizo.nl,,,https://www.linkedin.com/company/eizo/,https://eizo.nl,2026,"NEDS, Netherlands",https://www.nidvexhibition.eu/overview-exhibitors,2026
Electrometric B.V.,,"Electronic test and measurement solutions for laboratories, industry and advanced technical applications worldwide.",info@electrometric.com,,https://electrometric.com,,,https://www.linkedin.com/company/electrometric/,https://electrometric.com,2026,"NEDS, Netherlands",https://www.nidvexhibition.eu/overview-exhibitors,2026
Elfa,,"Een combinatie van uitstekende service, 3 eigen productielocaties en een breed aanbod van A-merken. Neem contact op, wij beantwoorden al uw vragen!",info@elfa.nl,+31(0)206436972,https://elfa.nl,,,,https://elfa.nl,2026,"NEDS, Netherlands",https://www.nidvexhibition.eu/overview-exhibitors,2026
Elma Electronic GmbH,,"Elma Electronic is a leader in Embedded Computing Solutions including integrated systems, boards, modular enclosures, cabinets, and rotary switches. Visit Now",,,https://elma.com,,,https://www.linkedin.com/company/elma-electronic/,https://elma.com,2026,"NEDS, Netherlands",https://www.nidvexhibition.eu/overview-exhibitors,2026
Engels Logistiek B.V,,,,,https://engels.eu,,,,https://engels.eu,2026,"NEDS, Netherlands",https://www.nidvexhibition.eu/overview-exhibitors,2026
EOS,,Creating world-leading space and defence systems technology to enhance the security of Australia and its allies.,,+61 2 6222 7900,https://eos-aus.com,,,https://www.linkedin.com/company/electro-optic-systems-pty-limited/,https://eos-aus.com,2026,"NEDS, Netherlands",https://www.nidvexhibition.eu/overview-exhibitors,2026
ERA,,ERA is a world leader in next-generation surveillance and flight tracking solutions with proven multilateration and ADS-B (Automatic Dependent Surveillance - Broadcast) technologies.,,,https://era.aero,,,https://www.linkedin.com/company/era-a-s-,https://era.aero,2026,"NEDS, Netherlands",https://www.nidvexhibition.eu/overview-exhibitors,2026
Ericsson,,"Ericsson powers the networks that connect billions. From 5G to AI-driven automation, we help providers and enterprises unlock what connectivity can do.",,,https://ericsson.com,,,https://www.linkedin.com/company/ericsson,https://ericsson.com,2026,"NEDS, Netherlands",https://www.nidvexhibition.eu/overview-exhibitors,2026
ESET Nederland,,,,,https://eset.com,,,,https://eset.com,2026,"NEDS, Netherlands",https://www.nidvexhibition.eu/overview-exhibitors,2026
Eurofins EAG Materials Science Netherlands B.V.,,,,,https://location.eurofins.com,,,https://www.linkedin.com/company/eurofins/,https://location.eurofins.com,2026,"NEDS, Netherlands",https://www.nidvexhibition.eu/overview-exhibitors,2026
Evident Inspection Technologies,,"Solve your toughest challenges with our extensive line of NDT, RVI, and industrial inspection equipment.",,,https://ims.evidentscientific.com,,,,https://ims.evidentscientific.com,2026,"NEDS, Netherlands",https://www.nidvexhibition.eu/overview-exhibitors,2026
Exail,,"We pioneer advanced technologies to support you in your most critical operations, from the deep sea to outer space.",,,https://exail.com,"34 rue de la Croix de fer, Saint Germain en laye, 78100",Saint Germain en laye,https://www.linkedin.com/company/exail/,https://exail.com,2026,"NEDS, Netherlands",https://www.nidvexhibition.eu/overview-exhibitors,2026
Extron,,"Discover the innovative world of Extron and learn about the latest in Pro AV integration products, software, news updates, and expert system support.",,800.633.9876,https://extron.com,,,https://www.linkedin.com/company/extron-,https://extron.com,2026,"NEDS, Netherlands",https://www.nidvexhibition.eu/overview-exhibitors,2026
Faes,,"Faes leidt de toekomst van industriële verpakkingen met slimme en duurzame 4PP-oplossingen voor hightech, defensie, entertainment en medische supply chains.",,00310880234300,https://faes.nl,"Hamelendijk 2, Reusel, 5541 RA, Netherlands",Reusel,https://www.linkedin.com/company/faes-thepackagingpeople,https://faes.nl,2026,"NEDS, Netherlands",https://www.nidvexhibition.eu/overview-exhibitors,2026
Festo,,An Overview of available Festo Websites,,,https://festo.com,,,,https://festo.com,2026,"NEDS, Netherlands",https://www.nidvexhibition.eu/overview-exhibitors,2026
FFG,,,info@ffg-flensburg.de,,https://ffg-flensburg.de,,,https://www.linkedin.com/company/ffg-flensburger-fahrzeugbau-gmbh/,https://ffg-flensburg.de,2026,"NEDS, Netherlands",https://www.nidvexhibition.eu/overview-exhibitors,2026
Flensburg Technology Systems GmbH,,"FFG and ELTA partner to deliver advanced, integrated solutions for modern armed forces, tailored to meet national and international needs.",,,https://fts-flensburg.de,,,https://de.linkedin.com/company/flensburg-technology-systems-gmbh,https://fts-flensburg.de,2026,"NEDS, Netherlands",https://www.nidvexhibition.eu/overview-exhibitors,2026
Fokker Services Group,,"Fokker Services Group is an independent aerospace service company with a global reach. Providing comprehensive solutions from its five facilities in Europe, Asia and the Americas, Fokker Services Group is a key partner for regional, narrow-body and wide-body platforms in the Commercial, VIP, Cargo and Defense markets. The organization offers a unique set of capabilities, products and services: ‘Modifications & Engineering Services’ for the latest technical solutions; ‘Component & Material Services’ such as nose-to-tail programs, exchange services, component repairs, parts manufacturing and spares deliveries; ‘Airframe Services’ for aircraft MRO including lease transitions and painting; and ‘Aircraft Completion & Conversion Services’ for Executive, VVIP and Special Mission aircraft.",,,https://fokkerservices.com,,,https://www.linkedin.com/company/fokkerservicesgroup,https://fokkerservices.com,2026,"NEDS, Netherlands",https://www.nidvexhibition.eu/overview-exhibitors,2026
Ford Motor Company Check,,,,,https://ford.co.uk,,,,https://ford.co.uk,2026,"NEDS, Netherlands",https://www.nidvexhibition.eu/overview-exhibitors,2026
Getac Technology Corporation,,"Getac manufactures rugged solutions for demanding users in some of the most demanding environments. Explore our full line of high-performance rugged solutions including laptops, tablets, and more.",,,https://getac.com,,,https://www.linkedin.com/company/getactechnology/,https://getac.com,2026,"NEDS, Netherlands",https://www.nidvexhibition.eu/overview-exhibitors,2026
Geurtsen Defence,,,,,https://mfgeurtsen.nl,,,,https://mfgeurtsen.nl,2026,"NEDS, Netherlands",https://www.nidvexhibition.eu/overview-exhibitors,2026
GKN Aerospace,,,,,https://gknaerospace.com,,,,https://gknaerospace.com,2026,"NEDS, Netherlands",https://www.nidvexhibition.eu/overview-exhibitors,2026
Goliath Hollinda,,,%20maindesk@goliath-hollinda.nl,,https://goliath-hollinda.nl,,,,https://goliath-hollinda.nl,2026,"NEDS, Netherlands",https://www.nidvexhibition.eu/overview-exhibitors,2026
Groenenboom Container Projects & Coating,,Onze projecten Wat onze klanten zeggen Laatste Nieuws Google Reviews Groenenboom Container Projects & Coating op Google,info@groenenboomcs.,+31162433900,https://groenenboomcs.nl,,,https://www.linkedin.com/company/container-service-c.-groenenboom/,https://groenenboomcs.nl,2026,"NEDS, Netherlands",https://www.nidvexhibition.eu/overview-exhibitors,2026
Ground Force Engineering B.V.,,"Metagro staat voor vakmanschap in cabinebouw en innovatieve operator seats. Met focus op ergonomie, service en onderhoud zorgen we voor een veilige, gezonde en efficiënte werkomgeving.",,,https://metagro.nl,,,https://www.linkedin.com/company/metagro-bv/,https://metagro.nl,2026,"NEDS, Netherlands",https://www.nidvexhibition.eu/overview-exhibitors,2026
GTDS Europe B.V.,,,,,https://gtdsinc.com,,,,https://gtdsinc.com,2026,"NEDS, Netherlands",https://www.nidvexhibition.eu/overview-exhibitors,2026
HEICO Benelux,,,,,https://heico-group.com,,,,https://heico-group.com,2026,"NEDS, Netherlands",https://www.nidvexhibition.eu/overview-exhibitors,2026
Height Technologies,,,,,https://heighttechnologies.com,,,,https://heighttechnologies.com,2026,"NEDS, Netherlands",https://www.nidvexhibition.eu/overview-exhibitors,2026
Hensoldt,,HENSOLDT is a global high-tech pioneer for defence and security electronics and a market leader in civilian and military sensor solutions.,info@hensoldt.net,+4989 51518-0,https://hensoldt.net,,,https://www.linkedin.com/company/hensoldt,https://hensoldt.net,2026,"NEDS, Netherlands",https://www.nidvexhibition.eu/overview-exhibitors,2026
Hexonia GmbH,,,info@hexonia.de,+49 2153 8031 600,http://hexonia.de,,,https://www.linkedin.com/company/hexonia-gmbh/,http://hexonia.de,2026,"NEDS, Netherlands",https://www.nidvexhibition.eu/overview-exhibitors,2026
Heynen B.V.,,"Heynen, works for innovators. We are proud to supply you with professional electronics solutions from the top class suppliers we work with. We choose to work with innovative developers and manufacturers who offer industry leading products.",heynen@heynen.com,0031485550909,http://heynen.com,,,https://www.linkedin.com/company/heynen/,http://heynen.com,2026,"NEDS, Netherlands",https://www.nidvexhibition.eu/overview-exhibitors,2026
High Eye,,"High Eye develops the Airboxer unmanned helicopter system for long-endurance ISR, maritime surveillance, mapping and critical infrastructure missions.",,,https://higheye.com,,,https://www.linkedin.com/company/828725/,https://higheye.com,2026,"NEDS, Netherlands",https://www.nidvexhibition.eu/overview-exhibitors,2026
Hittech Group B.V.,,"Discover Hittech: High-end engineering for MedTech, semicon, and robotics. Precision solutions from design to production for innovative industries. Explore now!",pbakker@hittech.com,+31 70 75 75 000,https://hittech.com,,,https://www.linkedin.com/company/hittech-group-bv/?viewAsMember=true%20,https://hittech.com,2026,"NEDS, Netherlands",https://www.nidvexhibition.eu/overview-exhibitors,2026
Hive Aerospace Collective,,,,,https://hive-aerospace.nl,,,,https://hive-aerospace.nl,2026,"NEDS, Netherlands",https://www.nidvexhibition.eu/overview-exhibitors,2026
Hoeflon B.V.,,"Discover the power of Hoeflon Compact Cranes. Sustainable, versatile and always reliable. ✓Innovative ✓Energy-efficient ✓Top quality",,+31(0)342400288,https://hoeflon.com,"Zwolleweg 2, Barneveld, 3771 NR, Nederland",Barneveld,https://www.linkedin.com/company/hoefloninternational,https://hoeflon.com,2026,"NEDS, Netherlands",https://www.nidvexhibition.eu/overview-exhibitors,2026
Hoffmann Group,,"Hoffmann Group - high quality tools worldwide available, milling, moulding, cutting, measuring, grinding, handtools, workshopequipment, knowhow, service",,,https://hoffmann-group.com,,,https://www.linkedin.com/company/hoffmanngroupuk,https://hoffmann-group.com,2026,"NEDS, Netherlands",https://www.nidvexhibition.eu/overview-exhibitors,2026
Horizon Flevoland,,,,,https://horizonflevoland.nl,,,,https://horizonflevoland.nl,2026,"NEDS, Netherlands",https://www.nidvexhibition.eu/overview-exhibitors,2026
HPE,,,,,https://hpe.com,,,,https://hpe.com,2026,"NEDS, Netherlands",https://www.nidvexhibition.eu/overview-exhibitors,2026
HTM Technologies,,"Precision machining partner for complex parts and assemblies with certified quality for aerospace, defence and high tech and full control.",info@htm-technologies.com,+31742554040,http://htm-technologies.com,,,https://www.linkedin.com/company/htm-technologies/,http://htm-technologies.com,2026,"NEDS, Netherlands",https://www.nidvexhibition.eu/overview-exhibitors,2026
Hyllus Systems B.V.,,,,,https://hyllus-systems.com,,,,https://hyllus-systems.com,2026,"NEDS, Netherlands",https://www.nidvexhibition.eu/overview-exhibitors,2026
ICEYE,,ICEYE is the world leader in sovereign intelligence from space.,,,https://iceye.com,,,https://fi.linkedin.com/company/iceye,https://iceye.com,2026,"NEDS, Netherlands",https://www.nidvexhibition.eu/overview-exhibitors,2026
ICT TriOpSys,,Als specialist in mission critical IT helpen wij organisaties waar security en continuïteit er toe doen.,,,https://triopsys.nl,,,,https://triopsys.nl,2026,"NEDS, Netherlands",https://www.nidvexhibition.eu/overview-exhibitors,2026
IDV,,,,,https://idvgroup.com,,,,https://idvgroup.com,2026,"NEDS, Netherlands",https://www.nidvexhibition.eu/overview-exhibitors,2026
IHC Defence,,,,,https://royalihc.com,,,,https://royalihc.com,2026,"NEDS, Netherlands",https://www.nidvexhibition.eu/overview-exhibitors,2026
Ilias Solutions A&D,,,marketing@ilias-solutions.com,,https://ilias-solutions.com,,,https://www.linkedin.com/company/ilias-solutions/,https://ilias-solutions.com,2026,"NEDS, Netherlands",https://www.nidvexhibition.eu/overview-exhibitors,2026
Intelic,,"Autonomy software built for modern defense, Intelic connects air and ground umanned verhicles for military missions.",,,https://intelic.ai,"Kraanspoor 37, Amsterdam, 1033 SC, Netherlands",Amsterdam,https://www.linkedin.com/company/intelic-ai,https://intelic.ai,2026,"NEDS, Netherlands",https://www.nidvexhibition.eu/overview-exhibitors,2026
Intronics,,,,,https://intronics.nl,,,,https://intronics.nl,2026,"NEDS, Netherlands",https://www.nidvexhibition.eu/overview-exhibitors,2026
ISISPACE,,,,,https://isispace.nl,,,https://www.linkedin.com/company/isis---innovative-solutions-in-space-bv,https://isispace.nl,2026,"NEDS, Netherlands",https://www.nidvexhibition.eu/overview-exhibitors,2026
ISOTREX Land Systems B.V.,,Isotrex is an global industry leader in tactical and civilian armored vehicles with thousands of vehicles deployed around the world.,info@isotrex.com,+971 04 591 5423,https://isotrex.com,"05590 60289, Dubai, AE",Dubai,,https://isotrex.com,2026,"NEDS, Netherlands",https://www.nidvexhibition.eu/overview-exhibitors,2026
Iv,,,,,https://iv.nl,,,,https://iv.nl,2026,"NEDS, Netherlands",https://www.nidvexhibition.eu/overview-exhibitors,2026
Jump Innovations B.V.,,"Innovatieve Digitale Partner — Jump adviseert, ontwikkelt, implementeert maatwerk apps. Begeleid digitale transformaties. Creeër inzicht door datamanagement. Contact ons voor vrijblijvende demo! Mendix Specialist.",janmaarten@jump.nl,06 – 2208 2817,https://jump.nl,"Stationsplein 4L, Zwijndrecht, Zuid-Holland, 3331 LL, Netherlands",Zwijndrecht,https://www.linkedin.com/company/jumpnl/,https://jump.nl,2026,"NEDS, Netherlands",https://www.nidvexhibition.eu/overview-exhibitors,2026
Kirintec,,Kirintec is an agile defence and security business specalising in the design and production of innovative security technology solutions.,,,https://kirintec.com,,,https://www.linkedin.com/company/kirintec/,https://kirintec.com,2026,"NEDS, Netherlands",https://www.nidvexhibition.eu/overview-exhibitors,2026
Kiwa Nederland B.V.,,"We test, inspect and certify to create trust in your products, services, processes, (management) systems and employees. Kiwa is a global specialist in Testing, Inspection, Certification (TIC) and Training.",,+31 (0)88 998 44 00,https://kiwa.com,"Sir Winston Churchilllaan 273, Rijswijk, Nederland",Rijswijk,https://www.linkedin.com/company/kiwa,https://kiwa.com,2026,"NEDS, Netherlands",https://www.nidvexhibition.eu/overview-exhibitors,2026
KMWE Aerospace,,"KMWE designs, builds and continuously improves high tech components, modules and systems based on precision engineering and machining.",,,https://kmwe.com,,,https://nl.linkedin.com/company/kmwe,https://kmwe.com,2026,"NEDS, Netherlands",https://www.nidvexhibition.eu/overview-exhibitors,2026
KNDS,,"KNDS unites Krauss-Maffei Wegmann and Nexter, leading European military land system manufacturers from Germany and France.",,,https://knds.com,,,,https://knds.com,2026,"NEDS, Netherlands",https://www.nidvexhibition.eu/overview-exhibitors,2026
KPN,,"Met KPN Combivoordeel stel je al jouw thuis en mobiele abonnementen zelf samen. Internet, mobiel, TV, entertainment en meer. Via het netwerk van Nederland.",,,https://kpn.com,,,https://www.linkedin.com/company/kpn,https://kpn.com,2026,"NEDS, Netherlands",https://www.nidvexhibition.eu/overview-exhibitors,2026
KVE Composites B.V.,,,info@kve.nl,,https://kve.nl,,,https://www.linkedin.com/company/kve-composites/?originalSubdomain=nl,https://kve.nl,2026,"NEDS, Netherlands",https://www.nidvexhibition.eu/overview-exhibitors,2026
Kärcher Futuretech,,"Kärcher Futuretech entwickelt und produziert mobile Systeme im Bereich CBRN-Dekontamination, Trinkwasserversorgung, Verpflegung und Feldlager.",,+497195143300,https://karcher-futuretech.com,,,https://www.linkedin.com/company/kaercher-futuretech-gmbh,https://karcher-futuretech.com,2026,"NEDS, Netherlands",https://www.nidvexhibition.eu/overview-exhibitors,2026
L3 Harris Technologies,,"At L3Harris, we anticipate and mitigate risk with agile end-to-end solutions that meet our customers' mission-critical needs across all domains.",,,https://l3harris.com,,,https://www.linkedin.com/company/l3harris-technologies/,https://l3harris.com,2026,"NEDS, Netherlands",https://www.nidvexhibition.eu/overview-exhibitors,2026
Lamba Technologies,,"Lamba Technologies supplies professional electronic components and engineering services to Europe's most demanding industries — RF & Microwave, Electromechanical & Optical, Frequency Control, Navigation and Power. Distribution, design-in, custom build and system integration.",info@lambatechnologies.com,+31651266414,https://lambatechnologies.com,,,,https://lambatechnologies.com,2026,"NEDS, Netherlands",https://www.nidvexhibition.eu/overview-exhibitors,2026
LaserAlliance,,Brainport Eindhoven is Europe's most innovative technology region. Over 5000 high tech and IT companies work together in a unique ecosystem.,,,https://brainporteindhoven.com,,,https://www.linkedin.com/company/brainport-eindhoven/,https://brainporteindhoven.com,2026,"NEDS, Netherlands",https://www.nidvexhibition.eu/overview-exhibitors,2026
Leidel und Kracht Defence Solutions,,Die Unternehmen der Leidel & Kracht Gruppe verbindet der Schaumstoff und unterscheiden sich in der Spezialisierung.,defence.solutions@lk-verpackung.de,,https://leidel-kracht.de,,,https://www.linkedin.com/company/leidel-kracht-verpackungs-technik/,https://leidel-kracht.de,2026,"NEDS, Netherlands",https://www.nidvexhibition.eu/overview-exhibitors,2026
LEMO Connectors B.V.,,"Explore LEMO's original push-pull connectors, delivering high-performance interconnect solutions for demanding environments for over 80 years.",,,https://lemo.com,,,https://www.linkedin.com/company/lemo/,https://lemo.com,2026,"NEDS, Netherlands",https://www.nidvexhibition.eu/overview-exhibitors,2026
LS telcom AG,,"Welcome to the LS telcom homepage! We deliver technologies and services to national and international regulatory bodies, to mobile and broadcast operators, to public safety, transport, utilities, oil & gas, defense, and vertical markets. In an increasingly connected world, we optimize spectrum management and use and enable new business models based on IoT.",,+4972279535600,https://lstelcom.com,,,https://www.linkedin.com/company/ls-telcom,https://lstelcom.com,2026,"NEDS, Netherlands",https://www.nidvexhibition.eu/overview-exhibitors,2026
MARIN,,"Research institute MARIN is a provider of advanced expertise and independent research for the maritime industry. Better Ships, Blue Oceans.",info@marin.nl,0031317493911,https://marin.nl,,,https://www.linkedin.com/company/marin/,https://marin.nl,2026,"NEDS, Netherlands",https://www.nidvexhibition.eu/overview-exhibitors,2026
Masévon Technology,,"Masévon Group: Make Complex Easy. Wereldwijd actief in mechatronische systemen voor semicon, defensie, big science en medische technologie.",info@masevon.com,+31 (0)523 23 85 60,https://masevon.com,,,,https://masevon.com,2026,"NEDS, Netherlands",https://www.nidvexhibition.eu/overview-exhibitors,2026
Mehler Protection,,"Explore advanced body armour and platform protection solutions, trusted globally for innovation and reliability.",,,https://mehler-protection.com,,,https://www.linkedin.com/company/mehler-protection/,https://mehler-protection.com,2026,"NEDS, Netherlands",https://www.nidvexhibition.eu/overview-exhibitors,2026
Meilink Borculo,,"Specialist in het ontwerpen/vervaardigen van bestendige verpakkingen, het vakkundig verpakken, hightech reinigen en vervoeren van kapitaalgoederen.",,,https://meilink.com,,,https://www.linkedin.com/company/meilink,https://meilink.com,2026,"NEDS, Netherlands",https://www.nidvexhibition.eu/overview-exhibitors,2026
Milrem Robotics B.V.,,"Milrem Robotics unmanned tech is combat-ready, ensuring operational effectiveness, tactical advantages, and the safeguarding our troops’ lives.",,3726620865,https://milremrobotics.com,,,https://www.linkedin.com/company/milremrobotics,https://milremrobotics.com,2026,"NEDS, Netherlands",https://www.nidvexhibition.eu/overview-exhibitors,2026
Ministry of Economic Affairs and Climate Policy,,Rijksoverheid.nl is de website van het Rijk met uitleg en nieuws over wet- en regelgeving van alle ministeries.,,,http://rijksoverheid.nl,,,,http://rijksoverheid.nl,2026,"NEDS, Netherlands",https://www.nidvexhibition.eu/overview-exhibitors,2026
Motorola Solutions,,"Motorola Solutions is a leader in mission-critical communications products, solutions & services for communities & businesses. Learn more!",,+1-847-576-5000,https://motorolasolutions.com,,,https://www.linkedin.com/company/motorolasolutions/,https://motorolasolutions.com,2026,"NEDS, Netherlands",https://www.nidvexhibition.eu/overview-exhibitors,2026
Nanuk EU,,"NANUK - World's Best Protective Cases Built to Organize, Protect and Carry. Fast and Free Shipping – SHOP NOW! Lifetime warranty - MIL-Spec Certified - 31 sizes and growing – Customization Services – Commercial quotes available",jobs@nanuk.com,+31503128694,https://nanuk.eu,"9761 TD, Eelde, Netherlands",Eelde,https://www.linkedin.com/company/plasticase-inc,https://nanuk.eu,2026,"NEDS, Netherlands",https://www.nidvexhibition.eu/overview-exhibitors,2026
Naval Group,,"Acteur international du naval de défense, Naval Group est partenaire des États dans la maîtrise de leur souveraineté maritime.",,,http://naval-group.com,,,https://www.linkedin.com/company/naval-group,http://naval-group.com,2026,"NEDS, Netherlands",https://www.nidvexhibition.eu/overview-exhibitors,2026
ND SatCom,,,,,http://ndsatcom.com,,,,http://ndsatcom.com,2026,"NEDS, Netherlands",https://www.nidvexhibition.eu/overview-exhibitors,2026
Nedinsco B.V.,,"Nedinsco develops and produces opto-mechatronical systems. We provide visibility to our customers, even under the most difficult conditions.",info@nedinsco.com,+31 (0)77 355 87 77,https://nedinsco.com,,,https://www.linkedin.com/company/nedinsco-bv/,https://nedinsco.com,2026,"NEDS, Netherlands",https://www.nidvexhibition.eu/overview-exhibitors,2026
Nevesbu B.V.,,,,,https://nevesbu.com,,,,https://nevesbu.com,2026,"NEDS, Netherlands",https://www.nidvexhibition.eu/overview-exhibitors,2026
NLR - Royal Netherlands Aerospace Centre,,,,,https://nlr - royal netherlands aerospace centre,,,,https://nlr - royal netherlands aerospace centre,2026,"NEDS, Netherlands",https://www.nidvexhibition.eu/overview-exhibitors,2026
NUNC Capital B.V.,,"NUNC Capital is a venture-building investment firm specializing in defense tech, backing innovators in unmanned systems, mission-critical software, and more.",hello@nunccapital.com,+31 (0) 88 532 3410,https://nunccapital.com,,,https://www.linkedin.com/company/nunc-capital-bv/,https://nunccapital.com,2026,"NEDS, Netherlands",https://www.nidvexhibition.eu/overview-exhibitors,2026
Oko Camera,,,,,https://oko.camera,,,,https://oko.camera,2026,"NEDS, Netherlands",https://www.nidvexhibition.eu/overview-exhibitors,2026
OPACKGROUP,,"OPACKGROUP, the sustainable innovator in sustainable and flexible packaging, with innovative solutions for various sectors.",info@opackgroup.com,0031416358100,https://opackgroup.com,,,https://www.linkedin.com/company/opackgroup/mycompany/?viewAsMember=true,https://opackgroup.com,2026,"NEDS, Netherlands",https://www.nidvexhibition.eu/overview-exhibitors,2026
Optics11,,"Experience the cutting-edge of fiber optic sensing solutions with Optics11, a global leader empowering data-driven decision-making for a secure society. Optics11 specializes in reliable, highly sensitive, and accurate monitoring solutions, catering to the critical needs of sectors such as energy and defense. Trusted by industry leaders such as Airbus and Sony, these solutions enhance operational efficiency through real-time data monitoring. In the energy sector, Optics11's technology excels in partial discharge monitoring for transformers, cable joints, and switchgear across diverse settings. This technology is specifically engineered to protect vital assets, ensuring their safe and reliable operation, while minimizing downtime. In the defense sector, Optics11 offers advanced systems that provide situational awareness and bolster security. These solutions help military organizations detect and locate threats, monitor perimeters, and protect critical underwater infrastructure. With deep expertise in fiber optic sensing and a commitment to progress, Optics11's innovative solutions are leading the way in sensing technology. Embrace data-driven decision-making with Optics11, shaping a more secure and efficient world.",,,https://optics11.com,,,https://www.linkedin.com/company/optics11bv,https://optics11.com,2026,"NEDS, Netherlands",https://www.nidvexhibition.eu/overview-exhibitors,2026
OPTO-MST,,"We specialise in the Development and Production of Laser-Detection, -Reconnaissance and Tracking System",info@opto-mst.de,+49 361 663 2422,https://opto-mst.vision,,,,https://opto-mst.vision,2026,"NEDS, Netherlands",https://www.nidvexhibition.eu/overview-exhibitors,2026
Panaro Services B.V.,,,,,https://panaroservices.com,,,,https://panaroservices.com,2026,"NEDS, Netherlands",https://www.nidvexhibition.eu/overview-exhibitors,2026
Patria,,Patria is a modern and international defence and technology company with over 100 years of experience.,,,https://patriagroup.com,,,https://www.linkedin.com/company/patria,https://patriagroup.com,2026,"NEDS, Netherlands",https://www.nidvexhibition.eu/overview-exhibitors,2026
Pexip,,Secure your video meetings with Pexip's self-hosted solution for ultimate privacy and control. Seamlessly connect across meeting platforms and meeting rooms. Trusted by tech giants and governments worldwide.,,,https://pexip.com,,,https://www.linkedin.com/company/pexip/,https://pexip.com,2026,"NEDS, Netherlands",https://www.nidvexhibition.eu/overview-exhibitors,2026
PhotonFirst,,"PhotonFirst fiber optic sensing solutions: Turn light into actionable data using reliable, affordable and scalable products for precise asset measurements",team@photonfirst.com,0031850076700,https://photonfirst.com,,,http://linkedin.com/company/photonfirst,https://photonfirst.com,2026,"NEDS, Netherlands",https://www.nidvexhibition.eu/overview-exhibitors,2026
Prezis,,,,,https://prezis.eu,,,,https://prezis.eu,2026,"NEDS, Netherlands",https://www.nidvexhibition.eu/overview-exhibitors,2026
Profile Equipment,,,,,https://profile equipment,,,,https://profile equipment,2026,"NEDS, Netherlands",https://www.nidvexhibition.eu/overview-exhibitors,2026
Providence Europe B.V.,,"Providence provides government, defence, and law enforcement customers with bespoke capability development initiatives, equipment procurement solutions, and best in class operational training.",,,https://providenceitf.com,,,,https://providenceitf.com,2026,"NEDS, Netherlands",https://www.nidvexhibition.eu/overview-exhibitors,2026
Prowise Interactive displays,,Prowise ontwikkelt digitale leeroplossingen om leerkrachten ondersteuning te bieden. Op maat van de klas én de leerling.,feedback@prowise.com,00310495497110,https://prowise.com,,,https://www.linkedin.com/company/prowise-bv/,https://prowise.com,2026,"NEDS, Netherlands",https://www.nidvexhibition.eu/overview-exhibitors,2026
Radial Torque Tools,,Welkom op de website van Radial Torque Tools. Dé exclusieve distributeur van RAD Momentsleutels voor Europa en Noord-Afrika.,sales@radialtorque.eu,+31355882450,https://radialtorque.eu,,,https://www.linkedin.com/company/radial-torque-tools-bv/,https://radialtorque.eu,2026,"NEDS, Netherlands",https://www.nidvexhibition.eu/overview-exhibitors,2026
Refitech B.V.,,"Specialized in the engineering and series production of composite components, since 1989. Efficient production processes. In-house CNC milling. Experts in product assemblies.",,+31416330589,https://refitech.eu,,,https://www.linkedin.com/company/refitechcompositesolutions,https://refitech.eu,2026,"NEDS, Netherlands",https://www.nidvexhibition.eu/overview-exhibitors,2026
Regout Group,,Met circa 275 vakmensen en bijna 200 jaar ervaring vormt de Regout Group een sterke familie van gespecialiseerde bedrijven.,,+31433516666,https://regoutgroup.com,,,,https://regoutgroup.com,2026,"NEDS, Netherlands",https://www.nidvexhibition.eu/overview-exhibitors,2026
Reiser Simulation and Training GmbH,,"Full flight simulators, flight training devices, XR simulation and hoist trainers, built near Munich. EASA and FAA qualified. Family-owned since 1988.",,,https://reiser-st.com,,,https://www.linkedin.com/company/reiser-simulation-and-training/,https://reiser-st.com,2026,"NEDS, Netherlands",https://www.nidvexhibition.eu/overview-exhibitors,2026
Renishaw,,"Providing solutions for precision measurement and process control, additive manufacturing, position and motion control, and industrial automation, as well as healthcare and scientific applications.",,,https://renishaw.com,,,https://www.linkedin.com/company/renishaw,https://renishaw.com,2026,"NEDS, Netherlands",https://www.nidvexhibition.eu/overview-exhibitors,2026
RH Marine,,"Optimaliseer uw maritieme prestaties met RH Marine, de onafhankelijke en toonaangevende systeemintegrator en innovator van elektrische- en automatiseringssystemen.",info@rhmarine.com,+31104871911,https://rhmarine.com,,,https://www.linkedin.com/company/rh-marine/,https://rhmarine.com,2026,"NEDS, Netherlands",https://www.nidvexhibition.eu/overview-exhibitors,2026
Rheinmetall AG,,Rheinmetall Defence Nederland levert voertuigen van de volgende generatie voor de Nederlandse strijdkrachten en maakt deel uit van het ARTEC Boxer consortium.,,+31 88 1302 500,https://rheinmetall.nl,"Rheinmetall Platz 1, Dusseldorf, 40476, Germany",Dusseldorf,,https://rheinmetall.nl,2026,"NEDS, Netherlands",https://www.nidvexhibition.eu/overview-exhibitors,2026
Robin Radar Systems,,"Detect, monitor and track airborne threats in a wide range of conditions with advanced bird and drone detection radar systems.",info@robinradar.com,+31 8 8700 8700,https://robinradar.com,,,https://www.linkedin.com/company/robin-radar-systems-b-v-/,https://robinradar.com,2026,"NEDS, Netherlands",https://www.nidvexhibition.eu/overview-exhibitors,2026
Rohde & Schwarz,,"Rohde & Schwarz is ensuring a safer and connected world with its Test & Measurement, Technology Systems and Networks & Cybersecurity Divisions.",sales.rsindia@rohde-schwarz.com,,https://rohde-schwarz.com,,,https://www.linkedin.com/company/rohde-&-schwarz,https://rohde-schwarz.com,2026,"NEDS, Netherlands",https://www.nidvexhibition.eu/overview-exhibitors,2026
Rondal,,At Rondal we design and manufacture high-performance sailing systems and components for superyachts that bring out the best in sailing.,info@rondal.com,+31527243500,https://rondal.com,,,https://www.linkedin.com/company/rondal,https://rondal.com,2026,"NEDS, Netherlands",https://www.nidvexhibition.eu/overview-exhibitors,2026
Roossien,,"Roossien ontwerpt, produceert en monteert maatwerk kooiladders, bordestrappen, brugtrappen en dakveiligheid. Specialist in veilig werken op hoogte.",,+31598393373,https://roossien.nl,"A. Einsteinlaan 43, Kolham, 9615 TE, Netherlands",Kolham,,https://roossien.nl,2026,"NEDS, Netherlands",https://www.nidvexhibition.eu/overview-exhibitors,2026
Rösler Benelux B.V.,,,,,https://rosler.com,,,,https://rosler.com,2026,"NEDS, Netherlands",https://www.nidvexhibition.eu/overview-exhibitors,2026
S&T,,"At S[&]T we contribute to a safer life on Earth by translating space data into valuable and actionable insights. With over two decades of expertise we empower organisations, governments, and industries to strengthen their information position and enhance decision-making.",,,https://stcorp.nl,,,,https://stcorp.nl,2026,"NEDS, Netherlands",https://www.nidvexhibition.eu/overview-exhibitors,2026
SAAB AB,,"Saab serves the global market of governments, authorities and corporations with products, services and solutions ranging from military defence to civil security.",,+4613180000,https://saab.com,,,https://www.linkedin.com/company/saab,https://saab.com,2026,"NEDS, Netherlands",https://www.nidvexhibition.eu/overview-exhibitors,2026
Safety Masters B.V.,,"Safety Masters, Masters in Safety",,,https://safetymastersinternational.com,,,,https://safetymastersinternational.com,2026,"NEDS, Netherlands",https://www.nidvexhibition.eu/overview-exhibitors,2026
Safetyraft,,"Our single-person SafetyRaft® is the ultimate lifeline, specifically engineered for life-saving performance in any water emergency, with a focus on cold water survival. This personal survival system offers a full-body life raft designed to enhance survival in maritime, marine, naval, offshore and wind park rescue scenarios. Lightweight and compact, the raft is packed in a convenient backpack and automatically deploys upon water immersion, with the option for manual inflation.",karin@safetyraft.com,+31855360435,https://safetyraft.com,"5 Wijnbergseweg, Braamt, GE, 7047 CZ, Netherlands",Braamt,https://www.linkedin.com/company/wix-com,https://safetyraft.com,2026,"NEDS, Netherlands",https://www.nidvexhibition.eu/overview-exhibitors,2026
Sandgrain B.V.,,"SandGrain’s CyberRock delivers immutable hardware, post-quantum resilience, and easy to implement cloud security.",,,https://sandgrain.eu,,,https://www.linkedin.com/company/sandgrain-b-v/?viewAsMember=true,https://sandgrain.eu,2026,"NEDS, Netherlands",https://www.nidvexhibition.eu/overview-exhibitors,2026
Scura,,,,,https://scura.ai,,,,https://scura.ai,2026,"NEDS, Netherlands",https://www.nidvexhibition.eu/overview-exhibitors,2026
Sectra Communication B.V.,,"Sectra Communications is a leading provider of trustworthy, state-of-the-art solutions for every level of secure communication and information exchange.",webmaster@sectra.com,,https://communications.sectra.com,,,http://www.linkedin.com/company/sectra,https://communications.sectra.com,2026,"NEDS, Netherlands",https://www.nidvexhibition.eu/overview-exhibitors,2026
Sentyron,,"With more than two decades of experience, Sentyron promises absolute certainty: the confidentiality and integrity of information, guaranteed.",contact@sentyron.com,+31152847999,https://sentyron.com,,,https://www.linkedin.com/company/sentyron/,https://sentyron.com,2026,"NEDS, Netherlands",https://www.nidvexhibition.eu/overview-exhibitors,2026
Settels Savenije Group of Companies,,,,,https://sttls.nl,,,https://www.linkedin.com/company/settels-savenije/,https://sttls.nl,2026,"NEDS, Netherlands",https://www.nidvexhibition.eu/overview-exhibitors,2026
Shield AI,,,,,https://shield.ai,,,,https://shield.ai,2026,"NEDS, Netherlands",https://www.nidvexhibition.eu/overview-exhibitors,2026
Simac Electronics B.V.,,,,+31 (0) 416 387 700,https://simacelectronics.nl,,,https://www.linkedin.com/company/simac-electronics-bv/,https://simacelectronics.nl,2026,"NEDS, Netherlands",https://www.nidvexhibition.eu/overview-exhibitors,2026
Sioux Technologies B.V.,,"Sioux Technologies is a strategic high-tech solutions provider that develops, innovates and assembles complex high-tech systems with advanced Software, Mathware, Electronics and Mechatronics. Sioux's strength lies in the high-quality multidisciplinary knowledge of our people. They make the difference.",,,https://sioux.eu,,,https://linkedin.com/company/sioux,https://sioux.eu,2026,"NEDS, Netherlands",https://www.nidvexhibition.eu/overview-exhibitors,2026
Solico Engineering B.V.,,"Solico is one of the world's largest composite engineering company, and has been active in this line of work since 1990. We have provided composite engineering and manufacturing solutions for numerous prominent clients in various sectors, such as: Architecture​, Defence, Industrial and Maritime.",,,https://solico.nl,,,https://www.linkedin.com/company/solico-b.v./,https://solico.nl,2026,"NEDS, Netherlands",https://www.nidvexhibition.eu/overview-exhibitors,2026
Sopra Steria,,"Sopra Steria, a European Tech leader recognised for its consulting, digital services and software development, helps its clients drive their digital transformation to obtain tangible and sustainable benefits.",,,https://soprasteria.com,,,https://www.linkedin.com/company/soprasteria,https://soprasteria.com,2026,"NEDS, Netherlands",https://www.nidvexhibition.eu/overview-exhibitors,2026
SOTI B.V.,,SOTI goes beyond traditional MDM/EMM/UEM by providing enterprise software solutions that allow companies to manage and optimize all their mobile hardware.,,+1-905-624-9828,https://soti.net,"1950 Meadowvale Blvd, Mississauga, ON, L5N 8L9, CA",Mississauga,https://ca.linkedin.com/company/soti,https://soti.net,2026,"NEDS, Netherlands",https://www.nidvexhibition.eu/overview-exhibitors,2026
Stauder Technologies Europe,,Stauder Technologies is a trusted partner to US defense forces and over 20 allied nations. We deliver tactical software and hardware integration solutions specializing in advanced capabilities to maximize battlefield situational awareness and digital mission support for accurate and timely decision,,,https://staudertech.com,,,,https://staudertech.com,2026,"NEDS, Netherlands",https://www.nidvexhibition.eu/overview-exhibitors,2026
StratDef Logistics B.V.,,Powering mission critical supply chains across the world's most demanding sectors.,,,https://stratdef.com,,,https://www.linkedin.com/company/stratdef-logistics/,https://stratdef.com,2026,"NEDS, Netherlands",https://www.nidvexhibition.eu/overview-exhibitors,2026
SurCom International,,"De veiligheid en effectiviteit van individuele militairen, eenheden en civiele veiligheidsdiensten is onze missie.",info@surcom.nl,+ 31 (0) 318 47 70 50,https://surcom.nl,,,https://www.linkedin.com/company/surcom-international-bv/?originalSubdomain=nl,https://surcom.nl,2026,"NEDS, Netherlands",https://www.nidvexhibition.eu/overview-exhibitors,2026
Systerra computer GmbH,,Rugged Systeme und Netzwerkkomponenten,,,https://systerra.de,,,,https://systerra.de,2026,"NEDS, Netherlands",https://www.nidvexhibition.eu/overview-exhibitors,2026
T-Minus Engineering B.V.,,Leading the way to suborbital space. T-Minus Engineering provides rocket launches for science and defence.,,+31619778736,https://t-minus.nl,,,https://www.linkedin.com/company/t-minus-engineering,https://t-minus.nl,2026,"NEDS, Netherlands",https://www.nidvexhibition.eu/overview-exhibitors,2026
Talentmark Nederland B.V.,,Specialist in recruitment voor Defensie industrie. Jouw carrière start hier! Ontdek de vacatures bij Talentmark & solliciteer eenvoudig.,,,https://talentmarkdefense.com,,,https://www.linkedin.com/company/talentmark-defense/,https://talentmarkdefense.com,2026,"NEDS, Netherlands",https://www.nidvexhibition.eu/overview-exhibitors,2026
Technolution,,"About Technolution With multidisciplinary expertise, thorough domain knowledge and every possible technology, we create reliable, innovative solutions that are an asset to your organization. How can we help you? Your question answered right away?We’re here for you.",info@technolution.com,+31182594000,https://technolution.eu,,,https://linkedin.com/company/technolution/,https://technolution.eu,2026,"NEDS, Netherlands",https://www.nidvexhibition.eu/overview-exhibitors,2026
Tective,,"Tective builds SkyHive, an autonomous drone Launch and Recovery system for persistent ISR, early warning, and scalable remote drone operations.",,,https://tective.nl,,,,https://tective.nl,2026,"NEDS, Netherlands",https://www.nidvexhibition.eu/overview-exhibitors,2026
Teksam Company N.V.,,,info@teksamco.com,+3289384472,https://teksamco.com,,,https://www.linkedin.com/company/22977733,https://teksamco.com,2026,"NEDS, Netherlands",https://www.nidvexhibition.eu/overview-exhibitors,2026
Teledyne Adimec & Teledyne FLIR OEM,,"Teledyne Adimec’s industrial cameras for the perfect fit in your most demanding application in machine Vision, Healthcare and Global Security markets",,,https://adimec.com,,,https://www.linkedin.com/company/54013/,https://adimec.com,2026,"NEDS, Netherlands",https://www.nidvexhibition.eu/overview-exhibitors,2026
Telerex B.V.,,"Telerex importeert en distribueert hoogwaardige elektronische producten in de Benelux. Wij vereenvoudigen uw supply chain, versnellen uw time-to-market en bieden technische ondersteuning voor optimale productprestaties.",,,https://telerex-europe.com,,,,https://telerex-europe.com,2026,"NEDS, Netherlands",https://www.nidvexhibition.eu/overview-exhibitors,2026
Tergberg Special Vehicles,,"Explore the Terberg range of terminal tractors, yard tractors and RoRo tractors built for shunting in container terminals, RoRo terminals in ports, distribution centers, industrial sites and recycling.",,,https://terbergspecialvehicles.com,,,,https://terbergspecialvehicles.com,2026,"NEDS, Netherlands",https://www.nidvexhibition.eu/overview-exhibitors,2026
Thales,,,,,https://thalesgroup.com,,,,https://thalesgroup.com,2026,"NEDS, Netherlands",https://www.nidvexhibition.eu/overview-exhibitors,2026
The IP Company,,,,,https://theipcompany.nl,,,,https://theipcompany.nl,2026,"NEDS, Netherlands",https://www.nidvexhibition.eu/overview-exhibitors,2026
Theon Sensors S.A.,,,,+30 2106641420,http://theon.com,,,https://www.linkedin.com/company/theon-international/,http://theon.com,2026,"NEDS, Netherlands",https://www.nidvexhibition.eu/overview-exhibitors,2026
Thermodyne B.V.,,,info@fawic.nl,+31546767250,https://fawic.nl,,,,https://fawic.nl,2026,"NEDS, Netherlands",https://www.nidvexhibition.eu/overview-exhibitors,2026
Titomic Europe B.V.,,,,,https://titomic.com,,,,https://titomic.com,2026,"NEDS, Netherlands",https://www.nidvexhibition.eu/overview-exhibitors,2026
TKF,,"TKF heeft meer dan 85 jaar expertise in connectivity solutions, kabels en systemen, voor betrouwbare energie- en dataverbindingen.",,,http://tkf.nl,,,https://www.linkedin.com/company/780806,http://tkf.nl,2026,"NEDS, Netherlands",https://www.nidvexhibition.eu/overview-exhibitors,2026
TKF Telecom,,"More than 85 years of expertise in connectivity solutions, cables and systems, for energy and data connections",,,https://tkf-telecom.eu,,,https://www.linkedin.com/company/780806,https://tkf-telecom.eu,2026,"NEDS, Netherlands",https://www.nidvexhibition.eu/overview-exhibitors,2026
TNO,,Impactvolle innovaties creëren voor duurzaam welzijn en welvaart van de samenleving.,,,http://tno.nl,,,https://www.linkedin.com/company/tno/,http://tno.nl,2026,"NEDS, Netherlands",https://www.nidvexhibition.eu/overview-exhibitors,2026
Touchwaves,,"Touchwaves is a TNO spin-off pioneering next-gen wearables that combine haptics, smart textile biosensors, and intelligent data to elevate human performance.",hello@touchwaves.io,,https://touchwaves.io,"31 High Tech Campus, Eindhoven, NB, 5656 AE, Netherlands",Eindhoven,https://www.linkedin.com/company/touchwaves/,https://touchwaves.io,2026,"NEDS, Netherlands",https://www.nidvexhibition.eu/overview-exhibitors,2026
Tradinco Instruments,,,,,https://tradinco.com,,,,https://tradinco.com,2026,"NEDS, Netherlands",https://www.nidvexhibition.eu/overview-exhibitors,2026
Triangular Group,,,,,https://triangulargroup.com,,,,https://triangulargroup.com,2026,"NEDS, Netherlands",https://www.nidvexhibition.eu/overview-exhibitors,2026
TSS International B.V.,,,,,https://tssh.com,,,,https://tssh.com,2026,"NEDS, Netherlands",https://www.nidvexhibition.eu/overview-exhibitors,2026
Tuinte | Smart Industrial Solutions,,"Tuinte is hightech maakpartner op gebied van engineering, tooling, (speciaal)machines, (sub)modules, (cleanroom)assemblage en excellent projectmanagement!",,+310547335300,http://tuinte.com,,,https://www.linkedin.com/company/tuinte/,http://tuinte.com,2026,"NEDS, Netherlands",https://www.nidvexhibition.eu/overview-exhibitors,2026
Tulip Tech,,High-density batteries for mission-critical unmanned vehicles,,+31737502330,https://tulip.tech,,,,https://tulip.tech,2026,"NEDS, Netherlands",https://www.nidvexhibition.eu/overview-exhibitors,2026
United Rentals B.V.,,,,,https://unitedrentals.com,,,,https://unitedrentals.com,2026,"NEDS, Netherlands",https://www.nidvexhibition.eu/overview-exhibitors,2026
Van Halteren Technologies,,,,,https://vanhalteren.com,,,,https://vanhalteren.com,2026,"NEDS, Netherlands",https://www.nidvexhibition.eu/overview-exhibitors,2026
VDL Defentec,,"Discover VDL Defentec: your partner in defence and security, offering advanced technological solutions for land, sea, air and space.",info@vdldefentec.com,,https://vdldefentec.com,,,https://www.linkedin.com/company/vdl-defentec/,https://vdldefentec.com,2026,"NEDS, Netherlands",https://www.nidvexhibition.eu/overview-exhibitors,2026
Verebus,,Verebus is een technische dienstverlener met meer dan 75 jaar ervaring in asset management en technische documentatie.,verebus@verebus.nl,+31 (0)70 352 8200,https://verebus.nl,,,https://www.linkedin.com/company/verebus,https://verebus.nl,2026,"NEDS, Netherlands",https://www.nidvexhibition.eu/overview-exhibitors,2026
VIRO,,,,,https://viro-group.com,,,https://www.linkedin.com/company/viro,https://viro-group.com,2026,"NEDS, Netherlands",https://www.nidvexhibition.eu/overview-exhibitors,2026
Vision Engineering Ltd.,,"World Leaders in ergonomic microscopy, digital 3D visualisation and metrology solutions to improve quality, efficiency and productivity.",,+44 1483 248300,https://visioneng.com,"Woking, GU23 7ER, United Kingdom",Woking,https://www.linkedin.com/company/vision-engineering-ltd/,https://visioneng.com,2026,"NEDS, Netherlands",https://www.nidvexhibition.eu/overview-exhibitors,2026
Vonk E.U.A. B.V.,,Learn about VONK's power conversion control systems and their crucial role in critical applications like defense and energy.,career@iivonk.com,+31 6 55 46 23 08,https://iivonk.com,,,,https://iivonk.com,2026,"NEDS, Netherlands",https://www.nidvexhibition.eu/overview-exhibitors,2026
Vulkan Benelux,,,,,http://vulkan.com,,,,http://vulkan.com,2026,"NEDS, Netherlands",https://www.nidvexhibition.eu/overview-exhibitors,2026
Vydar,,,,,https://vydar.eu,,,https://www.linkedin.com/company/the-vydar-group/,https://vydar.eu,2026,"NEDS, Netherlands",https://www.nidvexhibition.eu/overview-exhibitors,2026
Whisper Power,,Off-grid power systems to contribute to a cleaner and brighter future - Marine & Mobile Diesel generators and Low emission solutions,,,https://whisperpower.com,,,,https://whisperpower.com,2026,"NEDS, Netherlands",https://www.nidvexhibition.eu/overview-exhibitors,2026
Zephro,,"With state-of-the-art technology, we develop drones strengthening our forces and secure our future freedom.",,,https://zephro.com,,,,https://zephro.com,2026,"NEDS, Netherlands",https://www.nidvexhibition.eu/overview-exhibitors,2026
