event_name,event_start_date,event_end_date,venue,city,country,event_domain
BIFS - Brazil Yarn & Fabric Sourcing Show 2026,,,PRO MAGNO - Centro de Eventos,São Paulo,Brazil,
Brazil Apparel Sourcing Show 2026,,,PRO MAGNO - Centro de Eventos,São Paulo,Brazil,bgcci.com
Bursa Textile Machinery Fair 2026,,,Bursa Uluslararası Fuar Merkezi,Bursa,Turkiye,
"Chcago Boat, RV and Sail Show 2027",,,McCormick Place Expo Center,Chicago,United States of America,
Chicago Boat Show 2027,,,Donald E. Stephens Convention Center,Rosemont,United States of America,aarsexhibits.com
Dye+Chem Brazil Expo 2026,,,PRO MAGNO - Centro de Eventos,São Paulo,Brazil,
Expodefensa Bogota 2027,,,Corferias International Exhibition Centre,Bogota,Colombia,foiresinfo.fr
Foundry Expo Istanbul 2027,,,İFM - Istanbul Expo Center,Istanbul,Turkiye,
Fresh Ankara - Contemporary Art Exhibition 2026,,,ATO Congresium Kongre ve Sergi Merkezi,Ankara,Turkiye,
Ghana Agrofood Expo 2027,,,Accra International Conference Centre,Accra,Ghana,
Ghana Plastprintpack Expo 2027,,,Accra International Conference Centre,Accra,Ghana,
IATF The AfCFTA Marketplace 2027,,,SAFEX Algerian Exhibition Center,Algeria,Algeria,
Mega Clima Ivory Coast Expo 2026,,,Parc Des Expositions D'Abidjan,Abidjan,Ivory Coast,
Mid - Atlantic Boat Show 2027,,,Charlotte Convention Center,Charlotte,United States of America,showsbee.com
Petroleum Istanbul Expo 2027,,,Tüyap İstanbul Fuar ve Kongre Merkezi,Istanbul,Turkiye,
Pharmaist Expo 2027,,,İFM - Istanbul Expo Center,Istanbul,Turkiye,
Samsun Book Expo 2026,,,Tüyap Samsun Fuar ve Kongre Merkezi,Samsun,Turkiye,
Saudi Horeca Jeddah Expo 2026,,,Jeddah Superdome,Jeddah,Saudi Arabia,teaboard.or.ke
AquaTherm Moscow 2027,01.02.2027,04.02.2027,Crocus Expo International Exhibition Centre,Moscow,Russia,cantonfair.net
London Digital Assets Forum 2027,01.02.2027,02.02.2027,Convene 133 Houndsditch,London,England,
Agrar Unternehmertage Expo 2028,01.02.2028,04.02.2028,Messe und Congress Centrum Halle Münsterland,Münster,Germany,
PAMEX Expo 2028,01.02.2028,04.02.2028,BEC - Bombay Exhibition Center,Mumbai,India,
Prodexpo Moscow 2027,01.03.2027,04.03.2027,Crocus Expo International Exhibition Centre,Moscow,Russia,expostandzone.com
Erbil Autoshow 2027,01.04.2027,04.04.2027,Erbil International Fair Ground,Erbil,Iraq,cantonfair.net
Ivory Coast CBH Expo 2027,01.04.2027,03.04.2027,Parc Des Expositions D'Abidjan,Abidjan,Ivory Coast,expofinder.com
All About Automation Hamburg 2027,01.06.2027,02.06.2027,Hamburg Messe Exhibition Grounds,Hamburg,Germany,expobeds.com
ANGA COM Cologne 2027,01.06.2027,03.06.2027,Koelnmesse Exhibition Grounds,Cologne,Germany,messemasters.com
Aluminium Tech Expo 2027,01.09.2027,03.09.2027,Ptak Warsaw Expo Center,Warsaw,Poland,brightfairs.com
Ambienta Zagreb 2026,01.10.2026,04.10.2026,Zagreb Fair Center,Zagreb,Croatia,tradefairdates.com
CRAFT Istanbul Expo 2026,01.10.2026,04.10.2026,Yenikapı Eurasia Performance and Art Center,Istanbul,Turkiye,
IGEF Expo 2026,01.10.2026,03.10.2026,ATO Congresium Kongre ve Sergi Merkezi,Ankara,Turkiye,
Madesign Expo 2026,01.10.2026,03.10.2026,OFEC - Foire Internationale de Casablanca Expo Center,Casablanca,Morocco,madesignmaroc.com
Mega Ceramica Morocco Expo 2026,01.10.2026,03.10.2026,OFEC - Foire Internationale de Casablanca Expo Center,Casablanca,Morocco,thailandexhibition.com
Mega Horeca Morocco Expo 2026,01.10.2026,03.10.2026,OFEC - Foire Internationale de Casablanca Expo Center,Casablanca,Morocco,agendamaroc.com
Mega Lighting Morocco Expo 2026,01.10.2026,03.10.2026,OFEC - Foire Internationale de Casablanca Expo Center,Casablanca,Morocco,
Oman AgroFood 2026,01.12.2026,03.12.2026,OCEC - Oman Convention and Exhibition Centre,Muscat,Oman,omanagrofood.com
SINAA Expo Industries 2026,01.12.2026,03.12.2026,SAFEX Algerian Exhibition Center,Algeria,Algeria,sinaadz.com
TIT - Tobacco Industry Technologies Expo 2026,01.12.2026,02.12.2026,Anhor Park Expo Center,Tashkent,Uzbekstan,
Warsaw Security Expo 2026,01.12.2026,03.12.2026,Ptak Warsaw Expo Center,Warsaw,Poland,warsawsecurityexpo.com
Wire Tech Poland Expo 2026,01.12.2026,03.12.2026,Ptak Warsaw Expo Center,Warsaw,Poland,aiemetal.com
C!Print Lyon 2027,02.02.2027,04.02.2027,Eurexpo Lyon Expo Center,Lyon,France,expostandzone.com
CTCO Lyon 2027,02.02.2027,04.02.2027,Eurexpo Lyon Expo Center,Lyon,France,
Intralogistica Poland Expo 2027,02.02.2027,04.02.2027,Ptak Warsaw Expo Center,Warsaw,Poland,intralogisticapoland.com
Mega Horeca Nigeria Expo 2027,02.02.2027,04.02.2027,Landmark Centre,Lagos,Nigeria,
Nigeria HALAL Expo 2027,02.02.2027,04.02.2027,Landmark Centre,Lagos,Nigeria,clocate.com
RE+ Northeast Expo 2027,02.02.2027,04.02.2027,Thomas M. Menino Convention & Exhibition Center,Boston,United States of America,
Robotics Warsaw Expo 2027,02.02.2027,04.02.2027,Ptak Warsaw Expo Center,Warsaw,Poland,
Spielwarenmesse Expo 2027,02.02.2027,06.02.2027,NürnbergMesse Expo Center,Nurnberg,Germany,
Surface Design Show 2027,02.02.2027,04.02.2027,BUSINESS DESIGN CENTRE,London,England,surfacedesignshow.com
The International Surface Event - StoneExpo 2027,02.02.2027,04.02.2027,Mandalay Bay Convention Center,Las Vegas,United States of America,
Warsaw Fleet Expo 2027,02.02.2027,04.02.2027,Ptak Warsaw Expo Center,Warsaw,Poland,warsawfleetexpo.com
Fieragricola TECH Verona 2028,02.02.2028,05.02.2028,Fiera Verona,Verona,Italy,
ACLIMA Tel Aviv Exhibition 2027,02.03.2027,03.03.2027,Expo Center Tel Aviv,Tel Aviv,Israel,
Drone Tech Poland Expo 2027,02.03.2027,04.03.2027,Ptak Warsaw Expo Center,Warsaw,Poland,cantonfair.net
InstallerSHOW USA 2027,02.03.2027,03.03.2027,Jacob Javits Convention Center,New York,United States of America,
Mega Clima Gana HVAC+R Expo 2027,02.03.2027,04.03.2027,Accra International Conference Centre,Accra,Ghana,
Mega Water Ghana Expo 2027,02.03.2027,04.03.2027,Accra International Conference Centre,Accra,Ghana,
Modular & Prefab Poland Expo 2027,02.03.2027,04.03.2027,Ptak Warsaw Expo Center,Warsaw,Poland,
Natural Products Expo West 2027,02.03.2027,05.03.2027,Anaheim Convention Center,Anaheim,United States of America,expowest.com
New York Build Expo 2027,02.03.2027,03.03.2027,Jacob Javits Convention Center,New York,United States of America,newyorkbuildexpo.com
Safety & Rescue Poland Expo 2027,02.03.2027,04.03.2027,Ptak Warsaw Expo Center,Warsaw,Poland,
Tire Technology Expo 2027,02.03.2027,04.03.2027,Hannover Exhibition Grounds,Hanover,Germany,
Wood Tech Warsaw Expo 2027,02.03.2027,04.03.2027,Ptak Warsaw Expo Center,Warsaw,Poland,
MedtechLIVE Europe 2028,02.05.2028,04.05.2028,Messe Stuttgart Expo Center,Stuttgart,Germany,
International Industry Week and Machinex Expo 2027,02.06.2027,05.06.2027,JIEXPO - Jakarta International Expo,Jakarta,Indonesia,indonesiaindustrialweek.com
Istanbul Retail Fair 2027,02.06.2027,03.06.2027,Haliç Kongre Merkezi,Istanbul,Turkiye,
WIN Eurasia Expo 2027,02.06.2027,05.06.2027,İFM - Istanbul Expo Center,Istanbul,Turkiye,
Untitled Art Houston 2026,02.10.2026,04.10.2026,George R. Brown Convention Center,Houston,United States of America,untitledartfairs.com
UNICERA İstanbul Exhibition 2026,02.11.2026,06.11.2026,İFM - Istanbul Expo Center,Istanbul,Turkiye,
Europort Rotterdam 2027,02.11.2027,05.11.2027,Ahoy Rotterdam Event Center,Rotterdam,Holland,expostandzone.com
MT Southwest - Manufacturing Technology Series 2027,02.11.2027,04.11.2027,George R. Brown Convention Center,Houston,United States of America,
Automechanika Shanghai Expo 2026,02.12.2026,05.12.2026,NECC-National Exhibition and Convention Center,Shanghai,China,
CBME Children Baby Maternity Expo 2026,02.12.2026,05.12.2026,İFM - Istanbul Expo Center,Istanbul,Turkiye,
IAAF Istanbul Art and Antiques Fair 2026,02.12.2026,06.12.2026,İstanbul Lütfi Kırdar ICEC,Istanbul,Turkiye,
InterPlastPoint Portugal Expo 2026,02.12.2026,04.12.2026,Exponor - Porto International Fair,Porto,Portugal,exproglobal-europe.com
Plast Eurasia İstanbul 2026,02.12.2026,05.12.2026,Tüyap İstanbul Fuar ve Kongre Merkezi,Istanbul,Turkiye,
SOLAR SOLUTIONS Düsseldorf Exhibition 2026,02.12.2026,03.12.2026,Messe Düsseldorf Expo Center,Dusseldorf,Germany,
The Buildings Show 2026,02.12.2026,04.12.2026,Metro Toronto Convention Centre,Toronto,Canada,informaconnect.com
TTI İzmir 2026,02.12.2026,04.12.2026,Fuar İzmir,Izmir,Turkiye,evintra.com
VdS-FireSafety Cologne Expo 2026,02.12.2026,03.12.2026,Koelnmesse Exhibition Grounds,Cologne,Germany,
Fruit Logistica Berlin Expo 2027,03.02.2027,05.02.2027,Messe Berlin Expo Center,Berlin,Germany,
Karavanist İstanbul Fair 2027,03.02.2027,07.02.2027,Tüyap İstanbul Fuar ve Kongre Merkezi,Istanbul,Turkiye,
Paris Packaging Week 2027,03.02.2027,04.02.2027,Paris Expo Porte de Versailles,Paris,France,packagingsuppliersglobal.com
AIMEXPO 2027,03.03.2027,05.03.2027,Orange County Convention Center,Orlando,United States of America,aimexpousa.com
ENEX Poland Expo 2027,03.03.2027,04.03.2027,Kielce Exhibition Center,Kielce,Poland,
APEX Expo 2027,03.04.2027,08.04.2027,Anaheim Convention Center,Anaheim,United States of America,apexexpo.org
IDEF Expo 2027,03.05.2027,09.05.2027,İFM - Istanbul Expo Center,Istanbul,Turkiye,
Beauty İstanbul Exhibition 2027,03.06.2027,05.06.2027,Tüyap İstanbul Fuar ve Kongre Merkezi,Istanbul,Turkiye,
Splash Paris 2026,03.10.2026,05.10.2026,Pavillon Gabriel,Paris,France,es.cantonfair.net
AAPEX 2026,03.11.2026,05.11.2026,The Venetian Expo & Convention Center,Las Vegas,United States of America,aapexshow.com
Dema Show Exhibition 2026,03.11.2026,06.11.2026,New Orleans Ernest N. Morial Convention Center,New Orleans,United States of America,
DyeChem Morocco Int Expo 2026,03.11.2026,05.11.2026,OFEC - Foire Internationale de Casablanca Expo Center,Casablanca,Morocco,dyechem-morocco.com
Ecomondo Rimini 2026,03.11.2026,06.11.2026,The Rimini Expo Centre,Rimini,Italy,fitec.com
Expo Protection 2026,03.11.2026,05.11.2026,Paris Expo Porte de Versailles,Paris,France,tradeshowintel.com
GulfHost Dubai 2026,03.11.2026,05.11.2026,Dubai World Trade Centre,Dubai,United Arab Emirates,triumfo.ae
Gulfood Manufacturing Dubai 2026,03.11.2026,05.11.2026,Dubai World Trade Centre,Dubai,United Arab Emirates,soudronic.com
Heatech Indonesia Expo 2026,03.11.2026,05.11.2026,JIEXPO - Jakarta International Expo,Jakarta,Indonesia,
IFTF - International Floriculture Trade Fair 2026,03.11.2026,05.11.2026,EXPO Greater Amsterdam,Vijfhuizen,Holland,expostandzone.com
In-Cosmetics Asia 2026,03.11.2026,05.11.2026,BITEC - Bangkok Int. Trade & Exhibition Centre,Bangkok,Thailand,specialchem.com
ISC West Expo 2026,03.11.2026,05.11.2026,Jacob Javits Convention Center,New York,United States of America,securityinformed.com
ISPO Munich Expo 2026,03.11.2026,05.11.2026,Amsterdam RAI Expo Center,Amsterdam,Germany,
JTIC International 2026,03.11.2026,04.11.2026,Couvent Des Jacobins,Rennes,France,tradeshowintel.com
MIM - Maroc in Mode Show 2026,03.11.2026,05.11.2026,OFEC - Foire Internationale de Casablanca Expo Center,Casablanca,Morocco,calendar.bgfashion.net
Morocco International Yarn & Fabric Sourcing Show 2026,03.11.2026,05.11.2026,OFEC - Foire Internationale de Casablanca Expo Center,Casablanca,Morocco,morocco-sourcingshow.com
Sema Show Las Vegas 2026,03.11.2026,06.11.2026,Las Vegas Convention Center,Las Vegas,United States of America,
Senayan Expo Clean & Expo Laundry 2025,03.11.2026,05.11.2026,JCC - Jakarta Convention Center,Jakarta,Indonesia,
Smart City Expo World Congress 2026,03.11.2026,05.11.2026,Fira Barcelona Gran Via,Barcelona,Spain,smartcityexpo.com
TexTech Morocco International Expo 2026,03.11.2026,05.11.2026,OFEC - Foire Internationale de Casablanca Expo Center,Casablanca,Morocco,textech-morocco.com
Warsaw Construction Machinery Exhibition 2026,03.11.2026,05.11.2026,Ptak Warsaw Expo Center,Warsaw,Poland,tradeindia.com
Warsaw Tools & Hardware Show 2026,03.11.2026,05.11.2026,Ptak Warsaw Expo Center,Warsaw,Poland,warsawtoolsshow.com
CroAGRO Zagreb Expo 2026,03.12.2026,06.12.2026,Zagreb Fair Center,Zagreb,Croatia,agrocaretech.com
IMEEF-Ist. Music Industries and Equipment Fair 2026,03.12.2026,06.12.2026,Yenikapı Eurasia Performance and Art Center,Istanbul,Turkiye,
Leathertech Bangladesh 2026,03.12.2026,05.12.2026,ICCB - International Convention City Bashundhara,Dhaka,Bangladesh,expofinder.com
Senauto Expo Dakar 2027,04.02.2027,06.02.2027,CICAD - Centre des Expositions a Diamniadio,Dakar,Senegal,thailandexhibition.com
Sencon Expo Dakar 2027,04.02.2027,06.02.2027,CICAD - Centre des Expositions a Diamniadio,Dakar,Senegal,thailandexhibition.com
Abrin Brazil Expo 2027,04.04.2027,07.04.2027,Expo Center Norte,São Paulo,Brazil,
WasteExpo 2027,04.05.2027,06.05.2027,Las Vegas Convention Center,Las Vegas,United States of America,recyclinginside.com
New York International Franchise Expo 2027,04.06.2027,05.06.2027,Jacob Javits Convention Center,New York,United States of America,
APTA TRANSform & EXPO 2026,04.10.2026,07.10.2026,McCormick Place Expo Center,Chicago,United States of America,aptaexpo.com
London Professional Beauty Expo 2026,04.10.2026,05.10.2026,ExCeL London Expo Center,London,England,
Salon International Expo 2026,04.10.2026,05.10.2026,ExCeL London Expo Center,London,England,
Adana Agriculture Fair 2026,04.11.2026,08.11.2026,Adana Uluslararası Fuar ve Kongre Merkezi,Adana,Turkiye,truck1.eu
Adana Greenhouse and Garden Fair 2026,04.11.2026,08.11.2026,Adana Uluslararası Fuar ve Kongre Merkezi,Adana,Turkiye,cantonfair.net
Advanced Manufacturing - Composites Madrid Fair 2026,04.11.2026,05.11.2026,IFEMA Madrid Expo Center,Madrid,Spain,
Advanced Manufacturing - Metal Madrid Exhibition 2026,04.11.2026,05.11.2026,IFEMA Madrid Expo Center,Madrid,Spain,plymovent.com
Advanced Therapies USA 2026,04.11.2026,05.11.2026,Hynes Convention Center,Boston,United States of America,madescientific.com
Electric & Power Vietnam Fair 2026,04.11.2026,06.11.2026,SECC - Saigon Exhibition and Convention Center,Ho Chi Minh City,Vietnam,
EURASIA Water Expo İstanbul 2026,04.11.2026,05.11.2026,WOW Hotel İstanbul ve Convention Center,Istanbul,Turkiye,
Europort İstanbul Exhibition 2026,04.11.2026,06.11.2026,Yenikapı Eurasia Performance and Art Center,Istanbul,Turkiye,
HKTDC Hong Kong Optical Fair 2026,04.11.2026,06.11.2026,Hong Kong Convention and Exhibition Center,Hong Kong,Hong Kong SAR,exposale.net
Kalite'25 Expo 2026,04.11.2026,07.11.2026,ATO Congresium Kongre ve Sergi Merkezi,Ankara,Turkiye,
Los Angeles Build Expo 2026,04.11.2026,05.11.2026,Los Angeles Convention Center,Los Angeles,United States of America,buildexpo.app
Motta Izmir Motor Vehicles Fair 2026,04.11.2026,08.11.2026,Fuar İzmir,Izmir,Turkiye,asiantrucker.com
SBE - Small Business Expo Dallas 2026,04.11.2026,04.11.2026,Kay Bailey Hutchison Convention Center,Dallas,United States of America,
UK Metals Expo 2026,04.11.2026,05.11.2026,NEC - National Exhibition Centre,Birmingham,England,ukmetalsexpo.com
Vietfood & Beverage - Propack Vietnam 2026,04.11.2026,07.11.2026,ICE - Hanoi International Exhibition Cente,Hanoi,Vietnam,hcm.foodexvietnam.com
VietWater 2026,04.11.2026,06.11.2026,SECC - Saigon Exhibition and Convention Center,Ho Chi Minh City,Vietnam,vietwater.com
Art Basel Miami Beach 2026,04.12.2026,06.12.2026,Miami Beach Convention Center,Miami,United States of America,miamiandbeaches.com
Cairo Inter Leather Expo 2026,04.12.2026,06.12.2026,Cairo International Convention & Exhibition Centre,Cairo,Egypt,gludo.org
ASI Show Orlando Expo 2027,05.01.2027,07.01.2027,Orange County Convention Center,Orlando,United States of America,
Carpet Fair 2027,05.01.2027,08.01.2027,İFM - Istanbul Expo Center,Istanbul,Turkiye,kabalcioglu.com
Aqua‑Fisch Expo 2027,05.03.2027,07.03.2027,Messegelände Friedrichshafen,Friedrichshafen,Germany,aqua-fisch.de
Kbb Birmingham Expo 2028,05.03.2028,08.03.2028,NEC - National Exhibition Centre,Birmingham,England,
Light+Building Expo 2028,05.03.2028,10.03.2028,Messe Frankfurt Exhibition Grounds,Frankfurt,Germany,
HIMSS Global Health Conference & Exhibition 2027,05.04.2027,08.04.2027,McCormick Place Expo Center,Chicago,United States of America,healthmanagement.org
LUXE PACK New York Expo 2027,05.05.2027,06.05.2027,Jacob Javits Convention Center,New York,United States of America,
Independent Hotel Show London 2026,05.10.2026,06.10.2026,Olympia Events Center,London,England,independenthotelshow.co.uk
Oman Home & Building Expo 2026,05.10.2026,07.10.2026,OCEC - Oman Convention and Exhibition Centre,Muscat,Oman,tradelinephilippines.dti.gov.ph
Agro Machinery Fertilizer & Seeds Expo 2026,05.11.2026,07.11.2026,ICCB - International Convention City Bashundhara,Dhaka,Bangladesh,potatopro.com
Biofuel Expo Bangladesh 2026,05.11.2026,07.11.2026,ICCB - International Convention City Bashundhara,Dhaka,Bangladesh,biofuelbd.com
Boiler Expo Bangladesh 2026,05.11.2026,07.11.2026,ICCB - International Convention City Bashundhara,Dhaka,Bangladesh,boilerexpobd.com
Compressor & Vacuum Expo Bangladesh 2026,05.11.2026,07.11.2026,ICCB - International Convention City Bashundhara,Dhaka,Bangladesh,plantautomation-technology.com
"Dairy, Poultry & Aqua Expo Bangladesh 2026",05.11.2026,07.11.2026,ICCB - International Convention City Bashundhara,Dhaka,Bangladesh,dpexpobd.com
EICMA Milano 2026,05.11.2026,08.11.2026,Fiera Milano RHO,Milano,Italy,bajwavision.com
Food Tech Dhaka Expo 2026,05.11.2026,07.11.2026,ICCB - International Convention City Bashundhara,Dhaka,Bangladesh,foodtechdhaka.com
Grain Tech Bangladesh 2026,05.11.2026,07.11.2026,ICCB - International Convention City Bashundhara,Dhaka,Bangladesh,graintechbd.com
Hardware Tools & Fastener Expo Bangladesh 2026,05.11.2026,07.11.2026,ICCB - International Convention City Bashundhara,Dhaka,Bangladesh,
Manisa Agriculture and Livestock Fair 2026,05.11.2026,08.11.2026,Manisa Belediyesi Fuar Merkezi,Manisa,Turkiye,
Metal Expo Bangladesh 2026,05.11.2026,07.11.2026,ICCB - International Convention City Bashundhara,Dhaka,Bangladesh,metalexpobd.com
Middle East Food And Food Technologıes Fair 2026,05.11.2026,07.11.2026,Gaziantep Ortadoğu Fuar Merkezi,Gaziantep,Turkiye,horecatrend.ae
Oils & Fats Expo Bangladesh 2026,05.11.2026,07.11.2026,ICCB - International Convention City Bashundhara,Dhaka,Bangladesh,cantonfair.net
Pump & Valves Bangladesh 2026,05.11.2026,07.11.2026,ICCB - International Convention City Bashundhara,Dhaka,Bangladesh,
Sakarya Agriculture and Livestock Technology Fair 2026,05.11.2026,08.11.2026,Hendek Çok Amaçlı Kapalı Fuar Alanı,Sakarya,Turkiye,
Sorter Expo Bangladesh 2026,05.11.2026,07.11.2026,ICCB - International Convention City Bashundhara,Dhaka,Bangladesh,sorterexpo.com
Water Expo Bangladesh 2026,05.11.2026,07.11.2026,ICCB - International Convention City Bashundhara,Dhaka,Bangladesh,waterexpobd.com
Asia Fashion Vietnam Show 2026,05.12.2026,07.12.2026,SKY Expo Intl. Conference And Exhibition Center,Ho Chi Minh City,Vietnam,af-show.com
Atlanta Women's Expo 2026,05.12.2026,06.12.2026,Gas South Convention Center,Atlanta,United States of America,fibre2fashion.com
CES - CONSUMER ELECTRONIC SHOW 2027,06.01.2027,09.01.2027,Las Vegas Convention Center,Las Vegas,United States of America,
LA ART Show 2027,06.01.2027,10.01.2027,Los Angeles Convention Center,Los Angeles,United States of America,laconventioncenter.com
MIDO Eyewear Milan Show 2027,06.02.2027,08.02.2027,Fiera Milano RHO,Milano,Italy,
Beauty Forum Warszawa Expo 2027,06.03.2027,07.03.2027,Ptak Warsaw Expo Center,Warsaw,Poland,
Eurie Eurasia Higher Education Summit And Fair 2027,06.04.2027,08.04.2027,İstanbul Lütfi Kırdar ICEC,Istanbul,Turkiye,
FEICON Expo 2027,06.04.2027,09.04.2027,São Paulo Expo Center,São Paulo,Brazil,
In-Cosmetics Global Expo 2027,06.04.2027,08.04.2027,Fira Barcelona Gran Via,Barcelona,Spain,
Tube Eurasia Expo 2027,06.04.2027,09.04.2027,Tüyap İstanbul Fuar ve Kongre Merkezi,Istanbul,Turkiye,
Wire Eurasia Expo 2027,06.04.2027,09.04.2027,Tüyap İstanbul Fuar ve Kongre Merkezi,Istanbul,Turkiye,
Agro Bangladesh International Expo 2027,06.05.2027,08.05.2027,ICCB - International Convention City Bashundhara,Dhaka,Bangladesh,cems-agroexpo.com
Bangladesh Clinical Lab Expo 2027,06.05.2027,08.05.2027,ICCB - International Convention City Bashundhara,Dhaka,Bangladesh,labexpo.cems-meditex.com
Bangladesh Food Pack Expo 2027,06.05.2027,08.05.2027,ICCB - International Convention City Bashundhara,Dhaka,Bangladesh,
Elevator Istanbul Fair 2027,06.05.2027,09.05.2027,Tüyap İstanbul Fuar ve Kongre Merkezi,Istanbul,Turkiye,
Food Bangladesh International Expo 2027,06.05.2027,08.05.2027,ICCB - International Convention City Bashundhara,Dhaka,Bangladesh,eventseye.com
International Health Tourism & Services Expo 2027,06.05.2027,08.05.2027,ICCB - International Convention City Bashundhara,Dhaka,Bangladesh,cems-healthcare.com
International Poultry & Livestock Bangladesh Expo 2027,06.05.2027,08.05.2027,ICCB - International Convention City Bashundhara,Dhaka,Bangladesh,cems-poultrylivestock.com
Meditex Bangladesh Expo 2027,06.05.2027,07.05.2027,ICCB - International Convention City Bashundhara,Dhaka,Bangladesh,
Pharma Bangladesh Expo 2027,06.05.2027,08.05.2027,ICCB - International Convention City Bashundhara,Dhaka,Bangladesh,tradeshowradar.com
Africa Health Exhibition 2026,06.10.2026,08.10.2026,Gallagher Convention Centre,Johannesburg,South Africa Republic,
Beautyworld Middle East Exhibition 2026,06.10.2026,08.10.2026,Dubai World Trade Centre,Dubai,United Arab Emirates,whimsicalexhibitsuae.com
Conxemar Vigo Exhibition 2026,06.10.2026,08.10.2026,IFEVI - Instituto Feiral de Vigo,Pontevedra,Spain,
CPHI Worldwide Expo 2026,06.10.2026,08.10.2026,Fiera Milano RHO,Milano,Italy,
Intersec Saudi Arabia Expo 2026,06.10.2026,08.10.2026,RICEC - Riyadh International Convention & Exhibition Center,Riyadh,Saudi Arabia,
Las Vegas Souvenir & Resort Gift Show 2026,06.10.2026,09.10.2026,Las Vegas Convention Center,Las Vegas,United States of America,lvsouvenirshow.com
Machtech & Innotech Expo 2026,06.10.2026,09.10.2026,Inter Expo Center,Sofia,Bulgaria,cantonfair.net
Meteorological Technology World Expo 2026,06.10.2026,08.10.2026,Amsterdam RAI Expo Center,Amsterdam,Holland,meteorologicaltechnologyworldexpo.com
Motek Stuttgart Expo 2026,06.10.2026,08.10.2026,Messe Stuttgart Expo Center,Stuttgart,Germany,whyps.com
RWN - Resilience World Nexus Summit 2026,06.10.2026,07.10.2026,Church House Westminster,London,England,
Sommet de L'Elevage 2026,06.10.2026,09.10.2026,Grande Halle d'Auvergne,Clermont Ferrand,France,eurasco.org
Baltic Beauty 2026,06.11.2026,08.11.2026,Kipsala International Exhibition Centre,Riga,Latvia,exposale.net
LDI Show - Live Design International 2026,06.12.2026,08.12.2026,Las Vegas Convention Center,Las Vegas,United States of America,
EDEX Egypt Defence Expo 2027,06.12.2027,09.12.2027,Egypt International Exhibition Center,Cairo,Egypt,
Greenvile RV Show 2027,07.01.2027,10.01.2027,Greenville Convention Center,Greenville,United States of America,
GTB - Garment Technology Bangladesh Dhaka 2027,07.01.2027,10.01.2027,ICCB - International Convention City Bashundhara,Dhaka,Bangladesh,
Odisha Mining & Inftastructure Expo 2027,07.01.2027,10.01.2027,Baramunda Ground,Bhubaneswar,India,
Premiere Anaheim 2027,07.02.2027,08.02.2027,Anaheim Convention Center,Anaheim,United States of America,premiereanaheimshow.com
Spring Fair 2027,07.02.2027,10.02.2027,NEC - National Exhibition Centre,Birmingham,England,springfair.com
Be+Well Show New York 2027,07.03.2027,09.03.2027,Jacob Javits Convention Center,New York,United States of America,aarsexhibits.com
Coffee Fest New York 2027,07.03.2027,09.03.2027,Jacob Javits Convention Center,New York,United States of America,coffeefest.com
New York Restaurant Show 2027,07.03.2027,09.03.2027,Jacob Javits Convention Center,New York,United States of America,triumfo.us
PROWEIN Düsseldorf 2027,07.03.2027,09.03.2027,Messe Düsseldorf Expo Center,Dusseldorf,Germany,expostandservice.com
Seafood / Seafood Processing Expo North America 2027,07.03.2027,09.03.2027,Thomas M. Menino Convention & Exhibition Center,Boston,United States of America,
UMEX & SIMTEX Abu Dhabi 2028,07.03.2028,09.03.2028,ADNEC - Abu Dhabi National Exhibition Centre,Abu Dhabi,United Arab Emirates,
Construma - Hungexpo 2027,07.04.2027,11.04.2027,Hungexpo Congress and Exhibition Centre,Budapest,Hungary,cantonfair.net
SolarEX Istanbul Fair 2027,07.04.2027,09.04.2027,İFM - Istanbul Expo Center,Istanbul,Turkiye,marocagriculture.com
Textiles Recycling Expo USA 2027,07.04.2027,08.04.2027,Charlotte Convention Center,Charlotte,United States of America,amiplastics.com
Ningbo International Lighting Exhibition 2027,07.05.2027,09.05.2027,Ningbo International Convention & Exhibition Center,Ningbo,China,expofinder.com
ANAMOB Furniture Fair 2026,07.10.2026,11.10.2026,Kayseri Osb Fuar Ve Kongre Merkezi,Kayseri,Turkiye,
Architecture & Building Expo 2026,07.10.2026,08.10.2026,RDS Venue,Dublin,Ireland,neventum.com
Aymod Istanbul Expo 2026,07.10.2026,10.10.2026,İFM - Istanbul Expo Center,Istanbul,Turkiye,
EIF Istanbul Expo 2026,07.10.2026,09.10.2026,İFM - Istanbul Expo Center,Istanbul,Turkiye,
FaW TOKYO Expo 2026,07.10.2026,09.10.2026,Tokyo Big Sight,Tokyo,Japan,
Frankfurter Buchmesse 2026,07.10.2026,11.10.2026,Messe Frankfurt Exhibition Grounds,Frankfurt,Germany,buchmesse.de
International Fastener Expo 2026,07.10.2026,09.10.2026,Phoenix Convention Center,Arizona,United States of America,fastenershows.com
Landscape Istanbul Fair 2026,07.10.2026,10.10.2026,İFM - Istanbul Expo Center,Istanbul,Turkiye,thursd.com
Logistech İzmir Expo 2026,07.10.2026,09.10.2026,Fuar İzmir,Izmir,Turkiye,
Logistics Summit Düsseldorf 2026,07.10.2026,08.10.2026,Messe Düsseldorf Expo Center,Dusseldorf,Germany,
Petzoo Eurasia Expo 2026,07.10.2026,10.10.2026,İFM - Istanbul Expo Center,Istanbul,Turkiye,
Food Africa Cairo Expo 2026,07.12.2026,10.12.2026,Egypt International Exhibition Center,Cairo,Egypt,fmcgsupplychain.com
Pacprocess Middle East Africa Expo 2026,07.12.2026,10.12.2026,Egypt International Exhibition Center,Cairo,Egypt,
Saudi Horeca Riyadh Expo 2026,07.12.2026,09.12.2026,Riyadh Front Exhibition & Conference Center,Riyadh,Saudi Arabia,fmcgsupplychain.com
Saudi Stitch & Tex 2026,07.12.2026,09.12.2026,The Arena Riyadh Venue,Riyadh,Saudi Arabia,expofinder.com
Greater Atlanta RV Show 2027,08.01.2027,11.01.2027,GICC - Georgia International Convention Center,Atlanta,United States of America,expofinder.com
New Braunfels Antique Show 2027,08.01.2027,10.01.2027,New Braunfels Civic & Convention Center,New Braunfels,United States of America,eventseye.com
Raleigh Bass & Saltwater Fishing Expo 2027,08.01.2027,10.01.2027,North Carolina State Fairgrounds,Raleigh,United States of America,
Reisen & Caravaning Chemnitz 2027,08.01.2027,10.01.2027,Messe Chemnitz,Chemnitz,Germany,expofinder.com
Tourisma and Caravaning Expo 2027,08.01.2027,10.01.2027,Messegelände Magdeburg,Magdeburg,Germany,
Vakantiebeurs Expo 2027,08.01.2027,11.01.2027,Jaarbeurs Exhibition & Convention Centre,Utrecht,Holland,
Mining Indaba Expo 2027,08.02.2027,11.02.2027,CTICC - Cape Town International Convention Centre,Cape Town,South Africa Republic,
Automechanika Kuala Lumpur 2027,08.04.2027,10.04.2027,Kuala Lumpur Convention Centre,Kuala Lumpur,Malaysia,automechanika-kualalumpur.hk.messefrankfurt.com
FIBO Cologne Exhibitions 2027,08.04.2027,11.04.2027,Koelnmesse Exhibition Grounds,Cologne,Germany,
China Rooftile and Technology Exhibition 2027,08.05.2027,10.05.2027,PWTC - Poly World Trade Center,Guangzhou,China,expolume.com
CIHIE - Integrated Housing & Building Industy Expo 2027,08.05.2027,10.05.2027,PWTC - Poly World Trade Center,Guangzhou,China,
GICIB - Intelligent Construction Expo 2027,08.05.2027,10.05.2027,PWTC - Poly World Trade Center,Guangzhou,China,
"PMMHF - China Prefab House, Modular Building Fair 2027",08.05.2027,10.05.2027,PWTC - Poly World Trade Center,Guangzhou,China,
Steel Construction & Metal Building Materials Expo 2027,08.05.2027,10.05.2027,PWTC - Poly World Trade Center,Guangzhou,China,
Bakery Tech Poland 2027,08.06.2027,10.06.2027,Ptak Warsaw Expo Center,Warsaw,Russia,exposale.net
Drink Tech Expo Poland 2027,08.06.2027,10.06.2027,Ptak Warsaw Expo Center,Warsaw,Poland,brightfairs.com
Post & Delivery Logistics Expo 2027,08.06.2027,10.06.2027,Ptak Warsaw Expo Center,Warsaw,Poland,postdeliverylogisticsexpo.com
360 Food Syria Expo 2026,08.10.2026,10.10.2026,Damascus Fair Grounds,Damascus,Syria,fairassistant.com
Ivory Coast Food Expo 2026,08.10.2026,10.10.2026,Parc Des Expositions D'Abidjan,Abidjan,Ivory Coast,tradefairdates.com
New York Comic Con 2026,08.10.2026,11.10.2026,Jacob Javits Convention Center,New York,United States of America,store.epic.leapevent.tech
Warsaw Boat Technica Expo 2026,08.10.2026,11.10.2026,Ptak Warsaw Expo Center,Warsaw,Poland,
West Africa Agrofood Abidjan 2026,08.10.2026,10.10.2026,Parc Des Expositions D'Abidjan,Abidjan,Ivory Coast,exposale.net
West Africa plastprintpack Abidjan 2026,08.10.2026,10.10.2026,Parc Des Expositions D'Abidjan,Abidjan,Ivory Coast,exposale.net
Brussels Furniture Fair 2026,08.11.2026,11.11.2026,Brussels Expo Center,Brussels,Belgium,furniturefairbrussels.be
Libya Construction Expo 2026,08.11.2026,11.11.2026,Misurata International Exhibition,Misurata,Libya,cantonfair.net
Defense and Security Thailand 2027,08.11.2027,11.11.2027,IMPACT Exhibition Center,Bangkok,Thailand,expostandservice.com
DIFLEX Dubai Expo 2026,08.12.2026,10.12.2026,Festival Arena Expo Center,Dubai,United Arab Emirates,shoegurukul.com
Oman Plast Expo 2026,08.12.2026,10.12.2026,OCEC - Oman Convention and Exhibition Centre,Muscat,Oman,
STUVA Expo 2027,08.12.2027,10.12.2027,MOC - Messe München Expo Center,Munich,Germany,stuva-expo.de
"Charleston Build, Remodel & Landscape Expo 2027",09.01.2027,11.01.2027,Exchange Park Fairgrounds,Charleston,United States of America,conventiongrid.com
PLASTEX Cairo 2028,09.01.2028,12.01.2028,Egypt International Exhibition Center,Cairo,Egypt,tradefairdates.com
ATX West Expo 2027,09.02.2027,11.02.2027,Anaheim Convention Center,Anaheim,United States of America,
Eco World Poland Expo 2027,09.02.2027,11.02.2027,Ptak Warsaw Expo Center,Warsaw,Poland,
FutureCity Poland Expo 2027,09.02.2027,11.02.2027,Ptak Warsaw Expo Center,Warsaw,Poland,
MD&M West 2027,09.02.2027,11.02.2027,Anaheim Convention Center,Anaheim,United States of America,mdmwest.com
Plastec West Expo 2027,09.02.2027,11.02.2027,Anaheim Convention Center,Anaheim,United States of America,
Stockholm Furniture Fair 2027,09.02.2027,12.02.2027,Stockholmsmässan,Stockholm,Sweden,stockholmfurniturefair.se
URBAN GreenTech Poland Expo 2027,09.02.2027,11.02.2027,Ptak Warsaw Expo Center,Warsaw,Poland,
WestPack Anaheim 2027,09.02.2027,11.02.2027,Anaheim Convention Center,Anaheim,United States of America,sensationsexhibits.com
Aquatech Amsterdam Expo 2027,09.03.2027,12.03.2027,Amsterdam RAI Expo Center,Amsterdam,Holland,bmagmeter.com
Asia-Pacific Sourcing Exhibitions 2027,09.03.2027,11.03.2027,Koelnmesse Exhibition Grounds,Cologne,Germany,intellinetsystem.com
Beer Warsaw Expo 2027,09.03.2027,11.03.2027,Ptak Warsaw Expo Center,Warsaw,Poland,beerwarsawexpo.com
HoReCa FoodService Poland Expo 2027,09.03.2027,11.03.2027,Ptak Warsaw Expo Center,Warsaw,Poland,
Poland Clean-Tech Expo 2027,09.03.2027,11.03.2027,Ptak Warsaw Expo Center,Warsaw,Poland,
The Inspired Home Show 2027,09.03.2027,11.03.2027,McCormick Place Expo Center,Chicago,United States of America,theinspiredhomeshow.com
Vending Poland Expo 2027,09.03.2027,11.03.2027,Ptak Warsaw Expo Center,Warsaw,Poland,vendingpolandexpo.com
Wine Warsaw Expo 2027,09.03.2027,11.03.2027,Ptak Warsaw Expo Center,Warsaw,Poland,winewarsawexpo.com
WTW - Work Truck Week 2027,09.03.2027,12.03.2027,Indiana Convention Center,Indianapolis,United States of America,
Beauty Düsseldorf 2027,09.04.2027,11.04.2027,Messe Düsseldorf Expo Center,Dusseldorf,Germany,beauty-duesseldorf.com
Cosmetics Home Care Ingredients Expo 2027,09.06.2027,11.06.2027,İFM - Istanbul Expo Center,Istanbul,Turkiye,
Food & Nutritional Ingredients Expo 2027,09.06.2027,11.06.2027,İFM - Istanbul Expo Center,Istanbul,Turkiye,fmcgsupplychain.com
FOTEG Istanbul Expo 2027,09.06.2027,11.06.2027,İFM - Istanbul Expo Center,Istanbul,Turkiye,
Smart Manufacturing Week 2027,09.06.2027,10.06.2027,NEC - National Exhibition Centre,Birmingham,England,smartmanufacturingweek.com
VIV Select Turkey Expo 2027,09.06.2027,11.06.2027,İFM - Istanbul Expo Center,Istanbul,Turkiye,vivturkey.com
Autotech Egypt Expo 2026,09.10.2026,11.10.2026,Egypt International Exhibition Center,Cairo,Egypt,
Warsaw Automotive Parts Expo 2026,09.10.2026,11.10.2026,Ptak Warsaw Expo Center,Warsaw,Poland,
Anuga Cologne 2027,09.10.2027,13.10.2027,Koelnmesse Exhibition Grounds,Cologne,Germany,fair-point.com
EV Auto Show 2026,09.11.2026,11.11.2026,RICEC - Riyadh International Convention & Exhibition Center,Riyadh,Saudi Arabia,exhibitstandbuilder.com
Saudi Pet Expo 2026,09.11.2026,11.11.2026,RICEC - Riyadh International Convention & Exhibition Center,Riyadh,Saudi Arabia,
Saudi Vet Expo 2026,09.11.2026,11.11.2026,RICEC - Riyadh International Convention & Exhibition Center,Riyadh,Saudi Arabia,cantonfair.net
Asia Thermal Insulation Material Expo (TIM Expo) 2026,09.12.2026,11.12.2026,SNIEC - Shanghai New International Expo Center,Shanghai,China,eventalways.com
Evaporation and Crystallization Tech Expo 2026,09.12.2026,11.12.2026,SNIEC - Shanghai New International Expo Center,Shanghai,China,
Baumesse Essen 2027,10.01.2027,12.01.2027,Messe Essen Exhibition Grounds,Essen,Germany,expobeds.com
Retail’s Big Show - NRF 2027,10.01.2027,12.01.2027,Jacob Javits Convention Center,New York,United States of America,goshowhero.com
H2 Forum Expo 2027,10.03.2027,11.03.2027,Estrel Berlin Hotel & Convention Center,Berlin,Germany,
Bursa Book Fair 2027,10.04.2027,18.04.2027,Merinos Atatürk Kültür Kongre Merkezi,Bursa,Turkiye,expofinder.com
Top Hair International Düsseldorf 2027,10.04.2027,11.04.2027,Messe Düsseldorf Expo Center,Dusseldorf,Germany,whimsicalexhibits.eu
Iran Agrofood Tehran 2027,10.05.2027,13.05.2027,Tehran International Exhibition Centre,Tehran,Iranian,iran-agrofood.com
The World Orphan Drug Congress USA 2027,10.05.2027,12.05.2027,Thomas M. Menino Convention & Exhibition Center,Boston,United States of America,getonsite.dev
InterPackPrint Tunisia Expo 2027,10.06.2027,12.06.2027,Foire Internationale de Sousse,Sousse,Tunisia,
InterPlastPoint Tunisia Expo 2027,10.06.2027,12.06.2027,Foire Internationale de Sousse,Sousse,Tunisia,screenprintindia.com
Ivory Coast Build Expo 2027,10.06.2027,12.06.2027,Parc Des Expositions D'Abidjan,Abidjan,Ivory Coast,exposale.net
Ivory Coast HVAC-R Expo 2027,10.06.2027,12.06.2027,Parc Des Expositions D'Abidjan,Abidjan,Ivory Coast,convention-housing.com
Ivory Coast Lift Expo 2027,10.06.2027,12.06.2027,Parc Des Expositions D'Abidjan,Abidjan,Ivory Coast,expomap.ru
Cosmoprof Asia Expo 2026,10.11.2026,13.11.2026,Hong Kong Convention and Exhibition Center,Hong Kong,Hong Kong SAR,
EIMA International Bologna Expo 2026,10.11.2026,14.11.2026,Bologna Fiere Expo Center,Bologna,Italy,
Elmia Subcontractor Jönköping 2026,10.11.2026,12.11.2026,Elmia Congress & Concert Hall,Jönköping,Sweden,fuarturlari.com
FHC - Food and Hotel China Expo 2026,10.11.2026,12.11.2026,SNIEC - Shanghai New International Expo Center,Shanghai,China,
HOSTECH by TUSİD Istanbul Expo 2026,10.11.2026,14.11.2026,Tüyap İstanbul Fuar ve Kongre Merkezi,Istanbul,Turkiye,
Mitex Moscow 2026,10.11.2026,13.10.2026,Crocus Expo International Exhibition Centre,Moscow,Russia,
SEMICON Europa 2026,10.11.2026,13.11.2026,MOC - Messe München Expo Center,Munich,Germany,semiconeuropa.org
World Tobacco Middle East Expo 2026,10.11.2026,11.11.2026,Dubai World Trade Centre,Dubai,United Arab Emirates,
Automechanika Dubai Exhibition 2026,10.12.2026,12.12.2026,Dubai Exhibition Centre,Dubai,United Arab Emirates,
Hotel Tech Antalya Fair 2026,10.12.2026,12.12.2026,NEST Congress and Exhibition Center,Antalya,Turkiye,
PRI - Performance Racing Industry Show 2026,10.12.2026,12.12.2026,Indiana Convention Center,Indianapolis,United States of America,
BAU Munich Expo 2027,11.01.2027,15.01.2027,MOC - Messe München Expo Center,Munich,Germany,
HKTDC Hong Kong Toys & Games Fair 2027,11.01.2027,14.01.2027,Hong Kong Convention and Exhibition Center,Hong Kong,Hong Kong SAR,tradeindia.com
Hong Kong Int'l Stationery & School Supplies Fair 2027,11.01.2027,14.01.2027,Hong Kong Convention and Exhibition Center,Hong Kong,Hong Kong SAR,
SteelFab Sharjah 2027,11.01.2027,14.01.2027,Expo Centre Sharjah,Sharjah,United Arab Emirates,expostandzone.com
AATF - Africa Automation Technology Fair 2027,11.05.2027,13.05.2027,Gallagher Convention Centre,Johannesburg,South Africa Republic,
Caspian Agro Baku 2027,11.05.2027,14.05.2027,Baku Expo Center,Baku,Azerbaijan,
CWIEME Berlin 2027,11.05.2027,13.05.2027,Messe Berlin Expo Center,Berlin,Germany,berlin.cwiemeevents.com
Interleather and Shoes Portugal Expo 2027,11.05.2027,13.05.2027,Exponor - Porto International Fair,Porto,Portugal,
ITF Intertex Machinery Portugal Expo 2027,11.05.2027,13.05.2027,Exponor - Porto International Fair,Porto,Portugal,
ITF Intertex Portugal Expo 2027,11.05.2027,13.05.2027,Exponor - Porto International Fair,Porto,Portugal,calendar.bgfashion.net
RE+ Southeast Expo 2027,11.05.2027,12.05.2027,Georgia World Congress Center,Atlanta,United States of America,
Warsaw Coil Expo 2027,11.05.2027,13.05.2027,Ptak Warsaw Expo Center,Warsaw,Poland,
Water Poland Expo 2027,11.05.2027,13.05.2027,Ptak Warsaw Expo Center,Warsaw,Poland,
Decorex London Expo 2026,11.10.2026,14.10.2026,Olympia Events Center,London,England,
FABEX Metal & Steel Riyadh Expo 2026,11.10.2026,14.10.2026,RICEC - Riyadh International Convention & Exhibition Center,Riyadh,Saudi Arabia,fairassistant.com
WPC Energy Congress 2026,11.10.2026,15.10.2026,Riyadh Front Exhibition & Conference Center,Riyadh,Saudi Arabia,wpcenergy2026.org
ADEX DENTAL EXPO 2026,11.11.2026,14.11.2026,SAFEX Algerian Exhibition Center,Algeria,Algeria,
AYSAF EXPO 2026,11.11.2026,13.11.2026,İFM - Istanbul Expo Center,Istanbul,Turkiye,eventseye.com
"E-commerce, Packaging & Labelling Expo 2026",11.11.2026,12.11.2026,ExCeL London Expo Center,London,England,packaging-labelling.com
Empack Madrid 2026,11.11.2026,12.11.2026,IFEMA Madrid Expo Center,Madrid,Spain,empackmadrid.com
FoodExpo Kazakhstan Almaty Expo 2026,11.11.2026,13.11.2026,Atakent International Exhibition Centre,Almaty,Kazakhstan,
ICE - International Charter Expo 2026,11.11.2026,13.11.2026,EXPO Greater Amsterdam,Vijfhuizen,Holland,
Interfood & Drink Sofia Expo 2026,11.11.2026,14.11.2026,Inter Expo Center,Sofia,Bulgaria,
Jewellery & Watch Show Abu Dhabi 2026,11.11.2026,15.11.2026,ADNEC - Abu Dhabi National Exhibition Centre,Abu Dhabi,United Arab Emirates,m.eyeofriyadh.com
Logitrans Istanbul Fair 2026,11.11.2026,13.11.2026,Yenikapı Eurasia Performance and Art Center,Istanbul,Turkiye,
Seoul Cafe Show 2026,11.11.2026,14.11.2026,Coex Event Center,Seoul,South Korea,en.jufair.com
Vietnam Food Expo 2026,11.11.2026,14.11.2026,SECC - Saigon Exhibition and Convention Center,Ho Chi Minh City,Vietnam,eventseye.com
AmericasMart Atlanta 2027,12.01.2027,17.01.2027,AmericasMart Atlanta,Atlanta,United States of America,
C!PRINT Madrid Expo 2027,12.01.2027,14.01.2027,IFEMA Madrid Expo Center,Madrid,Spain,
Detroit Auto Show 2027,12.01.2027,24.01.2027,Huntington Place Convention Center,Detroit,United States of America,tradefairdates.com
Heimtextil Frankfurt 2027,12.01.2027,15.01.2027,Messe Frankfurt Exhibition Grounds,Frankfurt,Germany,messemasters.com
Intersec Global Dubai 2027,12.01.2027,14.01.2027,Dubai World Trade Centre,Dubai,United Arab Emirates,
Light + Intelligent Building Middle East 2027,12.01.2027,14.01.2027,Dubai World Trade Centre,Dubai,United Arab Emirates,knx.ae
PSI Düsseldorf Expo 2027,12.01.2027,14.01.2027,Messe Düsseldorf Expo Center,Cologne,Germany,
WFES - World Future Energy Summit + Exhibition 2027,12.01.2027,14.01.2027,ADNEC - Abu Dhabi National Exhibition Centre,Abu Dhabi,United Arab Emirates,
Indiana Home & Garden Show 2027,12.02.2027,14.02.2027,Indiana Convention Center,Indianapolis,United States of America,tradeindia.com
Pack Expo Southeast 2027,12.04.2027,14.04.2027,Georgia World Congress Center,Atlanta,United States of America,packexposoutheast.com
Tires & Rubber Moscow 2027,12.04.2027,15.04.2027,Crocus Expo International Exhibition Centre,Moscow,Russia,
Aviation Festival Americas 2027,12.05.2027,13.05.2027,Miami Beach Convention Center,Miami,United States of America,terrapinn.com
MEDEXPO Kenya Expo 2027,12.05.2027,14.05.2027,Sarit Expo Centre,Nairobi,Kenya,
Egypt Energy 2026,12.10.2026,14.10.2026,Egypt International Exhibition Center,Cairo,Egypt,egypt-energy.com
Hospitality Qatar Expo 2026,12.10.2026,14.10.2026,Doha Exhibition & Convention Center (DECC),Doha,Qatar,fairassistant.com
Pollutec Lyon 2027,12.10.2027,15.10.2027,Eurexpo Lyon Expo Center,Lyon,France,expostandbuilders.com
Build Bangladesh Expo 2026,12.11.2026,14.11.2026,ICCB - International Convention City Bashundhara,Dhaka,Bangladesh,globalinteriorsbd.com
Dhaka Int’l Lighting Expo 2026,12.11.2026,14.11.2026,ICCB - International Convention City Bashundhara,Dhaka,Bangladesh,cems-lightingexpo.com
Ev Charge Show Exhibition 2026,12.11.2026,14.11.2026,İFM - Istanbul Expo Center,Istanbul,Turkiye,
Power Bangladesh Int'I Expo 2026,12.11.2026,14.11.2026,ICCB - International Convention City Bashundhara,Dhaka,Bangladesh,power-bangladesh.com
Real Estate Expo Bangladesh 2026,12.11.2026,14.11.2026,ICCB - International Convention City Bashundhara,Dhaka,Bangladesh,cems-realestateexpo.com
Solar Bangladesh Int’l Expo 2026,12.11.2026,14.11.2026,ICCB - International Convention City Bashundhara,Dhaka,Bangladesh,cems-solarexpo.com
Stone Africa Expo 2026,12.11.2026,15.11.2026,Cairo International Convention & Exhibition Centre,Cairo,Egypt,
Water Bangladesh Int’l Expo 2026,12.11.2026,14.11.2026,ICCB - International Convention City Bashundhara,Dhaka,Bangladesh,water-exhibition.com
Istanbul Book Fair 2026,12.12.2026,20.12.2026,Tüyap İstanbul Fuar ve Kongre Merkezi,Istanbul,Turkiye,istanbulkitapfuari.com
Beijing Energy Congress 2027,13.01.2027,15.01.2027,China National Convention Center,Beijing,China,beijingenergycongress.com
Denim Bangladesh 2027,13.01.2027,16.01.2027,ICCB - International Convention City Bashundhara,Dhaka,Bangladesh,cems-denimshow.com
Denimsandjeans Egypt Expo 2027,13.01.2027,14.01.2027,InterContinental Cairo Citystars Hotel,Cairo,Egypt,
Dhaka Int'l Yarn & Fabric Show - Winter 2027,13.01.2027,16.01.2027,ICCB - International Convention City Bashundhara,Dhaka,Bangladesh,scouts.yutori.com
Marca By Bologna Fiere 2027,13.01.2027,14.01.2027,Bologna Fiere Expo Center,Bologna,Italy,calendar.bgfashion.net
Indiana Flower + Patio Show 2027,13.03.2027,21.03.2027,Indiana State Fairgrounds & Event Center,Indianapolis,United States of America,indianaflowerandpatioshow.com
AutoTronics Taipei 2027,13.04.2027,16.04.2027,Nangang Exhibition Center,Taipei,Taiwan,en.jufair.com
Chinaplas Expo 2027,13.04.2027,16.04.2027,Shenzhen Convention & Exhibition Center,Shenzhen,China,crystalcraftexpo.com
INTERPHEX Expo 2027,13.04.2027,15.04.2027,Jacob Javits Convention Center,New York,United States of America,
MARBLE İzmir Fair 2027,13.04.2027,16.04.2027,Fuar İzmir,Izmir,Turkiye,expointurkey.org
Pneumatics Warsaw Expo 2027,13.04.2027,15.04.2027,Ptak Warsaw Expo Center,Warsaw,Poland,
Poland World of Hydrogen Expo 2027,13.04.2027,15.04.2027,Ptak Warsaw Expo Center,Warsaw,Poland,
Warsaw Pack Expo 2027,13.04.2027,15.04.2027,Ptak Warsaw Expo Center,Warsaw,Poland,can-find.com
Uzbekistan Energy Forum 2027,13.05.2027,14.05.2027,CAEx - Central Asian Expo Center,Tashkent,Uzbekstan,
Build Expo USA Charlotte 2026,13.10.2026,14.10.2026,Charlotte Convention Center,Charlotte,United States of America,expomap.ru
Eurasia Packaging Fair 2026,13.10.2026,16.10.2026,Tüyap İstanbul Fuar ve Kongre Merkezi,Istanbul,Turkiye,packaging-labelling.com
Food-Tech Eurasia Exhibition 2026,13.10.2026,16.10.2026,Tüyap İstanbul Fuar ve Kongre Merkezi,Istanbul,Turkiye,
FutureScape Expo 2026,13.10.2026,14.10.2026,Farnborough Int. Exhibition & Conference Centre,Hampshire,England,
Mega Clima Kenya HVAC+R Expo 2026,13.10.2026,15.10.2026,Sarit Expo Centre,Nairobi,Kenya,egotickets.com
Mega Electricity Kenya Expo 2026,13.10.2026,15.10.2026,Sarit Expo Centre,Nairobi,Kenya,f6s.com
Mega Water Kenya Expo 2026,13.10.2026,15.10.2026,Sarit Expo Centre,Nairobi,Kenya,industryevents.com
MODEF Expo Bursa 2026,13.10.2026,17.10.2026,İnegöl Kültürpark Uluslararası Fuar Merkezi,Bursa,Turkiye,
Paperworld Middle East Expo 2026,13.10.2026,15.10.2026,Dubai World Trade Centre,Dubai,United Arab Emirates,triumfo.de
Performance Days 2026,13.10.2026,14.10.2026,MOC - Messe München Expo Center,Munich,Germany,divertimento.com.tw
Ankara Beauty Life Expo 2026,13.11.2026,15.11.2026,ATO Congresium Kongre ve Sergi Merkezi,Ankara,Turkiye,expointurkey.org
Dental ConfEx 2026,13.11.2026,14.11.2026,Madinat Jumeirah Conference & Events Centre,Dubai,United Arab Emirates,dentalnews.com
Agriflanders Expo 2027,14.01.2027,17.01.2027,Flanders Expo,Ghent,Belgium,
Tissue World Miami 2028,14.03.2028,16.03.2028,Miami Beach Convention Center,Miami,United States of America,tissueworld.com
B2B Marketing Expo US 2027,14.04.2027,15.04.2027,Miami Beach Convention Center,Miami,United States of America,
IDEX Istanbul Expo 2027,14.04.2027,17.04.2027,İFM - Istanbul Expo Center,Istanbul,Turkiye,
Analytech Expo 2026,14.10.2026,16.10.2026,İstanbul Lütfi Kırdar ICEC,Istanbul,Turkiye,
AquaTherm Baku 2026,14.10.2026,16.10.2026,Baku Expo Center,Baku,Azerbaijan,showsbee.com
BakuBuild 2026,14.10.2026,16.10.2026,Baku Expo Center,Baku,Azerbaijan,german-pavilion.com
BelTexIndustry Minsk Expo 2026,14.10.2026,16.10.2026,Minsk International Exhibition Center,Minsk,Belarus,calendar.bgfashion.net
Cleanroom Expo 2026,14.10.2026,16.10.2026,İstanbul Lütfi Kırdar ICEC,Istanbul,Turkiye,showsbee.com
Elmässan Stockholm 2026,14.10.2026,15.10.2026,Kistamässan Convention Center,Stockholm,Sweden,eventseye.com
Expo CIHAC 2026,14.10.2026,16.10.2026,Centro Banamex,Mexico City,Mexico,
Guangzhou Sourcing Fair 2026,14.10.2026,17.10.2026,PWTC - Poly World Trade Center,Guangzhou,China,expolume.com
Highways UK 2026,14.10.2026,15.10.2026,NEC - National Exhibition Centre,Birmingham,England,terrapinn.com
Pharmanext Expo 2026,14.10.2026,16.10.2026,İstanbul Lütfi Kırdar ICEC,Istanbul,Turkiye,
Smart Buildings Fair London 2026,14.10.2026,15.10.2026,ExCeL London Expo Center,London,England,
New Jersey Women's Expo 2026,14.11.2026,15.11.2026,NJCEC - New Jersey Convention and Exposition Center,New Jersey,United States of America,creativejasmin.com
Agritechnica Hannover 2027,14.11.2027,20.11.2027,Messegelände Hannover,Hanover,Germany,messemasters.com
ICFF - International Contemporary Furniture Fair | 2027,14.11.2027,16.11.2027,Jacob Javits Convention Center,New York,United States of America,eventseye.com
CIDEX 2026,14.12.2026,17.12.2026,Dhahran International Exhibitions Centre,Dammam,Saudi Arabia,m.eyeofriyadh.com
CPHI Middle East Expo 2026,14.12.2026,16.12.2026,RICEC - Riyadh International Convention & Exhibition Center,Riyadh,Saudi Arabia,
Agrarmesse Alpen-Adria 2027,15.01.2027,17.01.2027,Kärntner Messen Klagenfurt,Klagenfurt,Austria,expostandbuilders.com
Grüne Woche Berlin 2027,15.01.2027,24.01.2027,Messe Berlin Expo Center,Berlin,Germany,expobeds.com
Indianapolis Home Show 2027,15.01.2027,24.01.2027,Indiana State Fairgrounds & Event Center,Indianapolis,United States of America,eventhub.net
Jagen Und Fischen Expo 2027,15.01.2027,17.01.2027,Messe Augsburg,Augsburg,Germany,
Light + Intelligent Building North America 2027,15.03.2027,18.03.2027,Las Vegas Convention Center,Las Vegas,United States of America,netzerocompare.com
Construct Ambient & Romtherm Expo 2027,15.04.2027,18.04.2027,Romexpo Exhibition Center,București,Romania,
Expomed Eurasia Expo 2027,15.04.2027,18.04.2027,Tüyap İstanbul Fuar ve Kongre Merkezi,Istanbul,Turkiye,
Ivory Coast Decor Expo 2027,15.04.2027,17.04.2027,Parc Des Expositions D'Abidjan,Abidjan,Ivory Coast,ivorycoastdecorexpo.com
Ivory Coast Fashion Expo 2027,15.04.2027,17.04.2027,Parc Des Expositions D'Abidjan,Abidjan,Ivory Coast,calendar.bgfashion.net
Asia Barbecue Expo 2027,15.05.2027,17.05.2027,Canton Fair Complex - China Import and Export Fair,Guangzhou,China,asiabbqexpo.com
Asia Floriculture & Horticulture Trade Fair 2027,15.05.2027,17.05.2027,Canton Fair Complex - China Import and Export Fair,Guangzhou,China,agrocaretech.com
"Asia Forestry, Garden Machinery and Tools Fair 2027",15.05.2027,17.05.2027,Canton Fair Complex - China Import and Export Fair,Guangzhou,China,
"Asia Landscape Design, Equipment & Supplies Expo 2027",15.05.2027,17.05.2027,Canton Fair Complex - China Import and Export Fair,Guangzhou,China,expobeds.com
Asia Living Expo 2027,15.05.2027,17.05.2027,Canton Fair Complex - China Import and Export Fair,Guangzhou,China,asialivingexpo.com
Asia Pool & Spa Expo 2027,15.05.2027,17.05.2027,Canton Fair Complex - China Import and Export Fair,Guangzhou,China,
Spoga + gafa Cologne 2027,15.06.2027,17.06.2027,Koelnmesse Exhibition Grounds,Cologne,Germany,expostandzone.com
Affordable Art Fair 2026,15.10.2026,18.10.2026,George R. Brown Convention Center,Houston,United States of America,reddit.com
Agrena Middle East 2026,15.10.2026,17.10.2026,Cairo International Convention & Exhibition Centre,Cairo,Egypt,cantonfair.net
Asia Water-Based Ink Gravure Printing Expo 2026,15.10.2026,17.10.2026,Guangzhou Airport Expo Center,Guangzhou,China,
IGATEX Pakistan 2026,15.10.2026,18.10.2026,Lahore Expo Centre,Lahore,Pakistan,pakexcel.com
Sbe - Small Business Expo New York 2026,15.10.2026,15.10.2026,Jacob Javits Convention Center,New York,United States of America,
MLA Expo - Locksmith & Security Exhibition 2027,15.10.2027,17.10.2027,Telford International Centre,Telford,England,
Piscina & Wellness Barcelona 2027,15.11.2027,18.11.2027,Fira Barcelona Gran Via,Barcelona,Spain,cantonfair.net
WorldFood Istanbul Expo 2026,15.12.2026,18.12.2026,Tüyap İstanbul Fuar ve Kongre Merkezi,Istanbul,Turkiye,fmcgsupplychain.com
CMT - Die Urlaubsmesse Expo 2027,16.01.2027,24.01.2027,Messe Stuttgart Expo Center,Stuttgart,Germany,
Expo Riva Schuh & Gardabags 2027,16.01.2027,19.01.2027,Riva del Garda Fiere,Trentino,Italy,roombites.com
Interlook 2027,16.01.2027,17.01.2027,Messe Dortmund Event Center,Dortmund,Germany,brightfairs.com
BIO Investment and Growth Summit 2027,16.02.2027,17.02.2027,Miami Beach Convention Center,Miami,United States of America,bigs.bio.org
Biofach Expo 2027,16.02.2027,19.02.2027,NürnbergMesse Expo Center,Nurnberg,Germany,expostandservice.com
Stone Poland Expo 2027,16.02.2027,18.02.2027,Ptak Warsaw Expo Center,Warsaw,Poland,fair-point.com
Abu Dhabi Hygiene and Nonwoven Show 2027,16.03.2027,18.03.2027,ADNEC - Abu Dhabi National Exhibition Centre,Abu Dhabi,United Arab Emirates,
Abu Dhabi Paper & Tissue Show 2027,16.03.2027,18.03.2027,ADNEC - Abu Dhabi National Exhibition Centre,Abu Dhabi,United Arab Emirates,
Abu Dhabi Recycle & Packaging Show 2027,16.03.2027,18.03.2027,ADNEC - Abu Dhabi National Exhibition Centre,Abu Dhabi,United Arab Emirates,
Brno AMPER Expo 2027,16.03.2027,18.03.2027,Brno Exhibition Center,Brno,Czech Republic,
China Xiamen Stone Exhibition 2027,16.03.2027,19.03.2027,Xiamen International Conference & Exhibition Center,Xiamen,China,
Construction Site Expo 2027,16.03.2027,18.03.2027,Ptak Warsaw Expo Center,Warsaw,Poland,placbudowyexpo.com
Grind-Tech Poland Expo 2027,16.03.2027,18.03.2027,Ptak Warsaw Expo Center,Warsaw,Poland,
HORECA Expo Algeria 2027,16.03.2027,19.03.2027,SAFEX Algerian Exhibition Center,Algeria,Algeria,horecaexpodz.com
IDS Cologne Dental Exhibitions 2027,16.03.2027,20.03.2027,Koelnmesse Exhibition Grounds,Cologne,Germany,
ITB Berlin Expo 2027,16.03.2027,18.03.2027,Messe Berlin Expo Center,Berlin,Germany,
Nigeria Agrofood Expo 2027,16.03.2027,18.03.2027,Landmark Centre,Lagos,Nigeria,
Nigeria Plastprintpack Expo 2027,16.03.2027,18.03.2027,Landmark Centre,Lagos,Nigeria,
World of Build Warsaw Expo 2027,16.03.2027,18.03.2027,Ptak Warsaw Expo Center,Warsaw,Poland,
China Stainless Steel Industry Exhibition 2027,16.05.2027,18.05.2027,Canton Fair Complex - China Import and Export Fair,Guangzhou,China,58zhanhui.com
China Tube & Pipe Processing Equipment Exhibition 2027,16.05.2027,18.05.2027,Canton Fair Complex - China Import and Export Fair,Guangzhou,China,58zhanhui.com
"Guangzhou Fastener,Springs & Wire Exhibition 2027",16.05.2027,18.05.2027,Canton Fair Complex - China Import and Export Fair,Guangzhou,China,
Guangzhou Metal & Metallurgy Industry Exhibition 2027,16.05.2027,18.05.2027,Canton Fair Complex - China Import and Export Fair,Guangzhou,China,
Guangzhou Platemetal Exhibition 2027,16.05.2027,18.05.2027,Canton Fair Complex - China Import and Export Fair,Guangzhou,China,
UNITI Expo 2028,16.05.2028,18.05.2028,Messe Stuttgart Expo Center,Stuttgart,Germany,
WHX Miami - World Health Expo 2027,16.06.2027,18.06.2027,Miami Beach Convention Center,Miami,United States of America,tradefest.io
ITMA 2027,16.09.2027,22.09.2027,Messegelände Hannover,Hanover,Germany,itma.com
R+T Turkey Expo 2027,16.09.2027,18.09.2027,İFM - Istanbul Expo Center,Istanbul,Turkiye,
Construction & Woodworking Professionals Workshop 2026,16.10.2026,17.10.2026,BOK Sports and Conference Centre,Budapest,Hungary,
JIS Fall Show 2026,16.10.2026,19.10.2026,Miami Beach Convention Center,Miami,United States of America,boothcreators.com
PTSB Ideal Home Show Dublin 2026,16.10.2026,18.10.2026,RDS Venue,Dublin,Ireland,psitsvintage.co.uk
Riga Furniture and Interior 2026,16.10.2026,18.10.2026,Kipsala International Exhibition Centre,Riga,Latvia,bt1.lv
SimRacing Expo 2026,16.10.2026,18.10.2026,Messe Frankfurt Exhibition Grounds,Frankfurt,Germany,expofp.com
Busworld Europe 2027,16.10.2027,21.10.2027,Brussels Expo Center,Brussels,Belgium,exposale.net
Best5 Algeria Expo 2026,16.11.2026,19.11.2026,SAFEX Algerian Exhibition Center,Algeria,Algeria,
Compamed Düsseldorf Expo 2026,16.11.2026,19.11.2026,Messe Düsseldorf Expo Center,Dusseldorf,Germany,
Electricity Algeria Expo 2026,16.11.2026,19.11.2026,SAFEX Algerian Exhibition Center,Algeria,Algeria,elanexpo.net
Foodex Saudi Riyadh 2026,16.11.2026,18.11.2026,The Arena Riyadh Venue,Riyadh,Saudi Arabia,cantonfair.net
IATF - International Apparel & Textile Fair 2026,16.11.2026,18.11.2026,Dubai World Trade Centre,Dubai,United Arab Emirates,nextevent.ai
Medica Düsseldorf Expo 2026,16.11.2026,19.11.2026,Messe Düsseldorf Expo Center,Dusseldorf,Germany,
Mega Clima Algeria HVAC+R Expo 2026,16.11.2026,19.11.2026,SAFEX Algerian Exhibition Center,Algeria,Algeria,
The Middle East Organic & Natural Expo 2026,16.11.2026,18.11.2026,Dubai World Trade Centre,Dubai,United Arab Emirates,triumfo.ae
The Mining Show Dubai 2026,16.11.2026,17.11.2026,Dubai World Trade Centre,Dubai,United Arab Emirates,cantonfair.net
FILTECH Expo 2027,16.11.2027,18.11.2027,Koelnmesse Exhibition Grounds,Cologne,Germany,
Milipol Paris 2027,16.11.2027,19.11.2027,Paris Nord Villepinte Exhibition Centre,Paris,France,defenseadvancement.com
Prod & Pack 2027,16.11.2027,18.11.2027,Eurexpo Lyon Expo Center,Lyon,France,cantonfair.net
Productronica Munich 2027,16.11.2027,19.11.2027,MOC - Messe München Expo Center,Munich,Germany,blueprintexhibits.com
Solutrans Lyon 2027,16.11.2027,20.11.2027,Eurexpo Lyon Expo Center,Lyon,France,triumfo.de
Stainless Steel World Conference & Exhibition 2027,16.11.2027,18.11.2027,MECC - Maastricht Exhibition & Congress Centre,Maastricht,Holland,ssw-americas.com
Gafshoes Shoe Fair 2026,16.12.2026,19.12.2026,Gaziantep Ortadoğu Fuar Merkezi,Gaziantep,Turkiye,
HOGA Nürnberg 2027,17.01.2027,19.01.2027,NürnbergMesse Expo Center,Nurnberg,Germany,expobeds.com
Domotex Hannover 2028,17.01.2028,20.01.2028,Hannover Exhibition Grounds,Hanover,Germany,kohantextilejournal.com
Negenmaandenbeurs Amsterdam Expo 2027,17.02.2027,20.02.2027,Amsterdam RAI Expo Center,Amsterdam,Holland,
India StoneMart Jaipur Expo 2028,17.02.2028,20.02.2028,JECC - Jaipur Exhibition and Convention Centre,Jaipur,India,
ARTANKARA Contemporary Art Fair 2027,17.03.2027,21.03.2027,ATO Congresium Kongre ve Sergi Merkezi,Ankara,Turkiye,
ASEAN Biomass Energy Expo 2027,17.03.2027,19.03.2027,IMPACT Exhibition Center,Bangkok,Thailand,expobeds.com
ASEAN HVAC & Cleanroom Industry Expo 2027,17.03.2027,19.03.2027,IMPACT Exhibition Center,Bangkok,Thailand,clocate.com
ASEAN Smart Energy & Energy Storage Expo 2027,17.03.2027,19.03.2027,IMPACT Exhibition Center,Bangkok,Thailand,energycentral.com
CHIF - China International Hardware Fair 2027,17.03.2027,19.03.2027,NECC-National Exhibition and Convention Center,Shanghai,China,
Beautyworld Tokyo 2027,17.05.2027,19.05.2027,Tokyo Big Sight,Tokyo,Japan,
Asian Apparel Sourcing Show 2027,17.06.2027,19.06.2027,IMPACT Exhibition Center,Bangkok,Thailand,
Asian International Yarn and Fabric Sourcing Show 2027,17.06.2027,19.06.2027,IMPACT Exhibition Center,Bangkok,Thailand,asia-textilesourcing.com
Dye + Chem Asia Expo 2027,17.06.2027,19.06.2027,IMPACT Exhibition Center,Bangkok,Thailand,
Textech Asia International Expo 2027,17.06.2027,19.06.2027,IMPACT Exhibition Center,Bangkok,Thailand,
Los Angeles Women's Expo 2026,17.10.2026,18.10.2026,Los Angeles Convention Center,Los Angeles,United States of America,expofinder.com
SIAL Paris 2026,17.10.2026,21.10.2026,Paris Nord Villepinte Exhibition Centre,Paris,France,sialparis.com
Bio Expo Warsaw 2026,17.11.2026,19.11.2026,Ptak Warsaw Expo Center,Warsaw,Poland,brightfairs.com
Fast Textile Fair 2026,17.11.2026,19.11.2026,Ptak Warsaw Expo Center,Warsaw,Poland,calendar.bgfashion.net
FI Europe Exhibition 2026,17.11.2026,19.11.2026,Messe Frankfurt Exhibition Grounds,Frankfurt,Germany,connectboothdisplays.com
Formnext Frankfurt Expo 2026,17.11.2026,20.11.2026,Messe Frankfurt Exhibition Grounds,Frankfurt,Germany,
ISSA Show North America Exhibition 2026,17.11.2026,19.11.2026,Mandalay Bay Convention Center,Las Vegas,United States of America,
ITF Intertex Machinery Spain Expo 2026,17.11.2026,19.11.2026,Casa De Campo Convention Center,Madrid,Spain,
ITF Intertex Spain Expo 2026,17.11.2026,19.11.2026,Casa De Campo Convention Center,Madrid,Spain,calendar.bgfashion.net
Labeling-Tech Poland Expo 2026,17.11.2026,19.11.2026,Ptak Warsaw Expo Center,Warsaw,Poland,
METSTRADE Marine Equipment Trade Show 2026,17.11.2026,19.11.2026,Amsterdam RAI Expo Center,Amsterdam,Holland,tradefairdates.com
Packaging Poland Expo 2026,17.11.2026,19.11.2026,Ptak Warsaw Expo Center,Warsaw,Poland,
Piscine Global Lyon Exhibition 2026,17.11.2026,20.11.2026,Eurexpo Lyon Expo Center,Lyon,France,
Poland Future Energy Week Expo 2026,17.11.2026,19.11.2026,Ptak Warsaw Expo Center,Warsaw,Poland,
Power Transmission & Distribution Technology Expo 2026,17.11.2026,19.11.2026,Koelnmesse Exhibition Grounds,Cologne,Germany,powertranstech.com
Warsaw Food Tech Expo 2026,17.11.2026,19.11.2026,Ptak Warsaw Expo Center,Warsaw,Poland,expofinder.com
Warsaw Gastro QuickService Expo 2026,17.11.2026,19.11.2026,Ptak Warsaw Expo Center,Warsaw,Poland,
Made Expo Milano 2027,17.11.2027,20.11.2027,Fiera Milano RHO,Milano,Italy,www2.fereastra.ro
Global Tea Fair China (Shenzhen) Spring 2026,17.12.2026,21.12.2026,Shenzhen Convention & Exhibition Center,Shenzhen,China,velvet-path.com
Handling Expo Cairo 2026,17.12.2026,20.12.2026,Egypt International Exhibition Center,Cairo,Egypt,cantonfair.net
MacTech Egypt Expo 2026,17.12.2026,20.12.2026,Egypt International Exhibition Center,Cairo,Egypt,
IFAT Saudi Arabia 2027,18.01.2027,20.01.2027,Riyadh Front Exhibition & Conference Center,Riyadh,Saudi Arabia,messe-muenchen.de
EUROGUSS Nürnberg 2028,18.01.2028,20.01.2028,NürnbergMesse Expo Center,Nurnberg,Germany,whimsicalexhibits.eu
District Habitat 2027,18.02.2027,21.02.2027,Centre Expo Terrebonne,Terrebonne,Canada,
Beuaty and Care Istanbul Expo 2027,18.03.2027,21.03.2027,İstanbul Lütfi Kırdar ICEC,Istanbul,Turkiye,
Northwest Sportshow 2027,18.03.2027,21.03.2027,Minneapolis Convention Center,Minneapolis,United States of America,showsbee.com
The Original Miami Beach Antique Show 2027,18.03.2027,22.03.2027,Miami Beach Convention Center,Miami,United States of America,sensationsexhibits.com
Barcelona Construmat 2027,18.05.2027,20.05.2027,Fira Barcelona Gran Via,Barcelona,Spain,exposervice.be
Mega Clima Nigeria HVAC+R Expo 2027,18.05.2027,20.05.2027,Landmark Centre,Lagos,Nigeria,expomap.ru
Mega Water Nigeria Expo 2027,18.05.2027,20.05.2027,Landmark Centre,Lagos,Nigeria,industryevents.com
Parking Tech Poland Expo 2027,18.05.2027,20.05.2027,Ptak Warsaw Expo Center,Warsaw,Poland,
Sweets & Snacks Expo 2027,18.05.2027,20.05.2027,Indiana Convention Center,Indianapolis,United States of America,sweetsandsnacks.com
Pack Expo International Chicago 2026,18.10.2026,21.10.2026,McCormick Place Expo Center,Chicago,United States of America,expostandservice.us
K Düsseldorf Expo 2028,18.10.2028,25.10.2028,Messe Düsseldorf Expo Center,Dusseldorf,Germany,
Istanbul Hardware Fair 2026,18.11.2026,21.11.2026,İFM - Istanbul Expo Center,Istanbul,Turkiye,cantonfair.net
Light Expo London 2026,18.11.2026,19.11.2026,BUSINESS DESIGN CENTRE,London,England,cantonfair.net
Nordic Organic Food Fair & The Good Food Fair 2026,18.11.2026,19.11.2026,MalmöMässan,Malmö,Sweden,
Paint & Coatings Expo 2026,18.11.2026,19.11.2026,Centro Comercial La Farga,Barcelona,Spain,fuarturlari.com
SILMO Istanbul Optical Fair 2026,18.11.2026,21.11.2026,İFM - Istanbul Expo Center,Istanbul,Turkiye,ifm.com.tr
Jewel Of Saudi Expo 2026,18.12.2026,20.12.2026,Jeddah International Exhibition & Convention Center,Jeddah,Saudi Arabia,
AEEDC Dubai 2027,19.01.2027,21.01.2027,Dubai World Trade Centre,Dubai,United Arab Emirates,aeedc.com
Composite Poland Expo 2027,19.01.2027,21.01.2027,Ptak Warsaw Expo Center,Warsaw,Poland,fair-point.com
Control & Drives Poland Expo 2027,19.01.2027,21.01.2027,Ptak Warsaw Expo Center,Warsaw,Poland,
De Groene Sector Vakbeurs 2027,19.01.2027,21.01.2027,Evenementenhal Hardenberg,Hardenberg,Holland,expofinder.com
Fastech Poland Expo 2027,19.01.2027,21.01.2027,Ptak Warsaw Expo Center,Warsaw,Poland,
IMM Cologne Expo 2027,19.01.2027,22.01.2027,Koelnmesse Exhibition Grounds,Cologne,Germany,expostandservice.com
Maintenance Poland Expo 2027,19.01.2027,12.01.2027,Ptak Warsaw Expo Center,Warsaw,Poland,eventyb2b.pl
Perimeter Protection 2027,19.01.2027,21.01.2027,NürnbergMesse Expo Center,Nurnberg,Germany,perimeter-protection.de
SHOT Show 2027,19.01.2027,22.01.2027,The Venetian Expo & Convention Center,Las Vegas,United States of America,shotshow.org
The Toy Fair London Expo 2027,19.01.2027,21.01.2027,Olympia Events Center,London,England,exposignal.com
Warsaw MetalTech Expo 2027,19.01.2027,21.01.2027,Ptak Warsaw Expo Center,Warsaw,Poland,fair-point.com
World of Concrete Las Vegas Expo 2027,19.01.2027,21.01.2027,Las Vegas Convention Center,Las Vegas,United States of America,parmaestetica.it
"Indianapolis Boat, Sport and Travel Show 2027",19.02.2027,21.02.2027,Indiana State Fairgrounds & Event Center,Indianapolis,United States of America,eventseye.com
Silicon Valley Auto Show 2027,19.02.2027,21.02.2027,Santa Clara Convention Center,Santa Clara,United States of America,readysetshow.events
Indian Gaming Tradeshow & Convention 2027,19.04.2027,22.04.2027,Las Vegas Convention Center,Las Vegas,United States of America,expostandservice.us
Promat Expo 2027,19.04.2027,21.04.2027,McCormick Place Expo Center,Chicago,United States of America,expostandservice.us
MD&M South USA Expo 2028,19.04.2028,20.04.2028,Charlotte Convention Center,Charlotte,United States of America,
Fastener Fair USA 2027,19.05.2027,20.05.2027,Charlotte Convention Center,Charlotte,United States of America,fastenerfairusa.com
Md&M East Expo 2027,19.05.2027,20.05.2027,Jacob Javits Convention Center,New York,United States of America,
Aqua Expo Guayaquil 2026,19.10.2026,22.10.2026,Centro de Convenciones Simón Bolivar,Guayaquil,Ecuador,cantonfair.net
HACE Hotel Expo 2026,19.10.2026,21.10.2026,Egypt International Exhibition Center,Cairo,Egypt,exhibitionstand.contractors
Saudi Agriculture Riyadh 2026,19.10.2026,22.10.2026,RICEC - Riyadh International Convention & Exhibition Center,Riyadh,Saudi Arabia,cantonfair.net
A+A Düsseldorf 2027,19.10.2027,22.10.2027,Messe Düsseldorf Expo Center,Dusseldorf,Germany,messemasters.com
ANAMAK Wood and Metalworking Technologies Fair 2026,19.11.2026,22.11.2026,Kayseri Osb Fuar Ve Kongre Merkezi,Kayseri,Turkiye,
Anatex Anatolian Fabric and Leather Fair 2026,19.11.2026,22.11.2026,Kayseri Osb Fuar Ve Kongre Merkezi,Kayseri,Turkiye,
CAEx Build and Construction 2026,19.11.2026,21.11.2026,CAEx - Central Asian Expo Center,Tashkent,Uzbekstan,
London Vet Show 2026,19.11.2026,20.11.2026,ExCeL London Expo Center,London,England,vetshow.com
Souvenir Expo Turkey Expo 2026,19.11.2026,22.11.2026,Yenikapı Eurasia Performance and Art Center,Istanbul,Turkiye,
TravelExpo Ankara Expo 2026,19.11.2026,21.11.2026,ATO Congresium Kongre ve Sergi Merkezi,Ankara,Turkiye,
WAD - World Art Dubai 2026,19.11.2026,22.11.2026,Dubai Exhibition Centre,Dubai,United Arab Emirates,
"YANEXPO Wood, Metal, Plastic Sub-Industry Fair 2026",19.11.2026,22.11.2026,Kayseri Osb Fuar Ve Kongre Merkezi,Kayseri,Turkiye,
AGROS Expo Moscow 2027,20.01.2027,22.01.2027,Crocus Expo International Exhibition Centre,Moscow,Russia,
Hamburg Open 2027,20.01.2027,21.01.2027,Hamburg Messe Exhibition Grounds,Hamburg,Germany,hamburg-open.de
LAMMA Birmingham 2027,20.01.2027,21.01.2027,NEC - National Exhibition Centre,Birmingham,England,expobeds.com
New York Boat Show 2027,20.01.2027,24.01.2027,Jacob Javits Convention Center,New York,United States of America,tradefairdates.com
Pitti Immagine Bimbo 2027,20.01.2027,21.01.2027,Fortezza da Basso,Florence,Italy,travel2fair.com
Pitti Immagine Filati 2027,20.01.2027,22.01.2027,Fortezza da Basso,Florence,Italy,expobeds.com
PTE - Promotion Trade Exhibition 2027,20.01.2027,22.01.2027,Fiera Milano RHO,Milano,Italy,promotiontradeexhibition.it
Toyfair New York 2027,20.02.2027,23.02.2027,Jacob Javits Convention Center,New York,United States of America,blueprintexhibits.com
FHA HoReCa Singapore 2027,20.04.2027,23.04.2027,Singapore Expo Center,Singapore,Singapore,cantonfair.net
Green Agric West Africa Expo 2027,20.04.2027,22.04.2027,LCCI Conference & Exhibition Centre,Lagos,Nigeria,fr.cantonfair.net
GROWTECH Europe 2027,20.04.2027,22.04.2027,The Rimini Expo Centre,Rimini,Italy,growtechevents.com
Poland MT TSL Expo 2027,20.04.2027,22.04.2027,Ptak Warsaw Expo Center,Warsaw,Poland,
TIHE Tashkent Expo 2027,20.04.2027,22.04.2027,CAEx - Central Asian Expo Center,Tashkent,Uzbekstan,
Warsaw Bus Expo 2027,20.04.2027,22.04.2027,Ptak Warsaw Expo Center,Warsaw,Poland,warsawbusexpo.eu
Ethiopia Agrofood Expo 2027,20.05.2027,22.05.2027,AICC - Addis International Convention Center,Addis Ababa,Ethiopia,
Ethiopia Plastprintpack Expo 2027,20.05.2027,22.05.2027,AICC - Addis International Convention Center,Addis Ababa,Ethiopia,
Mebel and Decor Expo 2027,20.05.2027,22.05.2027,CAEx - Central Asian Expo Center,Tashkent,Uzbekstan,
Edifica Santiago Expo 2026,20.10.2026,22.10.2026,Espacio Riesco Expo Center,Santiago,Chile,modularok.cl
EuroBLECH Hanover 2026,20.10.2026,23.10.2026,Hannover Exhibition Grounds,Hanover,Germany,thestandexperts.com
Expo SICAM Pordenone 2026,20.10.2026,23.10.2026,Pordenone Fiere S.p.A.,Pordenone,Italy,
Glasstec Düsseldorf Expo 2026,20.10.2026,23.10.2026,Messe Düsseldorf Expo Center,Dusseldorf,Germany,
Greenbuild International Conference and Expo 2026,20.10.2026,23.10.2026,Jacob Javits Convention Center,New York,United States of America,daviesoffice.com
Mega Show Hong Kong Expo 2026,20.10.2026,23.10.2026,Hong Kong Convention and Exhibition Center,Hong Kong,Hong Kong SAR,
Pakistan Pharma Asia Expo 2026,20.10.2026,22.10.2026,Karachi Expo Centre,Karachi,Pakistan,
PROPAPER Dubai Expo 2026,20.10.2026,22.10.2026,Festival Arena Expo Center,Dubai,United Arab Emirates,fairassistant.com
TOC Americas Cartagena Expo 2026,20.10.2026,22.10.2026,Cartagena De Indias Convention Center,Cartagena,Colombia,titi.social
UzEnergyExpo Tashkent 2026,20.10.2026,22.10.2026,Uz Expo Centre,Tashkent,Uzbekstan,cantonfair.net
WETEX Dubai Expo 2026,20.10.2026,22.10.2026,Dubai World Trade Centre,Dubai,United Arab Emirates,bmagmeter.com
ISK-SODEX Expo 2027,20.10.2027,23.10.2027,İFM - Istanbul Expo Center,Istanbul,Turkiye,
Maktek Konya Fair 2027,20.10.2027,23.10.2027,Tüyap Konya Uluslararası Fuar Merkezi,Konya,Turkiye,protokol.org.tr
Beautyworld Central Asia Expo 2026,20.11.2026,22.11.2026,CAEx - Central Asian Expo Center,Tashkent,Uzbekstan,
Los Angeles Auto Show 2026,20.11.2026,29.11.2026,Los Angeles Convention Center,Los Angeles,United States of America,blog.consumerguide.com
Start Beauty Çukurova Expo 2026,20.11.2026,22.11.2026,Adana Uluslararası Fuar ve Kongre Merkezi,Adana,Turkiye,zanamimarlik.com
AGROmashEXPO 2027,21.01.2027,24.01.2027,Hungexpo Congress and Exhibition Centre,Budapest,Hungary,zuidberg.com
Minneapolis Boat Show 2027,21.01.2027,24.12.2027,Minneapolis Convention Center,Minneapolis,United States of America,lodgevent.com
PLASTIVISION India Expo 2027,21.01.2027,25.01.2027,BEC - Bombay Exhibition Center,Mumbai,India,
SIRHA Expo 2027,21.01.2027,25.01.2027,Eurexpo Lyon Expo Center,Lyon,France,
Bologna SANA Food Expo 2027,21.02.2027,23.02.2027,Bologna Fiere Expo Center,Bologna,Italy,fmcgsupplychain.com
Bologna Slow Wine Fair 2027,21.02.2027,23.02.2027,Bologna Fiere Expo Center,Bologna,Italy,
Led China Expo 2027,21.02.2027,23.02.2027,Shenzhen Convention & Exhibition Center,Shenzhen,China,
Electric and Hybrid Vehicle Technology Expo 2027,21.04.2027,22.04.2027,Georgia World Congress Center,Atlanta,United States of America,
Energy Storage South USA Expo 2027,21.04.2027,22.04.2027,Georgia World Congress Center,Atlanta,United States of America,
Beautyworld Saudi Arabia 2027,21.06.2027,23.06.2027,Riyadh Front Exhibition & Conference Center,Riyadh,Saudi Arabia,m.eyeofriyadh.com
Build Expo USA 2027,21.07.2027,22.07.2027,Cobb Convention Center,Atlanta,United States of America,
CMS Berlin Expo 2027,21.09.2027,24.09.2027,Messe Berlin Expo Center,Berlin,Germany,
Fachpack Nuremberg 2027,21.09.2027,23.09.2027,NürnbergMesse Expo Center,Nurnberg,Germany,boothvision.com
FHM - Food & Hospitality Malaysia 2027,21.09.2027,24.09.2027,Kuala Lumpur Convention Centre,Kuala Lumpur,Malaysia,fmcgsupplychain.com
ARTNOUVA Art Fair 2026,21.10.2026,25.10.2026,ATO Congresium Kongre ve Sergi Merkezi,Ankara,Turkiye,
Big 5 Construct Kenya 2026,21.10.2026,23.10.2026,Sarit Expo Centre,Nairobi,Kenya,expotim.com
FABTECH Expo 2025,21.10.2026,23.10.2026,Las Vegas Convention Center,Las Vegas,United States of America,marvelcoatings.com
Fashion Prime Expo 2026,21.10.2026,23.10.2026,Fuar İzmir,Izmir,Turkiye,calendar.bgfashion.net
Figas & Vehigas Peru Expo 2026,21.10.2026,23.10.2026,Jockey Exhibition Center,Lima,Peru,
Growtech Vietnam Expo 2026,21.10.2026,23.10.2026,SECC - Saigon Exhibition and Convention Center,Ho Chi Minh City,Vietnam,agriculture.vn
Jinhan Fair for Home & Gifts 2026,21.10.2026,27.10.2026,PWTC - Poly World Trade Center,Guangzhou,China,cantonfair.net
NOBEL Master Shoes Expo 2026,21.10.2026,24.10.2026,Tüyap Konya Uluslararası Fuar Merkezi,Konya,Turkiye,
SPE ATCE - Annual Technical Conference and Expo 2026,21.10.2026,23.10.2026,George R. Brown Convention Center,Houston,United States of America,
Vietstock Expo and Forum 2026,21.10.2026,23.10.2026,SECC - Saigon Exhibition and Convention Center,Ho Chi Minh City,Vietnam,vietstock.org
Warsaw Home Textile Expo 2026,21.10.2026,24.10.2026,Ptak Warsaw Expo Center,Warsaw,Poland,
Eurasia Door Exhibition 2026,21.11.2026,24.11.2026,Tüyap İstanbul Fuar ve Kongre Merkezi,Istanbul,Turkiye,
Eurasia Glass Exhibition 2026,21.11.2026,24.11.2026,Tüyap İstanbul Fuar ve Kongre Merkezi,Istanbul,Turkiye,
Eurasia Window Exhibition 2026,21.11.2026,24.11.2026,Tüyap İstanbul Fuar ve Kongre Merkezi,Istanbul,Turkiye,
Hanse BAU + Bremer Altbautage Expo 2027,22.01.2027,24.01.2027,Messe Bremen,Bremen,Germany,
WWETT Show 2027,22.02.2027,25.02.2027,Indiana Convention Center,Indianapolis,United States of America,wwettshow.com
Dubai Professional Beauty Expo 2027,22.03.2027,23.03.2027,Festival Arena Expo Center,Dubai,United Arab Emirates,
Dhaka Auto Parts Show 2027,22.04.2027,24.04.2027,ICCB - International Convention City Bashundhara,Dhaka,Bangladesh,cems-autopartsshow.com
Dhaka Bike Show 2027,22.04.2027,24.04.2027,ICCB - International Convention City Bashundhara,Dhaka,Bangladesh,dhakabikeshow.com
Dhaka Commercial Automotive Show 2027,22.04.2027,24.04.2027,ICCB - International Convention City Bashundhara,Dhaka,Bangladesh,cems-commercialautoshow.com
Dhaka Motor Show 2027,22.04.2027,24.04.2027,ICCB - International Convention City Bashundhara,Dhaka,Bangladesh,dhakaautoseries.com
Electric Vehicle Bangladesh Expo 2027,22.04.2027,24.04.2027,ICCB - International Convention City Bashundhara,Dhaka,Bangladesh,cems-evexpo.com
PAX EAST 2027,22.04.2027,25.04.2027,Thomas M. Menino Convention & Exhibition Center,Boston,United States of America,fancons.com
Vietnam Beautycare Expo 2027,22.04.2027,24.04.2027,ICE - Hanoi International Exhibition Cente,Hanoi,Vietnam,
National Restaurant Association Show 2027,22.05.2027,25.05.2027,McCormick Place Expo Center,Chicago,United States of America,nationalrestaurantshow.com
The National Painting and Decorating Show 2027,22.06.2027,24.06.2027,NEC - National Exhibition Centre,Birmingham,England,
Egypt Fabric & Yarn Expo 2026,22.10.2026,25.10.2026,Cairo International Convention & Exhibition Centre,Cairo,Egypt,whimsicalexhibitsuae.com
International Fashion Industry Expo 2026,22.10.2026,25.10.2026,EXPOFORUM Convention and Exhibition Centre,St .Petersburg,Russia,calendar.bgfashion.net
ITF Intertex Machinery Tunisia Expo 2026,22.10.2026,24.10.2026,Foire Internationale de Sousse,Sousse,Tunisia,
ITF Intertex Tunisia Expo 2026,22.10.2026,24.10.2026,Foire Internationale de Sousse,Sousse,Tunisia,calendar.bgfashion.net
Munich Show 2026,22.10.2026,25.10.2026,MOC - Messe München Expo Center,Munich,Germany,munichshow.com
Renewable Energy India Expo 2026,22.10.2026,24.10.2026,INDIA EXPO CENTRE & MART,Greater Noida,India,renewableenergyindiaexpo.com
WoodTech İstanbul Expo 2026,22.10.2026,25.10.2026,Tüyap İstanbul Fuar ve Kongre Merkezi,Istanbul,Turkiye,
HOST Milano Expo 2027,22.10.2027,26.10.2027,Fiera Milano RHO,Milano,Italy,fmcgsupplychain.com
Boot Düsseldorf Expo 2027,23.01.2027,31.01.2027,Messe Düsseldorf Expo Center,Dusseldorf,Germany,
SIGEP Rimini 2027,23.01.2027,27.01.2027,The Rimini Expo Centre,Rimini,Italy,
Isoltex Expo 2027,23.02.2027,25.02.2027,Ptak Warsaw Expo Center,Warsaw,Poland,
Smart Home&IoT Expo 2027,23.02.2027,25.02.2027,Ptak Warsaw Expo Center,Warsaw,Poland,tradeindia.com
Warsaw HVAC Expo 2027,23.02.2027,25.02.2027,Ptak Warsaw Expo Center,Warsaw,Poland,warsawhvacexpo.com
Wire & Tube Mexico Monterrey 2027,23.02.2027,25.02.2027,Cintermex,Monterrey,Mexico,fr.cantonfair.net
Sofia Arena Of Beauty Expo 2027,23.04.2027,24.04.2027,Inter Expo Center,Sofia,Bulgaria,
Hometex Bad Salzuflen Expo 2027,23.06.2027,24.06.2027,Messezentrum Bad Salzuflen,Bad Salzuflen,Germany,scouts.yutori.com
Monaco Yacht Show 2026,23.09.2026,26.09.2026,Port Hercule,Monte Carlo,Monaco,monacoyachtshow.com
Sign Istanbul Fair 2026,23.09.2026,26.09.2026,İFM - Istanbul Expo Center,Istanbul,Turkiye,cantonfair.net
ALUEXPO 2027,23.09.2027,25.09.2027,İFM - Istanbul Expo Center,Istanbul,Turkiye,aluexpo.com
How - Hub Of Warehouse Expo 2027,23.09.2027,25.09.2027,İFM - Istanbul Expo Center,Istanbul,Turkiye,
NUFAM Expo 2027,23.09.2027,26.09.2027,Messe Karlsruher,Karlsruhe,Germany,cantonfair.net
ALL4PACK Emballage Expo 2026,23.11.2026,26.11.2026,Paris Nord Villepinte Exhibition Centre,Paris,France,
Foodex Saudi Jeddah 2026,23.11.2026,25.11.2026,Jeddah International Exhibition & Convention Center,Jeddah,Saudi Arabia,packaging-labelling.com
Iraq Plast Print Pack Expo 2026,23.11.2026,26.11.2026,Erbil International Fair Ground,Erbil,Iraq,fairassistant.com
MEBEL Moscow 2026,23.11.2026,26.11.2026,Crocus Expo International Exhibition Centre,Moscow,Russia,en.dixifuar.com
BRAFA Expo 2027,24.01.2027,31.01.2027,Brussels Expo Center,Brussels,Belgium,
January Furniture Show 2027,24.01.2027,27.01.2027,NEC - National Exhibition Centre,Birmingham,England,
Minneapolis Home + Garden Show 2027,24.02.2027,28.02.2027,Minneapolis Convention Center,Minneapolis,United States of America,
RosBuild Expo 2027,24.02.2027,26.02.2027,The Timiryazev Exhibition Centre,Moscow,Russia,
Eurasia Rail Expo 2027,24.03.2027,26.03.2027,İFM - Istanbul Expo Center,Istanbul,Turkiye,
Istanbul Yarn Fair 2027,24.03.2027,26.03.2027,Tüyap İstanbul Fuar ve Kongre Merkezi,Istanbul,Turkiye,kohantextilejournal.com
Re+ Texas 2027,24.03.2027,25.03.2027,George R. Brown Convention Center,Houston,United States of America,re-plus.events
Chemspec Europe 2027,24.05.2027,25.05.2027,Messe Basel,Basel,Switzerland,mass-spec-capital.com
EDS - Electronic Distribution Show 2027,24.05.2027,28.05.2027,Resorts World Las Vegas,Las Vegas,United States of America,
CHE - China Hair Expo 2027,24.08.2027,26.08.2027,PWTC - Poly World Trade Center,Guangzhou,China,
Anfaş Fresh Antalya Expo 2026,24.09.2026,26.09.2026,ANFAŞ Antalya Fuar Merkezi,Antalya,Turkiye,
Bangladesh Leather & Footwear Expo 2026,24.09.2026,26.09.2026,ICCB - International Convention City Bashundhara,Dhaka,Bangladesh,blfexpo.com
FDI - Furnishings and Design Istanbul Expo 2026,24.09.2026,26.09.2026,İFM - Istanbul Expo Center,Istanbul,Turkiye,
Non Woven Expo Bangladesh 2026,24.09.2026,26.09.2026,ICCB - International Convention City Bashundhara,Dhaka,Bangladesh,nonwovenexpo.com
Print Tech Bangladesh 2026,24.09.2026,26.09.2026,ICCB - International Convention City Bashundhara,Dhaka,Bangladesh,cantonfair.net
Chicago Women's Expo 2026,24.10.2026,25.10.2026,Donald E. Stephens Convention Center,Chicago,United States of America,interiortoday.us
Abu Dhabi International Food Exhibition 2026,24.11.2026,26.11.2026,ADNEC - Abu Dhabi National Exhibition Centre,Abu Dhabi,United Arab Emirates,travel2fair.com
Beauty West Africa Expo 2026,24.11.2026,26.11.2026,Landmark Centre,Lagos,Nigeria,
Fire Protection Poland Expo 2026,24.11.2026,26.11.2026,Ptak Warsaw Expo Center,Warsaw,Poland,
Fruit Poland Expo 2026,24.11.2026,26.11.2026,Ptak Warsaw Expo Center,Warsaw,Poland,showsbee.com
Growtech Expo 2026,24.11.2026,27.11.2026,ANFAŞ Antalya Fuar Merkezi,Antalya,Turkiye,2exhibitions.com
HEATEXPO 2026,24.11.2026,26.11.2026,Messe Dortmund Event Center,Dortmund,Germany,heat-expo.de
PharmTech & Ingredients Moscow Expo 2026,24.11.2026,27.11.2026,Crocus Expo International Exhibition Centre,Moscow,Russia,
PMR Expo Cologne 2026,24.11.2026,26.11.2026,Koelnmesse Exhibition Grounds,Cologne,Germany,blueprintexhibits.com
Poland Bioagro Expo 2026,24.11.2026,26.11.2026,Ptak Warsaw Expo Center,Warsaw,Poland,
SPS Nurnberg 2026,24.11.2026,26.11.2026,NürnbergMesse Expo Center,Nurnberg,Germany,wscad.com
Warsaw Facade Expo 2026,24.11.2026,26.11.2026,Ptak Warsaw Expo Center,Warsaw,Poland,
Warsaw Poultry Tech Expo 2026,24.11.2026,26.11.2026,Ptak Warsaw Expo Center,Warsaw,Poland,
Warsaw Roof Expo 2026,24.11.2026,26.11.2026,Ptak Warsaw Expo Center,Warsaw,Poland,
Adhesive and Bonding Eurasia Expo 2027,24.11.2027,26.11.2027,İFM - Istanbul Expo Center,Istanbul,Turkiye,
Foam Eurasia Expo 2027,24.11.2027,26.11.2027,İFM - Istanbul Expo Center,Istanbul,Turkiye,
PaintExpo Eurasia 2027,24.11.2027,26.11.2027,İFM - Istanbul Expo Center,Istanbul,Turkiye,paintexpo.com.tr
Surtech Eurasia Expo 2027,24.11.2027,26.11.2027,İFM - Istanbul Expo Center,Istanbul,Turkiye,
WHX - World Health Expo Dubai 2027,25.01.2027,28.01.2027,Dubai Exhibition Centre,Dubai,United Arab Emirates,tradefairdates.com
Kids Time Kielce Expo 2027,25.02.2027,26.02.2027,Kielce Exhibition Center,Kielce,Poland,
Paperworld India Expo 2027,25.02.2027,27.02.2027,BEC - Bombay Exhibition Center,Mumbai,India,firstrain.co.in
ASEAN Wind Energy Expo 2027,25.03.2027,27.03.2027,IMPACT Exhibition Center,Bangkok,Thailand,aseanwindenergyexpo.com
Colombo International Yarn & Fabric Show 2027,25.03.2027,27.03.2027,SLECC - Sri Lanka Exhibition & Convention Centre,Colombo,Sri Lanka,en.jufair.com
Dye+Chem Sri Lanka International Expo 2027,25.03.2027,27.03.2027,SLECC - Sri Lanka Exhibition & Convention Centre,Colombo,Sri Lanka,clocate.com
FRANCHISE İstanbul Expo 2027,25.03.2027,28.03.2027,Tüyap İstanbul Fuar ve Kongre Merkezi,Istanbul,Turkiye,expointurkey.org
Textech Sri Lanka Expo 2027,25.03.2027,27.03.2027,SLECC - Sri Lanka Exhibition & Convention Centre,Colombo,Sri Lanka,
Ceramitec Munich 2028,25.04.2028,27.04.2028,MOC - Messe München Expo Center,Munich,Germany,triumfo.de
Expo Electrica International 2027,25.05.2027,27.05.2027,EXPO Santa Fe Mexico,Mexico City,Mexico,en.jufair.com
Auto Tuning Show 2027,25.06.2027,27.06.2027,Ptak Warsaw Expo Center,Warsaw,Poland,autotuningshow.com
Bangladesh Wood International Expo 2026,25.09.2026,27.09.2026,ICCB - International Convention City Bashundhara,Dhaka,Bangladesh,tradefairdates.com
Indianapolis Fall Boat & RV Show 2026,25.09.2026,27.09.2026,Indiana State Fairgrounds & Event Center,Indianapolis,United States of America,event.marriott.com
Silmo Paris Optical Exhibition 2026,25.09.2026,28.09.2026,Paris Nord Villepinte Exhibition Centre,Paris,France,
JA New York Expo 2026,25.10.2026,27.10.2026,Jacob Javits Convention Center,New York,United States of America,
Build2Perform Live - Elemental London 2026,25.11.2026,26.11.2026,ExCeL London Expo Center,London,England,elementallondon.show
HIX - Hotel Interiors Experience Expo 2026,25.11.2026,26.11.2026,ExCeL London Expo Center,London,England,
Interdye & Textile Printing Eurasia Exhibition 2026,25.11.2026,27.11.2026,İFM - Istanbul Expo Center,Istanbul,Turkiye,
London Build Expo 2026,25.11.2026,27.11.2026,ExCeL London Expo Center,London,England,londonbuildexpo.com
Poultry India Expo 2026,25.11.2026,27.11.2026,HITEX Exhibition Centre,Hyderabad,India,poultryindia.co.in
SIB - Salon International du Batiment Expo 2026,25.11.2026,29.11.2026,Parc d’Exposition Mohammed VI,El Jadida,Morocco,
TRANSLOG Connect Congress 2026,25.11.2026,26.11.2026,Crowne Plaza Budapest,Budapest,Hungary,packaging-labelling.com
Turkchem Eurasia İstanbul Exhibition 2026,25.11.2026,27.11.2026,İFM - Istanbul Expo Center,Istanbul,Turkiye,
Vietnam Medi-Pharm Expo 2026,25.11.2026,27.11.2026,SECC - Saigon Exhibition and Convention Center,Ho Chi Minh City,Vietnam,medipharmexpo.com
Wire & Cable Show Vietnam 2026,25.11.2026,27.11.2026,VNEC - Vietnam National Exhibition Center,Hanoi,Vietnam,tradefairdates.com
BUDMA Expo 2027,26.01.2027,29.01.2027,Poznan International Fair Center,Poznan,Poland,expostandzone.com
Cosmoprof North America Miami 2027,26.01.2027,28.01.2027,Miami Beach Convention Center,Miami,United States of America,marketplace.businessfrance.fr
DairyTech Moscow 2027,26.01.2027,28.01.2027,Crocus Expo International Exhibition Centre,Moscow,Russia,fmcgsupplychain.com
IPM Essen 2027,26.01.2027,29.01.2027,Messe Essen Exhibition Grounds,Essen,Germany,ipm-essen.de
IPPE - International Production & Processing Expo 2027,26.01.2027,28.01.2027,Georgia World Congress Center,Atlanta,United States of America,exhibitorsdata.com
NewLabel Poland Expo 2027,26.01.2027,28.01.2027,Ptak Warsaw Expo Center,Warsaw,Poland,fmcgsupplychain.com
RemaDays Warsaw Expo 2027,26.01.2027,28.01.2027,Ptak Warsaw Expo Center,Warsaw,Poland,
RUPLASTICA Moscow 2027,26.01.2027,29.01.2027,Crocus Expo International Exhibition Centre,Moscow,Russia,
UPAKEXPO Moscow 2027,26.01.2027,29.01.2027,Crocus Expo International Exhibition Centre,Moscow,Russia,exhibitionsvoice.com
Warsaw Retail Tech Expo 2027,26.01.2027,28.01.2027,Ptak Warsaw Expo Center,Warsaw,Poland,warsawretailtechexpo.com
WHX Labs Dubai - World Health Expo Labs 2027,26.01.2027,29.01.2027,Dubai World Trade Centre,Dubai,United Arab Emirates,
World of Coffee Dubai 2027,26.01.2027,28.01.2027,Dubai World Trade Centre,Dubai,United Arab Emirates,worldofcoffee.org
New York International Auto Show 2027,26.03.2027,04.04.2027,Jacob Javits Convention Center,New York,United States of America,predicthq.com
Artcontact Istanbul Contemporary Art Fair 2027,26.05.2027,30.05.2027,Yenikapı Eurasia Performance and Art Center,Istanbul,Turkiye,
GarmentTech Istanbul Expo 2027,26.05.2027,29.05.2027,Tüyap İstanbul Fuar ve Kongre Merkezi,Istanbul,Turkiye,
IAAF Izmir Art and Antique Fair 2027,26.05.2027,30.05.2027,Fuar İzmir,Izmir,Turkiye,
MINEX Mining Fair 2027,26.05.2027,29.05.2027,Fuar İzmir,Izmir,Turkiye,
SIMA Expo Madrid 2027,26.05.2027,29.05.2027,IFEMA Madrid Expo Center,Madrid,Spain,
Tashkent Intelligent Building Expo 2027,26.05.2027,28.05.2027,CAEx - Central Asian Expo Center,Tashkent,Uzbekstan,
Antalya Tourism Fair 2026,26.10.2026,26.10.2026,ANFAŞ Antalya Fuar Merkezi,Antalya,Turkiye,antalyaturizmfuari.com
Arablab Dubai 2026,26.10.2026,28.10.2026,Dubai World Trade Centre,Dubai,United Arab Emirates,kinematica.ch
Global Health Exhibition Saudi 2026,26.10.2026,29.10.2026,RICEC - Riyadh International Convention & Exhibition Center,Riyadh,Saudi Arabia,fairassistant.com
AQUANALE - FSB 2027,26.10.2027,29.10.2027,Koelnmesse Exhibition Grounds,Cologne,Germany,aktual.be
Aquanale Cologne 2027,26.10.2027,29.10.2027,Koelnmesse Exhibition Grounds,Cologne,Germany,
Blechexpo Stutgart 2027,26.10.2027,29.10.2027,Messe Stuttgart Expo Center,Stuttgart,Germany,
ProcessExpo Chicago 2027,26.10.2027,28.10.2027,McCormick Place Expo Center,Chicago,United States of America,expostandzone.com
ScanPack Expo 2027,26.10.2027,29.10.2027,Swedish Exhibition & Congress Centre,Gothenburg,Sweden,
IFTEX Istanbul Fair 2026,26.11.2026,28.11.2026,İFM - Istanbul Expo Center,Istanbul,Turkiye,
Light + Intelligent Building Istanbul Fair 2026,26.11.2026,28.11.2026,ICC - İstanbul Congress Center,Istanbul,Turkiye,
SIC - China International Silver Industry Expo 2026,26.11.2026,28.11.2026,PWTC - Poly World Trade Center,Guangzhou,China,
Tech Industry Expo 2026,26.11.2026,28.11.2026,Kipsala International Exhibition Centre,Riga,Latvia,cantonfair.net
WoodShow Cairo Expo 2026,26.11.2026,29.11.2026,Cairo International Convention & Exhibition Centre,Cairo,Egypt,
Empack Switzerland 2027,27.01.2027,28.01.2027,Messe Zürich Expo Center,Zürich,Switzerland,
Grains Africa Expo 2027,27.01.2027,29.01.2027,The Aga Khan Diamond Jubilee Hall,Dar Es Salaam,Tanzania,
International Jewellery Tokyo 2027,27.01.2027,29.01.2027,Tokyo Big Sight,Tokyo,Japan,cantonfair.net
Pharmapack Europe Paris 2027,27.01.2027,28.01.2027,Paris Expo Porte de Versailles,Paris,France,whimsicalexhibits.eu
Agrotica Thessaloniki Expo 2028,27.01.2028,30.01.2028,Thessaloniki International Exhibition Center,Thessaloniki,Greece,agrocaretech.com
Poland Estetica Expo 2027,27.04.2027,29.04.2027,Ptak Warsaw Expo Center,Warsaw,Poland,
Poland LABOTECH Expo 2027,27.04.2027,29.04.2027,Ptak Warsaw Expo Center,Warsaw,Poland,
Poland Senior Care Expo 2027,27.04.2027,29.04.2027,Ptak Warsaw Expo Center,Warsaw,Poland,
Surfactant and Detergent Exhibition 2027,27.04.2027,29.04.2027,SHCEC - Shanghai Con. & Exh. Center of Int. Sourcing,Shanghai,China,expobeds.com
TurkeyBuild Istanbul Expo 2027,27.04.2027,30.04.2027,Tüyap İstanbul Fuar ve Kongre Merkezi,Istanbul,Turkiye,
Warsaw Spa & Wellness Tech Expo 2027,27.04.2027,29.04.2027,Ptak Warsaw Expo Center,Warsaw,Poland,
GISMA Guangzhou Expo 2027,27.05.2027,29.05.2027,PWTC - Poly World Trade Center,Guangzhou,China,
PATS - Pet & Aquatics Trade Show 2026,27.09.2026,29.09.2026,NEC - National Exhibition Centre,Birmingham,England,thenec.co.uk
Pack Las Vegas Expo 2027,27.09.2027,29.09.2027,Las Vegas Convention Center,Las Vegas,United States of America,
HKTDC Hong Kong International Lighting Fair 2026,27.10.2026,30.10.2026,Hong Kong Convention and Exhibition Center,Hong Kong,Hong Kong SAR,tradefairdates.com
Interlight Moscow Expo 2026,27.10.2026,30.10.2026,Crocus Expo International Exhibition Centre,Moscow,Russia,
JGTD - Jewellery Gem & Technology Dubai Expo 2026,27.10.2026,29.10.2026,Dubai Exhibition Centre,Dubai,United Arab Emirates,
Mare di Moda Cannes 2026,27.10.2026,29.10.2026,Palais des Festivals et des Congrès,Cannes,France,fuarturlari.com
Mega Show Part 2 Hong Kong Expo 2026,27.10.2026,29.10.2026,Hong Kong Convention and Exhibition Center,Hong Kong,Hong Kong SAR,
Nigeria Energy 2026,27.10.2026,29.10.2026,Landmark Centre,Lagos,Nigeria,landmarklagos.com
ORGATEC 2026,27.10.2026,30.10.2026,Koelnmesse Exhibition Grounds,Cologne,Germany,orgatec.com
Wire Brasil Expo 2025,27.10.2027,29.10.2027,São Paulo Expo Center,São Paulo,Brazil,
GNYDM - Greater New York Dental Meeting 2026,27.11.2026,01.12.2026,Jacob Javits Convention Center,New York,United States of America,neventum.com
SAVM 2026,27.11.2026,29.11.2026,MITEC - Malaysia Int. Trade and Exhibition Centre,Kuala Lumpur,Malaysia,industryevents.com
India Poultry Show Expo 2027,28.01.2027,30.01.2027,Codissia Trade Fair Complex,Tamil Nadu,India,
NAMM Show 2027,28.01.2027,30.01.2027,Anaheim Convention Center,Anaheim,United States of America,expostandservice.us
Nepal Wood Expo 2027,28.01.2027,31.01.2027,Bhrikutimandap Exhibition Hall,Kathmandu,Nepal,nepalwood.com.np
EuroVino Expo 2027,28.02.2027,01.03.2027,Messe Karlsruher,Karlsruhe,Germany,
Central Asia Beauty Expo 2027,28.04.2027,30.04.2027,Atakent International Exhibition Centre,Almaty,Kazakhstan,en.cabeauty.kz
AGROPRODMASH Moscow Expo 2026,28.09.2026,01.10.2026,Crocus Expo International Exhibition Centre,Moscow,Russia,
China International Hardware Show 2026,28.09.2026,30.09.2026,SNIEC - Shanghai New International Expo Center,Shanghai,China,hardwareshow-china.com
Doha Jewellery & Watches Exhibition 2026,28.09.2026,03.10.2026,Doha Exhibition & Convention Center (DECC),Doha,Qatar,qatarliving.com
Feria Habitat Valencia 2026,28.09.2026,01.10.2026,Feria Valencia Event Center,Valencia,Spain,exhibitionsforyou.com
Jeddah Construct Exhibition 2026,28.09.2026,30.09.2026,Jeddah International Exhibition & Convention Center,Jeddah,Saudi Arabia,
Luxe Pack Monaco 2026,28.09.2026,30.09.2026,Grimaldi Forum,Monte Carlo,Monaco,expomap.ru
Maktek Eurasia Expo 2026,28.09.2026,03.10.2026,Tüyap İstanbul Fuar ve Kongre Merkezi,Istanbul,Turkiye,mt.aiemetal.com
MAKTEK Eurasia Expo 2026,28.09.2026,03.10.2026,Tüyap İstanbul Fuar ve Kongre Merkezi,Istanbul,Turkiye,mt.aiemetal.com
SGI Dubai - Sign and Graphic Imaging Expo 2026,28.09.2026,30.09.2026,Dubai World Trade Centre,Dubai,United Arab Emirates,
Sleep Expo Middle East 2026,28.09.2026,30.09.2026,Dubai World Trade Centre,Dubai,United Arab Emirates,kohantextilejournal.com
Abrafati Show 2027,28.09.2027,30.09.2027,São Paulo Expo Center,São Paulo,Brazil,pigments.com
Tech Textile and Tech Composite Expo 2027,28.09.2027,30.09.2027,VDNH Exhibition Center,Moscow,Russia,
All Energy Australia 2026,28.10.2026,29.10.2026,MCEC-Melbourne Convention and Exhibition Centre,Melbourne,Australia,all-energy.com.au
Chicago Build Expo 2026,28.10.2026,29.10.2026,McCormick Place Expo Center,Chicago,United States of America,chicagobuildexpo.com
Co-Ref Vietnam Expo 2026,28.10.2026,30.10.2026,NECC - National Exhibition Construction Center,Hanoi,Vietnam,
Health Expo Iraq 2026,28.10.2026,31.10.2026,Baghdad International Fair Center,Baghdad,Iraq,healthexpoiraq.iq
Indagra Food București 2026,28.10.2026,01.11.2026,Romexpo Exhibition Center,București,Romania,agrocaretech.com
MD&M Midwest Expo 2026,28.10.2026,29.10.2026,Minneapolis Convention Center,Minneapolis,United States of America,
Pet Fair South East Asia 2026,28.10.2026,30.10.2026,BITEC - Bangkok Int. Trade & Exhibition Centre,Bangkok,Thailand,
Smart Delivery Vietnam Expo 2026,28.10.2026,30.10.2026,NECC - National Exhibition Construction Center,Hanoi,Vietnam,
SupplySide Global Las Vegas 2026,28.10.2026,30.10.2026,Mandalay Bay Convention Center,Las Vegas,United States of America,expostandservice.us
Viet Cargo Expo 2026,28.10.2026,30.10.2026,NECC - National Exhibition Construction Center,Hanoi,Vietnam,pancoworld.com
Vietnam Warehousing & Automation Show 2026,28.10.2026,30.10.2026,ICE - Hanoi International Exhibition Cente,Hanoi,Vietnam,
Viscom Italia 2026,28.10.2026,29.10.2026,Fiera Milano RHO,Milano,Italy,blueprintexhibits.com
Waste Expo Australia 2026,28.10.2026,29.10.2026,MCEC-Melbourne Convention and Exhibition Centre,Melbourne,Australia,wasteexpoaustralia.com.au
Essen Motor Show 2026,28.11.2026,06.12.2026,Messe Essen Exhibition Grounds,Essen,Germany,erclassics.com
Ambiente Expo 2027,29.01.2027,02.02.2027,Messe Frankfurt Exhibition Grounds,Frankfurt,Germany,expostandservice.com
Christmasworld Expo 2027,29.01.2027,02.02.2027,Messe Frankfurt Exhibition Grounds,Frankfurt,Germany,expostandzone.com
Creativeworld Frankfurt Expo 2027,29.01.2027,01.02.2027,Messe Frankfurt Exhibition Grounds,Frankfurt,Germany,
Medizin Expo 2027,29.01.2027,31.01.2027,Messe Stuttgart Expo Center,Stuttgart,Germany,radonexhibition.eu
MOTORRADWELT Bodensee 2027,29.01.2027,31.01.2027,Messegelände Friedrichshafen,Friedrichshafen,Germany,cantonfair.net
Opti Munich 2027,29.01.2027,31.01.2027,MOC - Messe München Expo Center,Munich,Germany,theeyewearforum.com
RHEINGOLF Düsseldorf 2027,29.01.2027,31.01.2027,Düsseldorf Station Airport,Dusseldorf,Germany,messeninfo.de
Texworld New York 2027,29.01.2027,31.01.2027,Jacob Javits Convention Center,New York,United States of America,aarsexhibits.com
Therapro Expo 2027,29.01.2027,31.01.2027,Messe Stuttgart Expo Center,Stuttgart,Germany,
EQUIP AUTO Algeria 2027,29.03.2027,01.04.2027,SAFEX Algerian Exhibition Center,Algeria,Algeria,equipauto-algeria.net
Ghana Beauty & Cosmetics Expo 2027,29.04.2027,01.05.2027,Kofi Ohene Konadu Auditorium - UPSA,Accra,Ghana,
Space Tech Expo USA 2027,29.06.2027,01.07.2027,Anaheim Convention Center,Anaheim,United States of America,spacetechexpo.com
AHR Expo Mexico 2026,29.09.2026,01.10.2026,Cintermex,Monterrey,Mexico,ahrexpomexico.com
BioTechX USA 2026,29.09.2026,30.09.2026,Hynes Convention Center,Boston,United States of America,terrapinn.com
DroneX Trade Show & Conference 2026,29.09.2026,30.09.2026,ExCeL London Expo Center,London,England,defenseadvancement.com
Espacio Food & Service Santiago Expo 2026,29.09.2026,30.09.2026,Espacio Riesco Expo Center,Santiago,Chile,
Interfabric Moscow Expo 2026,29.09.2026,01.10.2026,Crocus Expo International Exhibition Centre,Moscow,Russia,calendar.bgfashion.net
Powtech Nuremberg 2026,29.09.2026,01.10.2026,NürnbergMesse Expo Center,Nurnberg,Germany,expostandzone.com
Responsible Packaging Expo 2026,29.09.2026,30.09.2026,ExCeL London Expo Center,London,England,packaging-labelling.com
UK Construction Week Birmingham Fuarı 2026,29.09.2026,01.10.2026,NEC - National Exhibition Centre,Birmingham,England,
Warsaw Rehabilitation Fair 2026,29.09.2026,01.10.2026,Ptak Warsaw Expo Center,Warsaw,Poland,
New York Vet Shows 2026,29.10.2026,30.10.2026,Jacob Javits Convention Center,New York,United States of America,
WestEdge Design Fair 2026,29.10.2026,31.10.2026,The Barker Hangar,Los Angeles,United States of America,fibre2fashion.com
RSNA - Radiology Conference & Annual Meeting 2026,29.11.2026,03.12.2026,McCormick Place Expo Center,Chicago,United States of America,
Dallas Franchise Show 2027,30.01.2027,31.01.2027,Kay Bailey Hutchison Convention Center,Dallas,United States of America,myintelbrief.com
C2E2 - Chicago Comic & Entertainment Expo 2027,30.04.2027,02.05.2027,McCormick Place Expo Center,Chicago,United States of America,
A-Tech İstanbul Exhibition 2026,30.09.2026,03.10.2026,İFM - Istanbul Expo Center,Istanbul,Turkiye,
Camping & Caravan Jaarbeurs Expo 2026,30.09.2026,04.10.2026,Jaarbeurs Exhibition & Convention Centre,Utrecht,Holland,
IJS Istanbul Jewelry Show 2026,30.09.2026,03.10.2026,İFM - Istanbul Expo Center,Istanbul,Turkiye,istanbuljewelryshow.com
Watch & Jewellery Middle East Show 2026,30.09.2026,04.10.2026,Expo Centre Sharjah,Sharjah,United Arab Emirates,expostandzone.com
White Label World Expo 2026,30.09.2026,01.10.2026,Jacob Javits Convention Center,New York,United States of America,tradefairdates.com
Dubai Active Show 2026,30.10.2026,01.11.2026,Dubai Exhibition Centre,Dubai,United Arab Emirates,exhibitionsforyou.com
Ghana Build Expo 2026,30.10.2026,31.10.2026,Accra International Conference Centre,Accra,Ghana,
Izmir Beauty Expo 2026,30.10.2026,01.11.2026,Tepekule Kongre ve Sergi Merkezi,Izmir,Turkiye,expointurkey.org
Saudi Airport Exhibition 2026,30.11.2026,01.12.2026,RICEC - Riyadh International Convention & Exhibition Center,Riyadh,Saudi Arabia,neventum.com
WBWE - World Bulk Wine Exhibition 2026,30.11.2026,01.12.2026,Amsterdam RAI Expo Center,Amsterdam,Holland,vinaty.com
Wire India Exhibition 2026,30.11.2026,02.12.2026,BEC - Bombay Exhibition Center,Mumbai,India,dk.aiemetal.com
Paysalia Landscape Expo 2027,30.11.2027,02.12.2027,Eurexpo Lyon Expo Center,Lyon,France,
ISM Cologne Expo 2027,31.01.2027,03.02.2027,Koelnmesse Exhibition Grounds,Cologne,Germany,
Saudi Projects Show 2027,31.05.2027,02.06.2027,RICEC - Riyadh International Convention & Exhibition Center,Riyadh,Saudi Arabia,cantonfair.net
