company_name,booth,description,email,mobile_primary,domain,full_address,city,linkedin_url
21Kraft,,"21KRAFT : Your Gateway to Luxury Travel in the Indian Subcontinent Every great journey begins with a story. At 21Kraft, ours is rooted in an ancient Indian belief— “Atithi Devo Bhava” —the guest is God . This philosophy guides everything we do, shaping journeys that are more than itineraries; they are carefully woven tapestries of culture, indulgence, and unforgettable moments. From our base in New Delhi, we open the doors to India and its neighboring lands—Nepal, Bhutan, Sri Lanka, and the Maldives—designing experiences that blend the grandeur of heritage with the elegance of modern luxury. Imagine waking up in a centuries-old palace once reserved for royalty, embarking on a sunrise yoga session overlooking the Himalayas, or dining under the stars as the desert sands shift in Rajasthan. Picture an evening cruise on a private yacht in the Maldives, or a silent walk through ancient temples where spirituality is almost tangible. These are not packages. They are stories—crafted with care, precision, and an intimate understanding of what luxury truly means. Our role is simple: to listen, to curate, and to deliver. Whether it’s a family seeking cultural immersion, a corporate group in need of flawless execution, or a discerning traveler craving exclusivity, we orchestrate every detail. Our multilingual guides bring destinations alive with narratives that transcend guidebooks, while our operations team ensures seamless logistics—luxury transfers, curated stays, and every indulgence in between. Behind the scenes, quality checks and trusted partnerships guarantee a journey that is effortless, secure, and world-class. And because the most precious luxury is time, our concierge team works around the clock—turning last-minute wishes into flawless realities. At the heart of 21Kraft are our 21 Signature Journeys —a collection of experiences designed to celebrate India’s spirit in all its colors: cultural immersions at festivals and royal palaces, spiritual retreats in serene landscapes, thrilling adventures across mountains and deserts, and indulgent escapes aboard luxury trains or private cruises. Each journey is a story waiting to be lived, remembered, and retold. 21Kraft isn’t just a travel company. We are storytellers, curators, and custodians of experiences that linger long after the journey ends. For those who seek more than travel—for those who seek meaning, beauty, and wonder—we are your trusted gateway to the Indian subcontinent.",,+44 7404 136292,https://21kraft.com,,,
Abercrombie & Kent,,"Abercrombie & Kent is an award-winning, luxury travel company with a difference. We’re not like most other travel companies, and we couldn’t be more different from those baffling booking sites. There’s nothing DIY about A&K. Our holidays aren't packaged or off-the-rack. We create tailor-made escapes. Each holiday as individual as the person it is created for. We care – not only about your holiday, but also about the world we’re all travelling through*. We’re dab hands – we're experts who have been helping travellers explore and discover for more than 60 years. Just like you, we’ve got a bad case of wanderlust. We’re here to guide and inspire you, to help you push the boundaries of your comfort zone, and take you off-the-beaten-track. We’ll ensure that your time away is the time of your life. A&K is part of the A&K Travel Group, a global lifestyle and travel company that sets the standard for refined and personalised travel experiences. These include Abercrombie & Kent, Crystal, and Cox & Kings.",,,https://abercrombiekent.co.uk,,,
AmaWaterways,,,res@amawaterways.com,1-800-626-0126,https://amawaterways.com,,,
Audley Travel Group,,"Tailor-made holidays and safaris, crafted by experts Audley Travel is a tour operator with more than 25 years’ experience in creating meaningful travel experiences shaped around you.​ Audley has come a long way from its beginnings as a tiny start-up, offering a new, personal style of travel. Today, we offer trips to destinations worldwide, but we still hold to our founding belief that travel means the most when it’s created for you. ​ A trip with Audley is created completely around you, from the experiences you have to the places you stay. Covering over 90 countries, Audley’s award-winning specialists have a deep connection to their destinations that can only have come from living or travelling there extensively. By understanding the meaning behind why you want to travel, they can create experiences that will change your perspective and stay with you long after you’ve returned home.​",,,https://audleytravel.com,,,
Australis,,,,,,,,
Authentic India Tours,,"Authentic India Tours is a specialist tour operator offering ABTA protected tailor-made and small group tours of India, Nepal, Bhutan, Sri Lanka and the Maldives. Our team, which is largely based in the region, spend time sourcing the best accommodation and experiences available and developing creative itineraries designed to give you an extra special holiday experience with an ‘authentic’ feel that we know you’ll love. Our itineraries typically range from 6 to 24 days staying in hand-picked accommodation featuring boutique and heritage hotels, luxury resorts as well as wonderful safari lodges and desert camps. This area offers a multitude of truly memorable holiday options where you can enjoy a range of amazing experiences. From exploring World Heritage Sites to trekking the Himalayas, discovering vibrant cities or relaxing on a private houseboat in the tranquil backwaters, experiencing the adventure of game safaris in National Parks or relishing time on a sun-drenched beach, the possibilities are endless. If you’re looking to see the region a little differently, our cycling, trekking, cookery, birdwatching and well-being tours also enable you to pursue a passion. Whatever your interests our travel experts are here to help you discover the magic of this region with a truly memorable holiday.",,01792315499,https://authenticindiatours.com,,,
Baltic Holidays,,"Baltic Holidays are experts in tailor-made travel to the Baltic states of Lithuania, Latvia & Estonia, the Nordic countries & Eastern Europe. For over 26 years we have been creating unique itineraries for our guests. Our exceptionally high standards and attention to detail set us aside from the rest; we use handpicked hotels, the very best local partners, and design your tour to suit you. Our guests receive a warm welcome and experience the very best of our destinations; brought to life by meeting local people and hearing their stories. Our local guides are exceptional. Our private tours are designed to suit your pace and interests, staying at characterful Old Town hotels, with private transfers, walking tours, and excursions all exclusively for you. Tailor your tour by adding Michelin restaurant reservations, concert tickets, a bog walk in a national park, or overnight in a rural manor house or spa hotel - we love to make things happen. Two of our managing partners are authors of the new Bradt guide to Lithuania (Sally & Linas). Baltic Holidays have been awarded the Tripadvisor Travellers' Choice Award for the third year running in 2026. We would be delighted to meet you at the fair.",,01618187140,https://balticholidays.com,,,
Cal India Travel Ltd,,"We as a family belong from Agra , where one of the 7 wonders Taj Mahal is , this city has 2 major industries tourism and shoe, we found more interest in tourism, really want to show our lands which have many hidden corners, mysteries, tales, culture and UNESCO heritage sites. After deciding to be part of this business , we luckily got our first match with partner from California, San Fransico - USA and then Cal India Tours and Travels came into existing , starting from American Travellers to India with communicating with them on telax. “CAL” derived from California , so its basically a mix of India and California , journey began in 1991 with its founder Shri Satish Wadhwa Ji , commuting private escorted day trips to India with commitment ,excellence and inspiration to create a professional destination management company in delivering customer satisfaction with an professionally managed team and continuing his dream to its next generation to his Son – Mr Rahul Wadhwa. Their team is well aware and equipped to cater to requirements of various market segments and understands the nuances of tourism in India and Sub continent with adding other destinations .",engage@calindia.travel,+91 9837061405,https://calindia.travel,,,
CapoSperone Resort,,"Welcome to CapoSperone Resort , an exclusive Mediterranean retreat in southern Italy set within a unique natural landscape where Calabria blends with Sicily. Nestled on a rocky spur covered in Mediterranean scrub and overlooking the legendary seas of the Odyssey with breathtaking views on the Purple Coast, the Coast of Gods, the Aeolian Islands, and the Strait of Messina, CapoSperone is an intense sensorial experience in an enchanted area described in the diaries of travellers Edward Lear and Alexandre Dumas and once belonging to Magna Graecia .",,+390966479753,https://caposperone.com,,,
Club Thirty Three - The Luxury Travel Club,,"Club Thirty Three is a private members’ travel club, offering exclusive weekly discounts and access to the UK’s most exceptional destinations and incredible international packages including luxury villas, tours and cruises, all delivered in one carefully curated email each week . Our membership for 2025 is fully subscribed but registration to join for 2026 is now open via www.clubthirtythreeluxurytravel.com",info@clubthirtythreeluxurytravel.com,,https://clubthirtythreeluxurytravel.com,,,
Conde Nast Publications,,"Look to the future of travel with the world’s best globetrotting writers and specialists, who share their secrets and offer new and authentic experiences. Whether you are seeking to rediscover the UK or go further afield, Condé Nast Traveller will take you there.",TravellerDigital@subscription.co.uk,+44(0)1858-438-815,https://cntraveller.com,,,
Earth Trip,,Tailor made Holidays to Sri Lanka Madagascar Latin America Africa Asia,info@earthtrip.co.uk,020 8935 5685,https://earthtrip.co.uk,,,
Emirates Holidays,,"Built around a team of extremely passionate destination experts, Emirates Holidays is the tour operator of the internationally renowned Emirates Airline. Specialising in Dubai, United Arab Emirates, Indian Ocean, South East Asia to Asia, Australasia, East and Southern Africa , we provide curated premium holidays to a wide range of amazing long haul destinations all wrapped up with flights on the award-winning Emirates. Whether you’re looking for a 5-star escape, romantic island retreat or an unforgettable adventure with your family, you can leave all the planning to us, and we will curate the perfect holiday based on your requirements. Visit us online, where you can find our very latest holiday offers, research your holiday by destination and make bookings, or call us on 020 8972 8951 to talk to one of our experienced and knowledgeable consultants about your next holiday. Win a holiday – Visit us at Stand LT-A40 and enter our competition for a chance to win a luxury holiday for two*. Enjoy fantastic offers – Take advantage of our incredible offers and book an unforgettable holiday with us. Choose Emirates Holidays – Enjoy handcrafted luxury holidays, competitive pricing, low deposits, and 24/7 support at every step. *Terms and conditions apply",,,https://emiratesholidays.com,,,
Hebridean Island Cruises,,"Hebridean Island Cruises - Where Small Means Personal Hebridean Island Cruises is perhaps one of the world’s most unusual cruise companies – our recipe for holidays afloat is simple – we create unique experiences for few a people and never something ordinary for a crowd. We have flown in the face of current fashion by only ever operating small ships. Whilst today’s mega-vessels may suit the mass market, there will always be a place for ships that are small and personal. Our fleet comprises of just 3 ships - Hebridean Island Cruises, Lord of the Highlands and Lord of the Glens – each dedicated to providing the finest holidays afloat around the Western Isles of Scotland and The Caledonian Canal – and all providing an extraordinary level of service that is the hallmark of Hebridean Island Cruises. Whatever your choice from our range of cruises, they all include fascinating shore excursions, always organised with precision and often to places accessible only to private yachts. And when back on board our chefs create imaginative menus using the freshest ingredients available.",reservations@hebridean.co.uk,01756 634229,https://hebridean.co.uk,,,
Hebrides Cruises,,"Hebrides Cruises is an award-winning, family-run small ship cruise company offering unforgettable journeys through Scotland’s spectacular Hebridean islands and remote west coast. Based in Oban, our family has spent decades exploring these extraordinary waters, sharing our passion for the wildlife, landscapes, culture and communities of the Hebrides with guests from around the world. Today, Hebrides Cruises remains proudly independent and family owned, with three small ships offering an intimate and highly personal cruising experience. With just a small number of guests onboard, every voyage is different. Our flexible itineraries allow us to follow wildlife sightings, take advantage of favourable weather and tides, and discover hidden anchorages and places larger ships simply cannot reach. From whales and dolphins to sea eagles, puffins and otters, the natural world is at the heart of what we do. Exceptional hospitality, locally inspired cuisine and knowledgeable guides combine with the warmth of a family business to create truly memorable holidays. Whether exploring iconic islands such as Mull, Iona and Skye or venturing to Scotland’s most remote shores, we offer authentic, immersive luxury experiences in one of the world’s most beautiful and unspoilt destinations.",info@hebridescruises.co.uk,+447585151611,https://hebridescruises.co.uk,,,
Heritage Wine Tours,,"Heritage Wine Tours crafts bespoke private wine journeys through luxury French wine regions; Bordeaux, Burgundy, Champagne, the Rhône, and Beaujolais. Led by father-daughter duo Emily and John, our itineraries are supported by Emily's WSET-honed expertise and our connections with local guides, built up over years. As an independent, family-run company, we take the time to shape each itinerary around the person taking it. Every journey is fully bespoke, built around the traveller's pace and palate, and handled start to finish: private transport, curated tastings at hidden gems and iconic estates alike, and hand-picked dining and hotel recommendations. No two itineraries look the same.",emily@heritagewinetours.com,+447741874012,https://heritagewinetours.com,,,
Hogan Holidays,,"Hogan Holidays is a boutique luxury travel specialist creating exceptional tailor-made escapes across Europe and beyond. From iconic grand hotels to hidden gem retreats, we craft personalised journeys with authentic experiences, seamless service, and a meticulous eye for detail. Our passion is simple: to turn every trip into a story worth telling.",,,https://hoganholidays.co.uk,,,
Humboldt Travel,,"Humboldt Travel is a small luxury operator owned by husband-and-wife team Simon and Kirsty Williams. We specialise in luxury, tailor-made holidays to Latin America, Asia and Africa. Using our extensive black book of local contacts, we craft exceptional trips and luxury experiences, working with you to create your dream journey. For everyone who travels with us, we donate to our chosen charity within that country. This enables local community projects to pay for things like children’s schooling in Peru, a health project in South Africa or a women’s co-operative in India. For us this is also about inspiring our guests, so that they return home full of knowledge and enthusiasm for the country they’ve visited, the wildlife they’ve seen and the people they’ve encountered. We firmly believe that when travel is done right it can create such a positive impact. We’re an independent company and because of this each booking is very important to us. You’re not just a number in a sales target. We are ATOL bonded and members of the Travel Trust Association which guarantees full financial protection for your holiday. We want every client to have the best holiday possible which means you receive a very personal service.",,,https://humboldttravel.co.uk,,,
Limitless Nomad,,"At Limitless Nomad , we believe travel should be more than movement it should be transformation. We are not a booking site, and we are not in the business of selling cookie-cutter tours. Instead, we craft journeys that are as unique as the people who take them. Every itinerary is thoughtfully designed, blending Morocco’s beauty, culture, and soul into a seamless experience created just for you. What sets us apart is our devotion to both our travelers and our country. We partner with local communities, guides, and artisans, ensuring every journey is meaningful, sustainable, and respectful. Luxury, for us, is not only found in a five-star riad or a private desert camp — it’s also in the stories shared over tea, the hidden paths revealed, and the connections made along the way. As Morocco travel specialists, we know this land intimately — its rhythms, its hidden gems, its secrets. Our role is to open those doors for you, with expertise, passion, and care. With us, you won’t just see Morocco; you’ll feel it, live it, and remember it long after you return home. Limitless Nomad isn’t just about where you go — it’s about how you experience it. Morocco, like never before.",,,https://limitlessnomad.com,,,
Louis Roederer,,,,,https://champagne-roederer.com,,,
Mundy Cruising,,"No one knows more about the luxury cruise market than Mundy Cruising. We were the first cruise specialist in the UK, and have maintained our position through innovation, customer service, and a commitment to uncompromising excellence, with a focus on luxury small ship cruises. Intuitive suggestions, meticulous planning, and over 50 years of getting it just right make Mundy the perfect choice and we’re delighted to representing Windstar Cruises, the market leader in small ship luxury cruising. Windstar Cruises operates a fleet of six intimate yachts, three with sails and three without, which offer a relaxed and easy-going style that travellers find irresistible.",,+442073997670,https://mundycruising.co.uk,,,
Mysteries Of India,,"Crafting Tailor-Made Journeys Since the 1980s When the idea of tailor-made holidays to India was still new, Mysteries of India became a pioneer. Today, we remain specialists in bespoke journeys across India and the subcontinent , trusted by discerning travellers who seek more than just a holiday. Why Travel With Us? Over 40 years of expertise in tailor-made travel Personalised itineraries designed around your interests Small groups & individual travellers —crafted with care Unmatched destination knowledge and attention to detail Our Experiences Wildlife Safaris & exclusive Photography Tours Culture & Architecture journeys Scenic River Cruises Luxury Train Experiences Special-interest trips shaped to your passions & budget …and more, always tailored for you The Advantage of Two Homes With offices in both the UK and India , we work directly with trusted local partners—ensuring the best value and highest quality . Travel With Confidence As a UK-based operator, we are fully licensed with ATOL & IATA , offering complete financial protection —something India-based operators cannot match. Mysteries of India – More than a journey, a memory for life.",holidays@mysteriesofindia.com,+44(0)208 584 1414,https://mysteriesofindia.com,,,
Namibia Individual Travel,,"Namibia Individual Travel Namibia Individual Travel, established in 1999, is a premier tour company specializing in tailored safari experiences across Namibia and neighbouring countries. We focus on creating unique, customized itineraries that allow travelers to explore the country's diverse landscapes, rich wildlife, and cultural heritage. Whether it's a luxury safari, an active adenture, or a mountain biking expedition, Namibia Individual Travel ensures that each journey is carefully crafted to meet the specific interests and needs of our guests. With extensive expertise in the region, we are dedicated to providing authentic and memorable experiences, showcasing the best that Namibia and Botswana has to offer.",andrew@nit.com.na,+264 81 128 4900,https://nit.com.na,,,
National Geographic Lindblad Expeditions,,,,1.212.765.7740,https://expeditions.co.uk,,,
NG Phaselis Bay LifeStyle Resort,,NG Phaselis Bay Lifestyle Resort offers a unique holiday to its guests with its friendly and energetic team and its architecture reflecting the magnificent nature of Kemer. Its location in untouched greenery bordering dream-like coves and its impressive concept and unlimited personalized services are indispensable for modern travellers.,,+90 444 36 64,https://ngphaselisbay.com,,,
Oceania Cruises,,"Oceania Cruises® is the world’s leading destination- and culinary-focused luxury cruise line, celebrated for its port-rich voyages and authentic cultural and culinary experiences. The line’s intimate, luxurious ships feature an adults-only environment, with a high proportion of spacious rooms and suites, calling on more than 600 marquee and boutique ports in more than 100 countries across seven continents, with destination-intensive itineraries ranging from seven to 180 days. Aboard the designer-inspired ships, guests enjoy personalised service supported by a strong crew-to-guest ratio, alongside The Finest Cuisine at Sea®, prepared by one of the highest chef-to-guest ratios at sea. Oceania Cruises® is also recognized as one of the world’s most awarded cruise lines, with accolades spanning luxury, dining, service and destination experiences. Oceania Cruises® has five Sonata Class ships on order scheduled for delivery in 2027, 2029, 2032, 2035 and 2037. IMMERSIVE ITINERARIES More than 250 uniquely curated journeys sailing to over 600 alluring destinations across the globe. Spectacular port-rich voyages featuring overnight visits and extended evening port stays. A diverse collection of small-group speciality tours focused on food and wine, culture, history, nature and more. GENUINE HOSPITALITY Warm, intuitive service that reflects genuine pride in caring for every guest, thoughtfully and personally. Familiar faces and meaningful connections. Two crew members for every three guests – ensuring attentive, unhurried care. THE FINEST CUISINE AT SEA® Artfully crafted dining. A distinctive array of exquisite culinary experiences, inspired by cuisine from around the world, with the most included speciality dining of any cruise line. The only culinary programme helmed by two chefs inducted into the prestigious Maîtres Cuisiniers de France and inspired by Jacques Pépin, the patriarch of our culinary family. INTIMATE, LUXURIOUS SHIPS Smaller luxurious ships featuring no more than 695 suites and staterooms. Adults-only environment to ensure an intimate, refined and peaceful onboard atmosphere. Aquamar® Spa + Vitality Center featuring holistic offerings to support all dimensions of wellness. More information: View Oceania Cruises videos: https://www.youtube.com/@OceaniaCruises/videos Read all the latest Press Releases: https://www.oceaniacruises.com/news View our brochures: Exotics 26-28 Europe 26-28 Americas 26-29 Caribbean Voyages NEW – Voyage Guide",,,https://oceaniacruises.com,,,
Oravie,,,,,https://oravie.club,,,
Ponant,,"PONANT EXPLORATIONS invites discerning travellers to discover the world through a distinctive combination of exploration, French savoir-faire and exceptional small-ship experiences. For more than 38 years, PONANT has taken guests to some of the world’s most remarkable destinations, from the polar regions and remote islands to iconic coastlines and culturally rich shores. Aboard intimate, elegantly designed ships, travellers can reach places beyond the access of larger vessels, while enjoying personalised service, refined comfort and the distinctive warmth of French hospitality. Every voyage is thoughtfully curated to bring guests closer to each destination. Expert-led excursions and enriching experiences reveal extraordinary landscapes, remarkable wildlife and local cultures, while generous time on board allows guests to relax and appreciate the journey at their own pace. PONANT’s commitment to exploration is matched by a responsible approach to travel, with a focus on understanding, respecting and helping to preserve the destinations it visits. The result is a different kind of luxury journey — one where discovery, intimacy and exceptional service come together naturally. For travellers seeking authentic experiences, rare destinations and the freedom to explore beyond the expected, PONANT EXPLORATIONS offers a privileged perspective on the world.",jean@gmail.com,+442076604089,https://uk.ponant.com,,,
Ponders Travel,,"Ponders Travel are your one-stop-shop truly independant travel agency. We have been running for 14 years, but our small team has a combined wealth of over 60 years' experience in the industry. Whether it's ocean cruise, river cruise, group tours, rail holidays, or truly tailor-made experiences, we have the knowledge and contacts to curate you something very special. We're exhibiting alongside Azamara Ocean Cruises and Riverside Luxury River Cruises, two of our favourite choices, but for any travel requirements big or small, come speak to one of our experts!",ponders@fredolsentravel.co.uk,01954232802,https://ponderstravel.co.uk,,,
PREMIER Concierge Brazil,,"PREMIER CONCIERGE BRAZIL Premier Concierge Brazil is a luxury travel and lifestyle management company dedicated to crafting tailor-made journeys across Brazil for international travelers seeking exceptional experiences. With deep local expertise and a refined global perspective, we curate every detail with precision — from iconic destinations to discreet, off-the-map escapes. Our approach is personal, intuitive, and uncompromising, ensuring each journey reflects the individual style, rhythm, and expectations of our clients. Our services encompass bespoke itineraries, private concierge assistance, luxury accommodations and private villas, executive and air transportation, VIP airport services, yachts and helicopters, private chefs, security and close protection, as well as wellness and family support — including babysitter and personal trainer services. We also provide privileged access to Brazil’s most iconic destinations, exclusive events, and once-in-a-lifetime experiences. In 2026, Premier Concierge Brazil was awarded Best Luxury Travel Concierge in Brazil by Luxury Lifestyle Awards, a recognition that reinforces our position as a trusted reference in high-end, tailor-made travel experiences across the country. From seamless logistics to unforgettable moments, Premier Concierge Brazil delivers a sophisticated, effortless way to experience the country — where comfort, privacy, and authenticity are never compromised.",info@premierconciergebrazil.com,01311-927,https://premierconciergebrazil.com,,,
Regent Seven Seas Cruises,,"Regent Seven Seas Cruises® is the leading luxury cruise line, delivering An Unrivalled Experience™ for over 30 years. Carrying no more than 746 guests, the line’s spacious and stylish ships - Seven Seas Explorer ®, Seven Seas Mariner ®, Seven Seas Navigator ®, Seven Seas Splendor ®, Seven Seas Voyager ® and from 2023 Seven Seas Grandeur™ - form The World’s Most Luxurious Fleet™ and explore more than 550 immersive destinations globally. Offering Unrivalled Space at Sea™, guests enjoy sumptuous all-suite accommodations, nearly all with private balconies, which are among the largest at sea, as well as highly personalised service throughout lavish public areas and expansive outdoor spaces. Unique to Regent Seven Seas Cruises, unlimited complimentary shore excursions are available in every port. All-Inclusive Cruise Fares also include gourmet cuisine in a range of specialty restaurants and al-fresco dining venues, fine wines and spirits, entertainment, unlimited internet access, free valet laundry, gratuities, and one-night, pre-cruise hotel packages for guests staying in Concierge-level suites and higher. In addition, Ultimate All-Inclusive Fares include roundtrip flights with the flexibility to choose desired air class, transfers between airport and ship, and exclusive Blacklane private executive chauffer service for guests to personalize their journeys.",,,https://rssc.com,,,
Small Cruise Ship Collection,,"Luxury small ship cruises to most corners of the world that has water! The Small Cruise Ship Collection has the widest choice of small ship cruises to destinations as diverse as Croatia, Antarctica, Indonesia, Greece, The Arctic, Indonesia, Cambodia, Brazil, The Galapagos and the UK amongst many more. You don't need to forego life's creature comforts to visit some of the wildest corners of the world.",info@small-cruise-ships.com,01432507450,https://small-cruise-ships.com,,,
Star Clippers,,"For over 33 years, Star Clippers has been leading the way in providing authentic sailing experiences upon some of the most unique and timeless vessels on the seas. Star Clippers operates three of the world’s largest and tallest sailing vessels. Visiting intimate ports often untouched by larger cruise ships and offering passengers the activities, amenities and atmosphere of a private yacht, Star Clippers is recognised as one of the premier speciality cruise lines. Passengers can enjoy the romance of sailing on board a true tall ship in a relaxed atmosphere with high standards of service provided by an attentive crew. All three ships have expansive teak decks, swimming pools, informal dining, a convivial Tropical Bar and a comfortable piano bar.",,01473 242666,https://starclippers.co.uk,,,
Swan Hellenic,,"Discover the world differently with Swan Hellenic. Go beyond the ordinary and experience the world’s most extraordinary destinations through the lens of culture, discovery and adventure. From Antarctica and the Arctic to Africa and Asia Pacific, Swan Hellenic takes you deeper into places few travellers ever reach. Our small, elegant expedition ships combine five-star comfort with the spirit of exploration. Enjoy beautifully designed Scandi-inspired interiors, exceptional cuisine, spacious outdoor areas and dedicated expedition facilities, while our expert expedition teams and guest speakers bring every destination to life. With a proud British heritage and a truly international outlook, Swan Hellenic offers a sophisticated way to explore – where wildlife encounters, ancient cultures, remarkable landscapes and fascinating science become part of an unforgettable journey. Swan Hellenic – cultural expedition cruising for curious travellers who want to see more, experience more and go beyond.",,+442035404168,https://swanhellenic.com,,,
Tailored Journeys,,"Welcome to Tailored Journeys: a bespoke travel company like no other. Time is our most precious commodity – and time spent on holiday is most precious of all. We understand that you expect your time away to be wonderful and your memories to be unique. That is why we are dedicated to creating itineraries that will stay with you forever. We’re committed to smoothing out every last wrinkle, so all you have to do is sit back and enjoy. You have the dream. We have the knowledge, the ideas, the contacts, and the dedication. You have high expectations. Our goal is always to exceed them. After almost 30 years tailor-making holidays, we have forged a wealth of close contacts and amassed a treasure trove of specialist knowledge. One thing was clear: the beaten track was over. Today, travel is about hand-picking memorable experiences and stitching them together to make a whole as precious as an heirloom quilt. This is what we do. We think through every step of your journey and offer tips and assistance. Visit our stand at the Conde Nast Luxury Travel Show to meet our travel designers, explore our tailor-made itineraries, and start planning your next extraordinary adventure.",holidays@tailoredjourneys.co.uk,01442617777,https://tailoredjourneys.co.uk,,,
Tailormade Journeys,,"Tailormade Journeys is a specialist travel company creating bespoke, privately designed holidays and luxury journeys across India, Sri Lanka, Nepal, Bhutan, Vietnam and beyond . With more than three decades of destination expertise, we believe exceptional travel begins with understanding the individual traveller rather than offering a standard itinerary. From private cultural journeys, wildlife and wellness experiences to luxury rail journeys and intimate river cruises , every holiday is carefully designed around our clients’ interests, preferred pace and style of travel. We specialise in luxury rail travel, including the Maharajas’ Express, Palace on Wheels, Deccan Odyssey, Golden Chariot and SJourney in Vietnam , alongside carefully selected river cruises on the Ganges and Brahmaputra and through the waterways of Kerala . Our operational office in New Delhi and strong strategic travel associations across our destinations provide valuable local knowledge and on-the-ground support throughout each journey. As a UK-based company offering ATOL-protected flight-inclusive holidays , Tailormade Journeys combines personal service, specialist knowledge and local expertise. We don’t simply arrange where you travel. We design how you experience it.",booking@maharajaexpress.com,+44 01753 201201 1-855-952-6526,https://tailormade-journeys.com,,,
The Bank Hotel Istanbul,,,tbh@thebankhotelistanbul.com,+90 212 283 00 55,https://thebankhotelistanbul.com,"Azapkapı, Bankalar Cd. No:5 Karaköy, 34421 Beyoğlu/İstanbul +90 212 283 00 55 +90 212 283 02 30 tbh@thebankhotelistanbul.com @thebankhotelistanbul",,
Tracks Safaris,,"WE ARE LOOKING FORWARD TO MEETING YOU AT THE LUXURY TRAVEL SHOW AND TALKING ABOUT YOUR AFRICA! CAN'T WAIT UNTIL NOVEMBER? THEN CALL US ON 01984 667420 OR EMAIL SUE@TRACKSSAFARIS.CO.UK - BEAT THE JANUARY RUSH AND BOOK NOW! Tracks Safaris are ATOL bonded and members of the Travel Trust Association for your complete financial protection and peace of mind! Tracks Safaris are African wildlife and safari specialists creating extraordinary wildlife experiences which benefit local communities, conservation and wildlife. We also offer wildlife experiences to the Indian Subcontinent, Sri Lanka, the Indian Ocean, and the Pantanal in Brazil. Wildlife is our passion and we have explored the countries we operate in extensively. We have stayed at the camps and lodges, slept in the beds, eaten the food, been on safari with the local guides and experienced the wildlife and habitats. There are not many other ways we could have experienced Africa - we have flown in light aircraft, hot air balloons and microlights, kayaked, canoed and floated by mokoro in Africa's rivers, deltas and waterways, driven across the plains, deserts and deltas in Africa's National Parks and reserves, explored her rainforests, swam, dived and sailed in the surrounding oceans. We have walked, trekked, hiked and climbed, ridden on horseback, camel and donkey. We have explored the areas you want to see! Tracks safaris are passionate about wildlife holidays and our website is your introduction to the destinations we offer and the services we provide – browse through the pages and then contact us to create your perfect travel experience. Whether you are looking for a lodge safari, a tented safari, a self drive safari, a mobile safari, a walking safari, a flying safari, or a safari for the whole family, let us give you some ideas and inspiration. If you love photography and would like to improve your wildlife and landscape photographic skills - Africa is the perfect destination to do this. We have photographic safaris all over Africa - just give us a ring. We can arrange wedding safaris, honeymoon safaris, small group safaris, tailor-made safaris, specialist safaris for those interested in birds or specific mammals such as lion or wild dog – in fact we can arrange just about any safari just for you. Combine your safari with a few days on the beach – treat yourself to a pampering break or some diving and snorkelling in crystal waters on the Kenya Coast, Zanzibar, South Africa or Mozambique – the perfect antidote to follow your African adventure! If you are interested in conservation, have a look at our Conservation experiences. Combine a traditional safari whilst experiencing the thrill of participating in leopard conservation in South Africa, lion and rhino conservation in Kenya. Alternatively, work on a voluntary basis with cheetahs in Namibia. Whatever you are looking for we aim to bring you an authentic, unforgettable safari experience. Going on safari on your own? We can track down the best safaris for you with no single supplement! Or take a look at our 'Ladies Only Safaris' offering the chance to safari in Kenya, Tanzania and India with a small group of ladies also interested in wildlife and birds. Tracks Safaris have all the latest special offers from the leading safari operators - tell us where you want to go and what you want to see and we will do the rest! Tracks Safaris are committed to the concept of responsible travel and believe passionately that travel should benefit the host communities and be beneficial to local economies and environment. WHY BOOK WITH TRACKS SAFARIS ATOL Protected Everyone wants to know that their holiday is completely safe once they have booked it. Tracks Safaris are fully bonded by ATOL operate a Trust Account with the Travel Trust Association which offers our clients 100% financial protection and peace of mind. African Specialists Tracks Safaris are African specialists and are continuously travelling to the areas that you want to visit inspecting accommodation and experiencing the product first hand. We travel around 4 or 5 times a year for around 2/3 weeks each time – so that is around 12 weeks every year for 15 years! We really know Africa! Owner Managed Tracks Safaris is owner managed and we are totally independent. We will always recommend the best option for your safari and we most likely will have stayed at the camps and lodges and experienced the wildlife before we recommend it to you. You will talk to the same professional, friendly African Travel Expert every time. We offer our clients a level of service seldom found elsewhere: indeed it is our priority to ensure the perfect safari for each and every guest. Community Support Tracks Safaris are passionate about ‘putting back’ to both local communities and wildlife organisations in the countries we operate in. We donate at least $10 for every booking to one of our charities and also monitor our suppliers to ensure they are supporting local communities and conservation too. Additionally we support a number of disadvantaged girls through their education in Uganda! Family Safaris Tracks Safaris have extensive knowledge and experience of travelling with children of all ages and we use that experience to tailor make your family an itinerary which is well paced and child or teen friendly. Multi generational safaris are our speciality and we would be delighted to assist you with your family safari planning. No Single Supplements We will always try and find you a 'no single supplement' safari where there is one available and will also ask our suppliers on your behalf. The best times to look for 'no single supplement' safaris is in the 'green' or 'mid' season - although some operators offer no supplements all the year round. We know the very best places for our single guests - we have stayed there as single guests ourselves and know which camps and lodges look after our single guests the best! Wildlife Specialists Tracks Safaris are wildlife specialists, keen photographers and qualified divers. We are passionate about wildlife both above and below the water and have specialist knowledge of where to find specific species, best times to visit and where the best dive sites are. If you have a favourite species you would like to see - let us know and we will use our experience and expertise to point you in the right direction! Local Guides We use local, professional guides in each country we operate in and offer a 24 hour in-country back up service and a UK 24 hour emergency telephone number - so you can get on with enjoying your holiday. Special Offers We know where the 'special offers' are throughout Africa and will incorporate free nights, free child places, no single supplements, honeymoon offers, green season specials, free internal flights, free experiences and any discounts that are available when considering your itinerary. India and Sri Lanka We are also very well travelled in India and Sri Lanka - let us design your interest specific itinerary incorporating wildlife, birding, culture and history - please ask! Maldives, Seychelles, Mauritius and Indian Ocean Talk to us about your holiday to the Indian Ocean - or add an Indian Ocean beach to your safari! New for 2025 - Pantanal Brazil! Well travelled in the Pantanal - we know the best areas to see experience the wonderful wildlife of the region - both on the water and on land. We are looking forward to meeting you! Sue Preater Managing Director Tracks Safaris Telephone: 01984 667420 Website: www.trackssafaris.co.uk Email: sue@trackssafaris.co.uk",sue@trackssafaris.co.uk,+441984667420,https://trackssafaris.co.uk,,,
Trailfinders,,"Experts in tailormaking itineraries worldwide, Trailfinders offers unbeatable value and exceptional service. 47 travel centres are staffed by the most experienced travel consultants in the industry who are on hand 7 days a week, located throughout the UK and Ireland. With a worldwide reputation, we have the widest range of flights, tours, hotels, cruises & car hire across the globe.",,1080000320185968901-624834384913500177,https://trailfinders.com,,,
TransIndus,,"Asia in Luxury: Bigger, Brighter & Bolder than ever! Experience it as never before with award-winning TransIndus, UK's Leading Asia Tour Operator, and create unforgettable memories in 2027 and beyond. Discover thrilling new adventures alongside iconic must-see sites and culturally rich, heartwarming, engaging, colourful, chaotic, spiritual and life-affirming experiences. Embark on unexpected and heartwarming journeys, dive into local cultures, explore lively markets, savour exotic cuisines, soak in breathtaking landscapes, and experience warm hospitality. Let Asia be the backdrop to your next soul-enriching adventure.,",,+44 208 566 3739,https://transindus.co.uk,,,
Travel The Unknown,,"Travel The Unknown is an independent tour operator, specialising in small group and tailor-made tours to some of the least explored places on earth. Destinations include Central Asia, the Indian Subcontinent, the Caucasus, Turkey, Egypt, Madagascar, Colombia and more. Themes range from the Silk Road, culture, and archaeology to wildlife, activity and gastronomy.",enquiries@traveltheunknown.com,+44 (0)20 7183 6371,https://traveltheunknown.com,,,
Visit Hvar,,,,,,,,
Wendy Wu Tours,,"An award-winning tour operator with over 25 years’ experience, Wendy Wu Tours is proud to be the UK’s Number 1 Specialist to China and Japan. Over the years, we’ve built a reputation for expertise, passion and exceptional value, creating journeys that go far beyond the ordinary. Travelling with us on one of our escorted group holidays to destinations across the Far East, Southeast Asia, Central Asia, the Indian Subcontinent, South America, Europe, the Middle East and Africa, you’ll enjoy an inspiring blend of iconic sights, hidden gems and unforgettable experiences. Our itineraries are carefully designed to immerse you in local life, vibrant cultures and rich history, offering a truly well-rounded understanding of each destination. We like to think that we’ve perfected the escorted tour formula, combining our in-house knowledge and love of our destinations, with exceptional guiding, full inclusions (flights, accommodation, meals, guiding, visas) and authentic experiences that really help our travellers get to know the land they are exploring. Our approach has earned widespread recognition, including the title of ‘Best Long Haul Specialist Tour Operator’ at the prestigious Globe Travel Awards for 16 consecutive years. Just as important to us are our five-star TripAdvisor rating and Feefo Platinum Accreditation.",media@wendywutours.co.uk.,08082748594,https://wendywutours.co.uk,"Wendy Wu Tours Ltd Newhams Yard, 151-153 Tower Bridge Road, London, SE1 3JE",,
Wildfoot Travel,,"Creating once-in-a-lifetime moments for our customers is at the heart of everything we do. Turning ideas and dreams into perfect realities. Enabling you to grasp those experiences that may once have been out of reach. Born from an unwavering passion for wildlife, conservation and nature, our team have traversed the globe for over 36 years to gain the understanding and expertise to allow us to curate unforgettable wilderness adventures and wildlife experiences for our customers. From the icy realms of the Arctic and Antarctica to the savannahs of Africa and the captivating islands of the Galapagos, we have roamed far and wide to uncover some of the planet’s most enthralling destinations. Our aspiration is to inspire wanderlust, delivering extraordinary, low-impact adventures designed to unite you with the natural world and creating lasting positive impacts on adventurers and the places we explore. From fully bespoke, tailor-made itineraries, to adventure cruises aboard the world’s best expeditions ships, and small-group tours to the edge of the earth, the team at Wildfoot Travel are here to help you discover a world of wonder.",,08001953385,https://wildfoottravel.com,,,
Xperience Pakistan,,"Xperience Pakistan is a boutique travel agency which specialises in creating authentic life changing holidays in Pakistan. Set up in 2018 it has since the award Adventure Tour Agency of the Year by the Prestige Awards for 2022 & 2023, recognised for its authenticity. My name is Saadia Baber & I am the CEO & Founder of Xperience Pakistan The focus of my company is to create meaningful holidays for clients to immerse them into the local culture & to ensure it is the locals in Pakistan who benefit from the tourism I bring in. Pakistan is a destination which is often overlooked because many are unaware if what is on offer. As a Pakistani who has lived in the UK & Pakistan I am aware of the oppulence, rich heritage & culture which exists and I feel because no-one is promoting it in the correct manner, I set my company up in 2018. My holidays aim to show you the diversity on offer in the country from its landscapes, culture, food & architecture in a socially responsible manner, developed only using local guides, drivers and wherever possible working with local boutique hotels and cafes.",filler@godaddy.com,+447939040596,https://xperiencepakistan.co.uk,,,
