exhibitor_name,domain,contact_number,mail,location,country,booth_no,desc,linkedin_url,profile_url
Agrotec Südost,amsuisse.ch,,,"Agrotec Südost, Bildungscenter Landtechnik Kantonsstrasse 17 7302 Landquart",Switzerland,,Training and career areas: Baumaschinenmechaniker/in EFZ; Landmaschinenmechaniker/in EFZ; Motorgerätemechaniker/in EFZ,,https://fiutscher.ch/aussteller/agrotec-sudost
"Amt für Berufsbildung, Berufs-, Studien- und Laufbahnberatung",gr.ch,,,Grabenstrasse 1 7001 Chur,Switzerland,,,,https://fiutscher.ch/aussteller/amt-fuer-berufsbildung
Amt für Höhere Bildung,campus-graubuenden.ch,,mailtol:info@ahb.ch,Grabenstrasse 1 7001 Chur,Switzerland,,,,https://fiutscher.ch/aussteller/amt-fuer-mittelschulen-und-tertiaerbildung
Amt für Wald und Naturgefahren GR,,,,Amt für Wald und Naturgefahren GR Ringstrasse 10 7000 Chur,Switzerland,,Training and career areas: Forstpraktiker/in EBA; Forstwart/in EFZ; Dipl. Förster/-in HF; Forstmaschinenführer/-in mit eidg. FA; Forstwart-Gruppenleiter/in; Forstwart-Vorarbeiter/-in mit eidg. FA; Seilkran-Einsatzleiter/-in mit eidg. FA,,https://fiutscher.ch/aussteller/amt-fur-wald-und-naturgefahren-gr
ASTAG Sektion Graubünden,astag-gr.ch,,kohler@gewerbe-gr.ch,ASTAG Sektion Graubünden Hinterm Bach 40 7000 Chur,Switzerland,,Training and career areas: Entwässerungspraktiker/in EBA; Entwässerungstechnologe/-login EFZ; Kaufmann/-frau EFZ; Strassentransportfachmann/-frau EFZ; Strassentransportpraktiker/in EBA; Betriebsleiter/-in Transport und Logistik mit eidg. Diplom; Disponent/-in Transport & Logistik,,https://fiutscher.ch/aussteller/astag-sektion-graubunden
Ausbildungen für Jugendliche mit Unterstützungsbedarf,casa-depuoz.ch,,info@casa-depuoz.ch,Casa Depuoz Via Crap Gries 1 7166 Trun,Switzerland,,,,https://fiutscher.ch/aussteller/ausbildungen-fur-jugendliche-mit-unterstutzungsbedarf
Auto Gewerbe Verband Schweiz Sektion Graubünden,agvs-gr.ch,+410812570321,,Auto Gewerbe Verband Schweiz Sektion Graubünden Hinterm Bach 40 7000 Chur,Switzerland,,"Training and career areas: Automobil-Assistent/in EBA; Automobil-Fachmann/-frau EFZ; Automobil-Mechatroniker/in EFZ; Detailhandelsassistent/in EBA; Detailhandelsfachmann/-frau EFZ; Kaufmann/-frau EFZ; Automobil Serviceberater/in mit eidg. Fachausweis (BP); Automobil-Verkaufsberater/in mit eidg. Fachausweis (BP); Automobil-Werkstattkoordinator/in mit eidg. Fachausweis (BP); Automobildiagnostiker/-in mit eidg. FA; Betriebswirt/in im Automobilgewerbe, dipl. (HFP); Fahrzeugrestaurator/in mit eidg. Fachausweis (BP); Strassenhelfer/in mit eidg. Fachausweis (BP)",https://www.linkedin.com/company/auto-gewerbe-verband-schweiz/,https://fiutscher.ch/aussteller/autogewerbeverband-sekt-gr-agvs
Bauplaner Graubünden,bauplaner-gr.ch,,,,Switzerland,,"Training and career areas: Zeichner/in EFZ; Bauingenieurwesen FH / ETH, Bachelor of Science BSc",,https://fiutscher.ch/aussteller/berufsbildnerverein-bauplaner-graubunden
Bergbahnen Graubünden,seilbahnen.org,+41 31 350 43 43,info@seilbahnen.org,Bergbahnen Graubünden Postfach 17 7083 Lantsch/Lenz,Switzerland,,Training and career areas: Seilbahn-Mechatroniker/in EFZ; Seilbahner/in EBA; Fachmann/-frau Pisten-/Rettungsdienst mit eidg. Fachausweis (BP); Seilbahnfachmann/-frau mit eidg. Fachausweis (BP); Seilbahnmanager/in (HFP),https://www.linkedin.com/company/seilbahnen-schweiz/,https://fiutscher.ch/aussteller/bergbahnen-graubunden
BERUFE HOTEL GASTRO,hotelgastro.ch,,,GastroSuisse Blumenfeldstrasse 20 8046 Zürich,Switzerland,,Training and career areas: Fachmann/-frau Hotellerie-Hauswirtschaft EFZ; Hotel-Kommunikationsfachmann/-frau EFZ; Kaufmann/-frau EFZ; Koch/Köchin EFZ; Küchenangestellte/r EBA; Praktiker/in Hotellerie-Hauswirtschaft EBA; Restaurantangestellte/r EBA; Restaurantfachmann/-frau EFZ; Systemgastronomiefachmann/-frau EFZ; Systemgastronomiepraktiker/in EBA,https://www.linkedin.com/company/hotelgastroformationschweiz/,https://fiutscher.ch/aussteller/berufehotelgastro
Berufsschulen Graubünden,gr.ch,,,"c/o Gewerbliche Berufsschule Chur, GBC Scalettastrasse 33 7000 Chur",Switzerland,,,,https://fiutscher.ch/aussteller/berufsfachschulen-graubunden
Bildungszentrum Gesundheit und Soziales,bgs-chur.ch,,,Bildungszentrum Gesundheit und Soziales Gürtelstrasse 42/44 7000 Chur,Switzerland,,"Training and career areas: Assistent/in Gesundheit und Soziales EBA; Fachmann/-frau Betreuung EFZ; Fachmann/-frau Gesundheit EFZ; Basiskurs Haushelferin, Haushelfer in der Spitex; Ergänzende Bildung Medizinaltechnik; Fachmann/-frau Langzeitpflege und -betreuung mit eidg. Fachausweis (BP); Fachwissen Gerontologie; Nachdiplomkurs Forensic Nursing; Pflegefachmann/-frau HF, dipl.; Vorbereitung zur eidg. Berufsprüfung Berufsbildungsfachfrau, Berufsbildungsfachmann; Vorbereitung zur eidg. Berufsprüfung Fachfrau, Fachmann Langzeitpflege und -Betreuung; Vorbereitung zur eidg. Berufsprüfung Teamleiterin, Teamleiter Module 1-5; Vorbereitung zur eidg. Höheren Fachprüfung Leiterin, Leiter Module 6-10",https://www.linkedin.com/company/bgs-chur/,https://fiutscher.ch/aussteller/bildungszentrum-gesundheit-und-soziales-bgs
Brückenangebote Graubünden,gr.ch,,,Klosterweg 18 7130 Ilanz,Switzerland,,,,https://fiutscher.ch/aussteller/bruckenangebote-graubunden
Bündner Apothekerverband,apothekengraubuenden.ch,081 256 20 89,,Giacomettistrasse 48 7000 Chur,Switzerland,,Training and career areas: Fachmann/-frau Apotheke EFZ,,https://fiutscher.ch/aussteller/bundner-apothekerverband
Bündner Gerüstunternehmer Verband (BGUV),,,,Bündner Gerüstunternehmer Verband (BGUV),Switzerland,,Training and career areas: Gerüstbauer/in EFZ; Gerüstbaupraktiker/in EBA,,https://fiutscher.ch/aussteller/buendner-geruestunternehmer-verband-bguv
Bündner Gewerbeverband,gewerbe-gr.ch,,info@gewerbe-gr.ch,Bündner Gewerbeverband Hinterm Bach 40 7000 7000 Chur,Switzerland,,,,https://fiutscher.ch/aussteller/buendner-gewerbeverband
Bündner Ärzteverein,buendneraerzteverein.ch,+41812570358,baev@hin.ch,Bündner Ärzteverein Hinterm Bach 40 7001 Chur,Switzerland,,Training and career areas: Medizinische/r Praxisassistent/in EFZ; Medizinische/r Praxiskoordinator/in mit eidg. Fachausweis (BP),,https://fiutscher.ch/aussteller/bundner-arzteverein
CADONAU - Das Seniorenzentrum,cadonau-chur.ch,0813545454,info@cadonau-chur.ch,Cadonaustrasse 73 7000 Chur,Switzerland,,"Training and career areas: Assistent/in Gesundheit und Soziales EBA; Fachmann/-frau Betriebsunterhalt EFZ; Fachmann/-frau Gesundheit EFZ; Fachmann/-frau Hotellerie-Hauswirtschaft EFZ; Kaufmann/-frau EFZ; Koch/Köchin EFZ; Pflegefachmann/-frau HF, dipl.",https://www.linkedin.com/company/cadonau-%E2%80%93-das-seniorenzentrum/,https://fiutscher.ch/aussteller/cadonau-das-seniorenzentrum
carrosserie suisse Graubünden,carrosseriesuisse.ch,0627459080,info@carrosseriesuisse.ch,carrosserie suisse Graubünden Italienische Strasse 13 7430 Thusis,Switzerland,,Training and career areas: Carrosserielackierer/in EFZ; Carrosseriereparateur/in EFZ; Carrosseriespengler/in EFZ; Fahrzeugschlosser/in EFZ; Lackierassistent/in EBA,https://www.linkedin.com/company/carrosseriesuisse,https://fiutscher.ch/aussteller/carrosserie-suisse-graubunden
"Ceruniq, Sektion Graubünden",ceruniq.ch,+41627484280,info@ceruniq.ch,Pulvermühlestrasse 85 7000 Chur,Switzerland,,"Training and career areas: Plattenleger/in EFZ; Plattenlegerpraktiker/in EBA; Plattenlegerchef/in mit eidg. Fachausweis (BP); Plattenlegermeister/in, dipl. (HFP)",https://www.linkedin.com/company/keramik-einzigartig/,https://fiutscher.ch/aussteller/schweizerischer-plattenlegerverband-sektion-gr
Coiffure Suisse Graubünden,coiffuresuissegr.ch,,,Rheindammweg 6 7023 Haldenstein,Switzerland,,Training and career areas: Coiffeur/-euse EBA; Coiffeur/-euse EFZ,,https://fiutscher.ch/aussteller/coiffure-suisse-graubunden
communicaziun.ch,communicaziun.ch,0041819252700,info@communicaziun.ch,communicaziun.ch Glennerstrasse 17 7130 Ilanz,Switzerland,,Training and career areas: Gestalter/in Werbetechnik EFZ; Kaufmann/-frau EFZ; Mediamatiker/in EFZ; Medientechnologe/-login EFZ; Polygraf/in EFZ,https://ch.linkedin.com/company/communicaziunch,https://fiutscher.ch/aussteller/communicaziun-ch
Coop Genossenschaft Region Ostschweiz-Ticino,coopjobs.ch,,,Coop Genossenschaft OT Industriestrasse 109 9201 Gossau,Switzerland,,Training and career areas: Detailhandelsassistent/in EBA; Detailhandelsfachmann/-frau EFZ; Logistiker/in EFZ; Systemgastronomiefachmann/-frau EFZ; Systemgastronomiepraktiker/in EBA,https://www.linkedin.com/company/coop_2/mycompany/verification/?viewAsMember=true,https://fiutscher.ch/aussteller/coop-genossenschaft-region-ostschweiz
"Drogistenverband, Sektion GR",drogistenverband.ch,,info@drogistenverband.ch,,Switzerland,,Training and career areas: Drogist/in EFZ,https://www.linkedin.com/company/schweizerischerdrogistenverband,https://fiutscher.ch/aussteller/drogistenverband-sektion-gr
EHL Hotelfachschule Passugg,campus-graubuenden.ch,,mailtol:info@ahb.ch,EHL Hotelfachschule Passugg Hauptstrasse 12 7062 Passugg,Switzerland,,Training and career areas: Hotel-Kommunikationsfachmann/-frau EFZ; Dipl. Hoteliere-Gastronomin / Hotelier-Gastronom HF,,https://fiutscher.ch/aussteller/ssth-hotelfachschule-passugg
EIT.graubünden,eitgraubünden.ch,081 257 03 23,,EIT.graubünden Hinterm Bach 40 7000 Chur,Switzerland,,Training and career areas: Elektroinstallateur/in EFZ; Montage-Elektriker/in EFZ,,https://fiutscher.ch/aussteller/eitgraubunden
EMS-CHEMIE AG,lehrebeiems.ch,,,EMS-CHEMIE AG Via Innovativa 1 7013 Domat/Ems,Switzerland,,Training and career areas: Anlagen- und Apparatebauer/in EFZ; Anlagenführer/in EFZ; Automatiker/in EFZ; Automatikmonteur/in EFZ; Elektroinstallateur/in EFZ; Fachmann/-frau Betriebsunterhalt EFZ; Informatiker/in EFZ; Kaufmann/-frau EFZ; Konstrukteur/in EFZ; Kunststofftechnologe/-login EFZ; Laborant/in EFZ; Logistiker/in EFZ; Mechanikpraktiker/in EBA; Mediamatiker/in EFZ; Montage-Elektriker/in EFZ; Polymechaniker/in EFZ,,https://fiutscher.ch/aussteller/ems-chemie-ag
"Faszination Technik - Swissmechanic, Sektion Graubünden",gr.swissmechanic.ch,+41813226173,,Swissmechanic Freihofstrasse 2 7302 Landquart,Switzerland,,Training and career areas: Anlagen- und Apparatebauer/in EFZ; Automatiker/in EFZ; Automatikmonteur/in EFZ; Konstrukteur/in EFZ; Kunststoffpraktiker/in EBA; Kunststofftechnologe/-login EFZ; Mechanikpraktiker/in EBA; Polymechaniker/in EFZ; Produktionsmechaniker/in EFZ,https://www.linkedin.com/company/swissmechanic,https://fiutscher.ch/aussteller/swissmechanic
feusuisse,feusuisse.ch,+41%2062 205 90 80,info@feusuisse.ch,feusuisse Froburgstrasse 266 4634 Wisen,Switzerland,,Training and career areas: Ofenbauer/in EFZ,,https://fiutscher.ch/aussteller/feusuisse-verband-fur-wohnraumfeuerungen-plattenbelage-und-abgassysteme
FH Graubünden,hftgr.ch,+41818510606,,,Switzerland,,,https://ch.linkedin.com/school/hftourismusmanagement/,https://fiutscher.ch/aussteller/fachhochschule-graubunden
"FH Graubünden, Institut für Tourismus und Freizeit ITF",campus-graubuenden.ch,,mailtol:info@ahb.ch,"FH Graubünden, Institut für Tourismus und Freizeit ITF Comercialstrasse 19 7000 Chur",Switzerland,,"Training and career areas: Tourism and Change, Master of Science; Tourismus FH, Bachelor of Science BSc",,https://fiutscher.ch/aussteller/fh-graubuenden-institut-fuer-tourismus-und-freizeit-itf
Fleisch-Fachverband Graubünden,ffv-gr.ch,+41816641107,praesident@ffv-gr.ch,Gulfiastrasse 38 7252 Klosters Dorf,Switzerland,,Training and career areas: Fleischfachassistent/in EBA; Fleischfachmann/-frau EFZ,,https://fiutscher.ch/aussteller/fleisch-fachverband-gr-ffv-gr
Flury Stiftung,oda-gs-gr.ch,,,,Switzerland,,,,https://fiutscher.ch/aussteller/flury-stiftung
Föllmi ICT AG,foellmiag.ch,+41817106565,info@foellmiag.ch,Föllmi ICT AG Bahnhofstrasse 17 7323 Wangs,Switzerland,,Training and career areas: ICT-Fachmann/-frau EFZ; Informatiker/in EFZ,https://ch.linkedin.com/company/foellmiag,https://fiutscher.ch/aussteller/foellmi-ict-ag
"Gebäudehülle Schweiz, Sekt. GR",,,,"Gebäudehülle Schweiz, Sekt. GR Meli AG Gebäudehüllen, Ringstrasse 14 7000 Chur",Switzerland,,Training and career areas: Abdichter/in EFZ; Abdichtungspraktiker/in EBA; Dachdecker/in EFZ; Dachdeckerpraktiker/in EBA; Fassadenbauer/in EFZ; Fassadenbaupraktiker/in EBA; Gerüstbauer/in EFZ; Gerüstbaupraktiker/in EBA,,https://fiutscher.ch/aussteller/gebaudehulle-schweiz-sekt-gr
geosuisseGR / Ingenieur-Geometer Graubünden,,,,InfraDigital AG Prättigauerstrasse 34 7302 Landquart,Switzerland,,Training and career areas: Geomatiker/in EFZ,,https://fiutscher.ch/aussteller/geosuissegr-ingenieur-geometer
Graubünden Holz - Plattform Holzkette,graubuendenholz.ch,+41 (0)81 300 22 30,info@graubuendenholz.ch,Graubünden Holz Bahnhofplatz 1 7302 Landquart,Switzerland,,,,https://fiutscher.ch/aussteller/graubunden-holz-plattform-holzkette
Graubündner Kantonalbank,report.gkb.ch,0041812568311,pr@gkb.ch,,Switzerland,,,https://ch.linkedin.com/company/graubundner-kantonalbank,https://fiutscher.ch/aussteller/graubundner-kantonalbank
Graubündnerischer Baumeisterverband,gbv.ch,+41 81 257 08 08,gbv@gbv.ch,"Graubündnerischer Baumeisterverband, GBV Comercialstrasse 20 7000 Chur",Switzerland,,Training and career areas: Bauwerktrenner/in EFZ; Betonwerker/in EFZ; Gleisbauer/in EFZ; Gleisbaupraktiker/in EBA; Grundbauer/in EFZ; Grundbaupraktiker/in EBA; Industrie- und Unterlagsbodenbauer/in EFZ; Industrie- und Unterlagsbodenbaupraktiker/in EBA; Maurer/in EBA; Maurer/in EFZ; Pflästerer/Pflästerin EFZ; Steinmetz/in EFZ; Steinsetzer/in EBA; Strassenbauer/in EFZ; Strassenbaupraktiker/in EBA; Bauführer/in (HFP); Baumeister/in HFP; Baupolier/in mit eidg. FA; Bauvorarbeiter/-in mit eidg. FA; Fachspezifische Weiterbildungen Bauberufe,https://www.linkedin.com/company/graub%C3%BCndnerischer-baumeisterverband/,https://fiutscher.ch/aussteller/graubundnerischer-baumeisterverband-gbv
Hamilton AG,lehre-hamilton.ch,,lehre@hamilton.ch,Hamilton AG Via Crusch 8 7402 Bonaduz,Switzerland,,Training and career areas: Automatiker/in EFZ; Automatikmonteur/in EFZ; Elektroniker/in EFZ; Entwickler/in digitales Business EFZ; Informatiker/in EFZ; Kaufmann/-frau EFZ; Konstrukteur/in EFZ; Logistiker/in EFZ; Polymechaniker/in EFZ; Produktionsmechaniker/in EFZ,https://www.linkedin.com/company/hamilton-bonaduz-ag,https://fiutscher.ch/aussteller/hamilton-bonaduz-ag
Hello Career | KV Treuhand/Immobilien | OKGT,oba-sg.ch,,,,Switzerland,,,https://ch.linkedin.com/company/olma-messen-st.gallen,https://fiutscher.ch/aussteller/okgt-organisation-kaufmannische-grundbildung-treuhandimmobilien
"Holzbau Schweiz, Sektion GR (HBS GR)",holzbau-gr.ch,,,"Holzbau Schweiz, Sektion Graubünden Bahnhofplatz 1 7302 Landquart",Switzerland,,"Training and career areas: Holzbearbeiter/in EBA; Zimmermann/Zimmerin EFZ; dipl. Techniker/-in HF Holztechnik; Dipl. Techniker/in HF Holztechnik, Vertiefung Holzindustrie/Handel; Holzbau-Meister/-in (HFP); Holzbau-Polier/-in mit eidg. FA; Holzbau-Vorarbeiter/-in mit eidg. FA; Holzingenieur/in FH",,https://fiutscher.ch/aussteller/holzbau-schweiz-sektion-gr
Holzindustrie Schweiz Regionalverband Graubünden (HIS GR),,,,HIS Regionalverband Graubünden Veia Tgampi 17 7460 Savognin,Switzerland,,"Training and career areas: Holzbearbeiter/in EBA; Holzindustriefachmann/-frau EFZ; Dipl. Techniker/in HF Holztechnik, Vertiefung Holzindustrie/Handel; Holzfachmann/-frau mit eidg. Fachausweis, Fachrichtung Holzkaufmann/-frau (BP)",,https://fiutscher.ch/aussteller/his-regionalverband-graubuenden
Höhere Fachschule für Sozialpädagogik,campus-graubuenden.ch,,mailtol:info@ahb.ch,Kantonsstrasse 8 7205 Zizers,Switzerland,,"Training and career areas: Sozialpädagoge/-in HF, dipl.",,https://fiutscher.ch/aussteller/hohere-fachschule-fur-sozialpadagogik-zizers
Höhere Fachschule für Tourismus und Management HFT,campus-graubuenden.ch,,mailtol:info@ahb.ch,Höhere Fachschule für Tourismus und Management HFT Quadratscha 18 7503 Samedan,Switzerland,,Training and career areas: Dipl. Tourismusfachleute HF; Marketingfachleute mit eidg. FA,,https://fiutscher.ch/aussteller/hohere-fachschule-fur-tourismus-hft-graubunden-hft-graubunden
Höhere Wirtschaftsschule Graubünden (HWSGR),hwsgr.ch,081 258 40 00,info@hwsgr.ch,HWSGR - Höhere Wirtschaftsschule Graubünden Comercialstrasse 23 7000 Chur,Switzerland,,,https://www.linkedin.com/school/hwsgr/,https://fiutscher.ch/aussteller/hwsgr
ibW Höhere Fachschule Südostschweiz,ibw.ch,+41814033333,info@ibw.ch,ibW Höhere Fachschule Südostschweiz Gürtelstrasse 44 7000 Chur,Switzerland,,"Training and career areas: AI Business Specialist mit eidg. FA; Automobildiagnostiker/-in mit eidg. FA; Bau-Polier/-in mit eidg. FA; Bauvorarbeiter/-in mit eidg. FA; Chefmonteur/-in Sanitär mit eidg. FA; Coiffeuse/Coiffeur mit eidg. FA; Digital Collaboration Specialist mit eidg. FA; Dipl. Applikationsentwickler/-in NDS HF; Dipl. Betriebswirtschafter/-in HF; Dipl. Energie- und Umwelttechniker/-in HF; Dipl. Finanzplanungsexperte/-in NDS HF; Dipl. Förster/-in HF; Dipl. Gebäudeautomatiker/-in HF; Dipl. Gebäudetechniker/in HF; Dipl. Holztechniker/-in HF Holzbau; Dipl. Holztechniker/-in HF Schreinerei / Innenausbau; Dipl. in Innovations- und Transformationsmanagement NDS HF; Dipl. in IT Security und Risk Management NDS HF; Dipl. in Krisen- und Risikomanagement NDS HF; Dipl. in Marketing und Sales Management NDS HF; Dipl. in Projekt- und Prozessmanagement NDS HF; Dipl. in Unternehmensführung NDS HF; Dipl. Informatiker/-in HF; Dipl. Produktdesigner/-in HF; Dipl. Rechtsfachfrau/-mann HF; Dipl. Systemtechniker/-in HF; Dipl. Techniker/-in HF Bauplanung, Ingenieurbau; Dipl. Techniker/-in HF Bauplanung, Schwerpunkt Innenarchitektur; Dipl. Wirtschaftsinformatiker/-in HF; eidg. dipl. Coiffeuse; Elektroprojektleiter/-in Installation und Sicherheit mit eidg. FA; Elektroprojektleiter/-in Planung mit eidg. FA; Energieberater/-in Gebäude mit eidg. FA; Fachfrau/-mann Treuhand und Beratung mit eidg. FA; Fachleute im Finanz- & Rechnungswesen mit eidg. FA; Fachleute öffentliche Verwaltung mit eidg. FA; Finanzplaner/-in mit eidg. FA; Forstmaschinenführer/-in mit eidg. FA; Forstwart-Vorarbeiter/-in mit eidg. FA; Hauswart/-in mit eidg. FA; Holzbau-Meister/-in (HFP); Holzbau-Polier/-in mit eidg. FA; Holzbau-Vorarbeiter/-in mit eidg. FA; HR-Fachleute mit eidg. FA; Logistikfachleute mit eidg. FA; Marketingfachleute mit eidg. FA; Projektleiter/-in Gebäudeautomation mit eidg. FA; Projektleiter/-in Schreinerei mit eidg. FA; Seilkran-Einsatzleiter/-in mit eidg. FA; Sozialversicherungsfachleute mit eidg. FA; Techniker/in HF Elektrotechnik, dipl.; Technische Kaufleute mit eidg. FA; Verkaufsfachleute mit eidg. FA; Versicherungsfachleute mit eidg. FA; Wirtschaftsinformatiker/-in mit eidg. FA",https://ch.linkedin.com/school/ibw-h%C3%B6here-fachschule-s%C3%BCdostschweiz/,https://fiutscher.ch/aussteller/ibw-hohere-fachschule-sudostschweiz
Interessengemeinschaft Anlagen- & Apparatebauer/in,igaab.ch,,info@igaab.ch,"Interessengemeinschaft Anlagen- & Apparatebauer/in c/o anplaq ag, Rheinstrasse 5a 7015 Tamins",Switzerland,,Training and career areas: Anlagen- und Apparatebauer/in EFZ,,https://fiutscher.ch/aussteller/interessengemeinschaft-anlagen-apparatebauer-in
Interessensgemeinschaft Pflegeheime,,,,,Switzerland,,"Training and career areas: Assistent/in Gesundheit und Soziales EBA; Fachmann/-frau Gesundheit EFZ; Aktivierungsfachmann/-frau HF, dipl.; Fachmann/-frau Langzeitpflege und -betreuung mit eidg. Fachausweis (BP); Pflegefachfrau/-mann, FH; Pflegefachmann/-frau HF, dipl.",,https://fiutscher.ch/aussteller/interessensgemeinschaft-pflegeheime
Jardin Grischun,jardinsuisse.ch,,,JardinGrischun Hinterm Bach 40 7000 Chur,Switzerland,,Training and career areas: Gärtner/in EBA; Gärtner/in EFZ,,https://fiutscher.ch/aussteller/jardin-grischun-unternehmerverband-gartner-graubunden
Kanton Graubünden,gr.ch,,,Personalamt Graubünden Steinbruchstrasse 18 7000 Chur,Switzerland,,Training and career areas: Agrarpraktiker/in EBA; Automobil-Assistent/in EBA; Automobil-Fachmann/-frau EFZ; Automobil-Mechatroniker/in EFZ; Entwickler/in digitales Business EFZ; Fachmann/-frau Betriebsunterhalt EFZ; Fachmann/-frau Hotellerie-Hauswirtschaft EFZ; Fachmann/-frau Information und Dokumentation EFZ; ICT-Fachmann/-frau EFZ; Informatiker/in EFZ; Kaufmann/-frau EFZ; Koch/Köchin EFZ; Küchenangestellte/r EBA; Laborant/in EFZ; Landwirt/in EFZ; Milchtechnologe/-login EFZ; Obstfachmann/-frau EFZ; Praktiker/in Hotellerie-Hauswirtschaft EBA; Unterhaltspraktiker/in EBA; Weinfachmann/-frau EFZ; Zeichner/in EFZ,,https://fiutscher.ch/aussteller/kanton-graubunden
Kantonspolizei Graubünden,gr.ch,,,Kantonspolizei Graubünden,Switzerland,,Training and career areas: Polizist/in mit eid. Fachausweis (BP),,https://fiutscher.ch/aussteller/kantonspolizei-graubunden
Kantonsspital Graubünden,ksgr.ch,,,,Switzerland,,,,https://fiutscher.ch/aussteller/kantonsspital-graubuenden
Kinderbetreuung Graubünden,kinderbetreuung-gr.ch,+41784800187,info@kinderbetreuung-gr.ch,Fachverband Kinderbetreuung Graubünden Reichsgasse 25 7000 Chur,Switzerland,,Training and career areas: Fachmann/-frau Betreuung EFZ,https://www.linkedin.com/company/bgs-chur/posts/?feedView=all,https://fiutscher.ch/aussteller/kinderbetreuung-graubuenden
Klinikgruppe Valens,valens.ch,41585111111,info@kliniken-valens.ch,Taminaplatz 1 7317 Valens,Switzerland,,"Training and career areas: Assistent/in Gesundheit und Soziales EBA; Fachmann/-frau Betriebsunterhalt EFZ; Fachmann/-frau Gesundheit EFZ; Fachmann/-frau Hotellerie-Hauswirtschaft EFZ; Hotel-Kommunikationsfachmann/-frau EFZ; Informatiker/in EFZ; Kaufmann/-frau EFZ; Koch/Köchin EFZ; Medizinische/r Praxisassistent/in EFZ; Diätkoch/-köchin, BP; Ergotherapie FH, Bachelor of Science BSc; Ernährung und Diätetik FH, Bachelor of Science BSc; Logopädin/ Logopäde, FH; Pflegefachfrau/-mann, FH; Pflegefachmann/-frau HF, dipl.; Physiotherapie FH, Bachelor of Science BSc; Soziale Arbeit FH, Bachelor of Science BSc",https://www.linkedin.com/company/kliniken-valens/,https://fiutscher.ch/aussteller/klinikgruppe-valens
Kulturbühne,visarte-graubuenden.ch,,,Visarte Graubünden Wiesentalstrasse 44 7000 Chur,Switzerland,,,,https://fiutscher.ch/aussteller/kulturbuehne
KUNSTSTOFF.swiss,kunststoffberufe.ch,+41628340060,info@kunststoff.swiss,KUNSTSTOFF.swiss – Der Verband der Schweizer Kunststoffindustrie Schachenallee 29C 5000 Aarau,Switzerland,,Training and career areas: Kunststoffpraktiker/in EBA; Kunststofftechnologe/-login EFZ,https://www.linkedin.com/company/kunststoff-swiss,https://fiutscher.ch/aussteller/kunststoffswiss
lehre-gr.ch,lehre-gr.ch,,,Mediadschungel GmbH Tardisstrasse 199 7205 Zizers / Landquart,Switzerland,,,,https://fiutscher.ch/aussteller/lehre-grch
login Berufsbildung AG,scuolaprofessionale.ch,+41818440535,info@scuolaprofessionale.ch,,Switzerland,,,,https://fiutscher.ch/aussteller/login-berufsbildung-ag-rhatische-bahn
Metaltec Graubünden,gr.metaltecsuisse.ch,,,Herawisweg 18 7203 Trimmis,Switzerland,,Training and career areas: Metallbauer/in EFZ; Metallbaukonstrukteur/in EFZ; Metallbaupraktiker/in EBA,,https://fiutscher.ch/aussteller/metaltec-graubunden
Milchtechnologen,milchtechnologe.ch,+41313113182,info@smv-ssil.ch,Plantahof Kantonsstrasse 17 7302 Landquart,Switzerland,,Training and career areas: Milchpraktiker/in EBA; Milchtechnologe/-login EFZ,https://ch.linkedin.com/company/schweizerischer-milchwirtschaftlicher-verein-smv,https://fiutscher.ch/aussteller/milchtechnologen
MMTS MultimediaTec Swiss,mmts.ch,032 654 20 20,info@vsrt.ch,"MMTS Sektion GR, EP: Bernhard Kasernensstrasse 97 7000 Chur",Switzerland,,Training and career areas: Detailhandelsfachmann/-frau EFZ; Multimediaelektroniker/in EFZ,https://www.linkedin.com/company/multimediatecswiss,https://fiutscher.ch/aussteller/mmts-multimediatec-swiss-sektion-gr
Netzwerk Kleinstberufe,kleinstberufe.ch,+41313102017,,Netzwerk Kleinstberufe Weiernstrasse 24 8355 Aadorf,Switzerland,,Training and career areas: Fachmann/-frau Textilpflege EFZ; Holzbildhauer/in EFZ; Holzhandwerker/in EFZ; Korb- und Flechtwerkgestalter/in EFZ; Küfer/in EFZ,https://www.linkedin.com/company/kleinstberufe/,https://fiutscher.ch/aussteller/netzwerk-kleinstberufe
OdA Gesundheit und Soziales Graubünden,oda-gs-gr.ch,,,Gäuggelistrasse 7 7000 Chur,Switzerland,,"Training and career areas: Assistent/in Gesundheit und Soziales EBA; Fachmann/-frau Betreuung EFZ; Fachmann/-frau Gesundheit EFZ; Medizinproduktetechnologe/-login EFZ; Aktivierungsfachmann/-frau HF, dipl.; Arbeitsagogin/-agoge FA; Berater/in Frühe Kindheit (HFP); Biomedizinische/r Analytiker/in HF, dipl.; Blindenführhundeinstruktor/in (HFP); Ergotherapie FH, Bachelor of Science BSc; Ernährung und Diätetik FH, Bachelor of Science BSc; Experte/Expertin Bewegungs- und Gesundheitsförderung, HFP; Experte/Expertin in Gesundheitsinstitutionen, HFP; Experte/in Anästhesie-/Intensiv-/Notfallpflege, NDS HF; Fachexperte/-expertin für Infektionsprävention, HFP; Fachexperte/-expertin in Diabetesfachberatung (HFP); Fachexperte/-expertin in geriatrischer und psychogeriatrischer Pflege, HFP; Fachexperte/-expertin in Palliative Care, HFP; Fachexperte/-expertin Nephrologiepflege, HFP; Fachexperte/-expertin Onkologiepflege, HFP; Fachexperte/-expertin Psychiatriepflege, HFP; Fachexperte/-expertin Respiratory Care; Fachexperte/Fachexpertin Operationsbereich; Fachmann/-frau Langzeitpflege und -betreuung mit eidg. Fachausweis (BP); Fachmann/-frau Operationstechnik HF, dipl.; Fachmann/-frau psychiatrischer Pflege und Betreuung mit eidg. Fachausweis (BP); Gemeindeanimator/in HF, dipl.; Hebamme FH, Bachelor of Science BSc; Job Coach/in Arbeitsorganisation; Kindheitspädagoge/-in HF, dipl.; Komplementärtherapeut/in, HFP; Leiter/in Arbeitsagogik HF, dipl.; Leiter/in von sozialen und sozialmedizinischen Organisationen (HFP); Logopädin/ Logopäde, FH; Medizinische/r Kodierer/in; Medizinische/r Masseur/in mit eidg. Fachausweis (BP); Medizinische/r Praxiskoordinator/in mit eidg. Fachausweis (BP); Migrationsfachmann/-frau mit eidg. Fachausweis; Naturheilpraktiker/in; Pflegefachfrau/-mann, FH; Pflegefachmann/-frau HF, dipl.; Physiotherapie FH, Bachelor of Science BSc; Radiologiefachmann/-frau HF, dipl.; Rehabilitationsexperte/in für sehbehinderte und blinde Menschen (HFP); Rettungssanitäter/in HF, dipl.; Sicherheitsspezialist/in in Institutionen des Gesundheits- und Sozialwesens; Sozialbegleiter/in mit eidg. Fachausweis; Soziale Arbeit FH, Bachelor of Science BSc; Sozialpädagoge/-in HF, dipl.; Spezialist/in Bewegungs- und Gesundheitsförderung; Spezialist/in für angewandte Kinästhetik mit eidg. Fachausweis (BP); Spezialist/in für die Begleitung von Menschen mit Beeinträchtigungen mit eidg. Fachausweis; Supervisor/in Coach / Organisationsberater/in (HFP); Teamleiter/in in sozialen und sozialmedizinischen Organisation mit eidg. Fachausweis",,https://fiutscher.ch/aussteller/oda-gesundheit-und-soziales-graubuenden
PH Graubünden,campus-graubuenden.ch,,mailtol:info@ahb.ch,Scalärastrasse 17 7000 Chur,Switzerland,,"Training and career areas: Bachelorstudium Kindergarten und Primarschule (1. - 2.); Bachelorstudium Primarschule (1. -6.); Deutsch als Zweitsprache DAZ, CAS; Kunst - Kunstvermittlung, CAS; Masterstudium Schulische Heilpädagogik; Masterstudium Sekundarstufe I für Personen mit Fachbachelor; Masterstudium Sekundarstufe I für Primarlehrpersonen (Stufenerweiterung); Masterstudium Sekundarstufe I und Maturitätsschulen für Personen mit Fachmaster; Schulleitung, CAS",,https://fiutscher.ch/aussteller/padagogische-hochschule-graubunden
Plantahof,suedost.agrotecsuisse.ch,,,LBBZ Plantahof Kantonsstrasse 17 7302 Landquart,Switzerland,,Training and career areas: Agrarpraktiker/in EBA; Landwirt/in EFZ; Bäuerin / bäuerlicher Haushaltsleiter FA; Betriebsleiter/Betriebsleiterin Landwirtschaft FA; Meisterlandwirt/in HFP,,https://fiutscher.ch/aussteller/lbbz-plantahof
Psychiatrische Dienste Graubünden,pdgr.ch,+41-58-225-25-25,info@pdgr.ch,Psychiatrische Dienste Graubünden Loestrasse 220 7000 Chur,Switzerland,,Training and career areas: Fachmann/-frau Betreuung EFZ; Fachmann/-frau Betriebsunterhalt EFZ; Fachmann/-frau Gesundheit EFZ; Fachmann/-frau Hotellerie-Hauswirtschaft EFZ; Florist/in EFZ; Gärtner/in EFZ; Informatiker/in EFZ; Kaufmann/-frau EFZ; Koch/Köchin EFZ,https://ch.linkedin.com/company/psychiatrische-dienste-graub%C3%BCnden-pdgr-,https://fiutscher.ch/aussteller/psychiatrische-dienste-graubuenden
Q-Bix / Blue Cocktail Bar,blaueskreuz.gr.ch,+41812524341,,Blaues Kreuz Graubünden Alexanderstrasse 42 7000 Chur,Switzerland,,,,https://fiutscher.ch/aussteller/blaues-kreuz-graubunden
Repower AG,repower.com,,,Repower AG Bahnhofplatz 3A 7302 Landquart,Switzerland,,Training and career areas: Automatiker/in EFZ; Automatikmonteur/in EFZ; Elektroplaner/in EFZ; Logistiker/in EFZ; Polymechaniker/in EFZ; Produktionsmechaniker/in EFZ,https://ch.linkedin.com/company/repower,https://fiutscher.ch/aussteller/repower-ag
Rhätische Bahn AG,rhb.ch,,,Rhätische Bahn AG Bahnhofstrasse 25 7001 Chur,Switzerland,,Training and career areas: Anlagen- und Apparatebauer/in EFZ; Automatiker/in EFZ; Detailhandelsfachmann/-frau EFZ; Entwickler/in digitales Business EFZ; Fachmann/-frau öffentlicher Verkehr EFZ; Gleisbauer/in EFZ; Informatiker/in EFZ; Logistiker/in EFZ; Netzelektriker/in EFZ; Polymechaniker/in EFZ; Erwachsenenlehre Gleisbauer/in; Erwachsenenlehre Netzelektriker/in; Quereinstieg Lokführer/in; Quereinstieg Zugbegleiter/in; Quereinstieg Zugverkehrsleiter/in,https://www.linkedin.com/company/rh%C3%A4tischebahnag/,https://fiutscher.ch/aussteller/rhatische-bahn-ag
Schweizer Armee - Chance Armee / Lehrberufe Armee,armee.ch,,,Schweizer Armee Militärflugplatz 8600 Dübendorf,Switzerland,,Training and career areas: Fachmann/-frau Betriebsunterhalt EFZ; Koch/Köchin EFZ; Logistiker/in EFZ; Strassentransportfachmann/-frau EFZ,https://www.linkedin.com/company/swiss-armed-forces/,https://fiutscher.ch/aussteller/schweizer-armee
Schweizerischer Verband für Kältetechnik,cool-clever.ch,+41416703045,info@svk.ch,"Schweizerischer Verband für Kältetechnik, SVK Eichistrasse 1 6055 Alpnach Dorf",Switzerland,,Training and career areas: Kältemontage-Praktiker/in EBA; Kältesystem-Monteur/in EFZ; Kältesystem-Planer/in EFZ,,https://fiutscher.ch/aussteller/schweizerischer-verein-fur-kaltetechnik-svk
SFB Sektion Zürich mit angeschlossenen Kantonen und Fürstentum Liechtenstein,betriebsunterhalt.ch,,infoschweiz@betriebsunterhalt.ch,"Schweizerischer Fachverband Betriebsunterhalt, SFB Ernst Müller-Strasse 7 8207 Schaffhausen",Switzerland,,Training and career areas: Fachmann/-frau Betriebsunterhalt EFZ; Unterhaltspraktiker/in EBA,,https://fiutscher.ch/aussteller/schweizerischer-fachverband-betriebsunterhalt-sfb
Spitex Graubünden,spitexgr.ch,,spitex@bsh-gr.ch,"Bündner Spital- und Heimverband, Bereich Spitex Engadinstrasse 33 7000 Chur",Switzerland,,"Training and career areas: Assistent/in Gesundheit und Soziales EBA; Fachmann/-frau Gesundheit EFZ; Pflegefachfrau/-mann, FH; Pflegefachmann/-frau HF, dipl.",https://www.linkedin.com/company/spitex-pflegeheime-gr,https://fiutscher.ch/aussteller/spitex-graubuenden
Sprecher Security GmbH,sprecher-security.com,,info@sprecher-security.ch,Sprecher Security GmbH Rheinstrasse 5 7015 Tamins,Switzerland,,Training and career areas: Sicherheitsfachmann/-frau (BP),,https://fiutscher.ch/aussteller/sprecher-security-gmbh
Stadtpolizei Chur,search.ch,,,,Switzerland,,Training and career areas: Polizist/in mit eid. Fachausweis (BP),,https://fiutscher.ch/aussteller/stadtpolizei-chur
Stiftung La Capriola,lacapriola.ch,+41815300163,info@lacapriola.ch,Stiftung La Capriola Engadinstrasse 2 7000 Chur,Switzerland,,Training and career areas: Detailhandelsassistent/in EBA; Detailhandelsfachmann/-frau EFZ; Fachmann/-frau Hotellerie-Hauswirtschaft EFZ; Kaufmann/-frau EBA; Kaufmann/-frau EFZ; Koch/Köchin EFZ; Küchenangestellte/r EBA; Praktiker/in Hotellerie-Hauswirtschaft EBA; Praktiker/in PrA Detailhandel Textil; Praktiker/in PrA Hotellerie-Hauswirtschaft; Praktiker/in PrA Küche; Praktiker/in PrA Restaurant; Restaurantangestellte/r EBA; Restaurantfachmann/-frau EFZ,https://www.linkedin.com/company/la-capriola/,https://fiutscher.ch/aussteller/stiftung-la-capriola
suissetec grischun,suissetec-grischun.ch,,,suissetec grischun Hinterm Bach 40 7000 Chur,Switzerland,,Training and career areas: Gebäudetechnikplaner/in Heizung EFZ; Gebäudetechnikplaner/in Lüftung EFZ; Gebäudetechnikplaner/in Sanitär EFZ; Heizungsinstallateur/in EFZ; Heizungspraktiker/in EBA; Lüftungsanlagenbauer/in EFZ; Lüftungsanlagenpraktiker/in EBA; Sanitärinstallateur/in EFZ; Sanitärpraktiker/in EBA; Spengler/in EFZ; Spenglerpraktiker/in EBA,,https://fiutscher.ch/aussteller/suissetec-grischun
SUPSI,supsi.ch,,,"Le Genre, Via Pobiette 11 6928 Manno",Switzerland,,"Training and career areas: Ergotherapie FH, Bachelor of Science BSc; Ernährung und Diätetik FH, Bachelor of Science BSc; Physiotherapie FH, Bachelor of Science BSc; Soziale Arbeit FH, Bachelor of Science BSc",https://www.linkedin.com/school/supsi/,https://fiutscher.ch/aussteller/supsi-scuola-universitaria-professionale-della-svizzera-italiana
SwissSkills,swiss-skills.ch,+41315520515,,SwissSkills Schwarztorstrasse 87 3007 Bern,Switzerland,,,https://www.linkedin.com/company/swissskills,https://fiutscher.ch/aussteller/swissskills-mission-future
THIM/SUPSI (Physiotherapie),campus-graubuenden.ch,,mailtol:info@ahb.ch,Thim van der Laan AG Weststrasse 8 7302 Landquart,Switzerland,,,,https://fiutscher.ch/aussteller/fachhochschule-sudschweiz-supsi-physiotherapie-graubunden
Thomann Nutzfahrzeuge,lehre.thomann.swiss,,,Thomann Nutzfahrzeuge Industriestrasse 9 7000 Chur,Switzerland,,Training and career areas: Automobil-Assistent/in EBA; Automobil-Fachmann/-frau EFZ; Automobil-Mechatroniker/in EFZ; Detailhandelsfachmann/-frau EFZ,,https://fiutscher.ch/aussteller/thomann-nutzfahrzeuge-ag
TRUMPF Schweiz AG,trumpf.com,,,TRUMPF Schweiz AG TRUMPF Strasse 8 7214 Grüsch,Switzerland,,Training and career areas: Automatiker/in EFZ; Automatikmonteur/in EFZ; Elektroniker/in EFZ; Fachmann/-frau Betriebsunterhalt EFZ; Informatiker/in EFZ; Kaufmann/-frau EFZ; Logistiker/in EFZ; Polymechaniker/in EFZ; Produktionsmechaniker/in EFZ,,https://fiutscher.ch/aussteller/trumpf-schweiz-ag
Valser Mineralquellen,careers.coca-colahellenic.ch,,,VALSER Mineralquellen GmbH (ein Unternehmen der Coca-Cola HBC Schweiz AG) Camp 519 7132 Vals,Switzerland,,Training and career areas: Brau- und Getränketechnologe/-login EFZ; Lebensmittelpraktiker/in EBA; Logistiker/in EBA; Logistiker/in EFZ,,https://fiutscher.ch/aussteller/valser-mineralquellen
Verband Bündner Elektrizitätsversorgungsunternehmen (VBE),vbe-graubuenden.ch,,info@vbe-graubuenden.ch,Verband Bündner Elektrizitätsversorgungsunternehmen (VBE) Hartbertstrasse 11 7001 Chur,Switzerland,,Training and career areas: Elektroinstallateur/in EFZ; Montage-Elektriker/in EFZ; Netzelektriker/in EFZ; Polymechaniker/in EFZ,,https://fiutscher.ch/aussteller/verband-bundner-elektrizitatsversorgungsunternehmen-vbe
"Verband Bündnerischer Gemeindeangestellter, VBGA",vbga.ch,,,"VBGA, c/o comune di Bregaglia Via ai Crott 17 7206 Promotogno",Switzerland,,Training and career areas: Kaufmann/-frau EFZ,https://www.linkedin.com/company/verband-b%C3%BCndnerischer-gemeinde-angstellter-vbga/posts/?feedView=all,https://fiutscher.ch/aussteller/verband-bundnerischer-gemeindeangestellter-vbga
Verband Schweizerischer Schreinermeister und Möbelfabrikanten Graubünden (VSSM GR),vssm-gr.ch,,,"Verband Schweizerischer Schreinermeister und Möbelfabrikanten, VSSM GR Bahnhofplatz 1 7302 Landquart",Switzerland,,"Training and career areas: Schreiner/in EFZ; Schreinerpraktiker/in EBA; AVOR-Spezialist/in VSSM; Dipl. Holztechniker/-in HF Schreinerei / Innenausbau; Einstieg Projektleitung Schreinerei; Fertigungsspezialist/in VSSM; Montagespezialist/in VSSM; Projektleiter/-in Schreinerei mit eidg. FA; Schreinermeister/in, dipl. (HFP)",,https://fiutscher.ch/aussteller/verband-schweizerischer-schreinermeister-und-mobelfabrikanten-vssm-gr
"Verein zur Förderung von Elektronik und Informatik Berufen, VFEI",vfei.ch,,info@vfei.ch,"Verein zur Förderung von Elektronik und Informatik Berufen, VFEI Tardisstrasse 199 7205 Zizers",Switzerland,,Training and career areas: Elektroniker/in EFZ; Informatiker/in EFZ,,https://fiutscher.ch/aussteller/verein-zur-forderung-von-elektronik-und-informatik-berufen-vfei
Volg Detailhandels AG,volg.ch,,,"Volg Detailhandels AG, Sekretariat Ost Löserstrasse 7 7302 Landquart",Switzerland,,Training and career areas: Detailhandelsassistent/in EBA; Detailhandelsfachmann/-frau EFZ,https://ch.linkedin.com/company/volg-konsumwaren-ag,https://fiutscher.ch/aussteller/volg-detailhandels-ag
"Vorausscheidung EuroSkills, Holzbau Schweiz",,,,,Switzerland,,,,https://fiutscher.ch/aussteller/vorausscheidung-euroskills-holzbau-schweiz
