event_name,event_start_date,event_end_,venue,city,country,event_domain
IPT Credits and Incentives Symposium 2026,2026-11-01,2026-11-04,Hotel Polaris,Colorado Springs,United States,ipt.org
IRF Leadership Insights Forum 2026,2026-11-01,2026-11-03,Grand Hyatt Indian Wells Resort & Villas,Indian Wells,United States,theirf.org
Incompas Show 2026,2026-11-01,2026-11-03,Omni Nashville Hotel,Nashville,United States,show.incompas.org
APHA Annual Meeting and Expo 2026,2026-11-01,2026-11-04,Henry B. González Convention Center,San Antonio,United States,apha.org
CNS Summit 2026,2026-11-01,2026-11-04,Encore Boston Harbor,Everett,United States,cnssummit.org
SEMI International Trade Partners Conference 2026,2026-11-01,2026-11-04,Four Seasons Resort Oahu at Ko Olina,Kapolei,United States,semi.org
SETDA Leadership Summit and Ed Forum 2026,2026-11-01,2026-11-04,TBA,"Washington, D.C.",United States,setda.org
TCS New York City Marathon 2026,2026-11-01,2026-11-01,City wide race Start Verrazzano Narrows Bridge Finish Central Park,New York City,United States,nyrr.org
Texas PRIMA Annual Conference 2026,2026-11-01,2026-11-04,Hyatt Regency Dallas,Dallas,United States,texasprima.org
WSATA 2026,2026-11-01,2026-11-04,Salt Lake Marriott Downtown,Salt Lake City,United States,hub.taxadmin.org
Afrotech Conference 2026,2026-11-02,2026-11-06,George R. Brown Convention Center,Houston,United States,afrotechconference.com
6sense Breakthrough 2026,2026-11-02,2026-11-05,Fontainebleau Las Vegas,Las Vegas,United States,6sense.com
ASUG Tech Connect 2026,2026-11-02,2026-11-04,Fort Worth Convention Center,Fort Worth,United States,events.asug.com
Athenahealth Thrive 2026,2026-11-02,2026-11-04,Music City Center,Nashville,United States,athenahealth.com
B2B eCommerce World Americas 2026,2026-11-02,2026-11-03,TBA,Indianapolis,United States,b2becommerceworld.org
CALA Fall Conference & Trade Show 2026,2026-11-02,2026-11-04,Renaissance Palm Springs Hotel,Palm Springs,United States,caassistedliving.org
CCU REACH 2026,2026-11-02,2026-11-05,JW Marriott Desert Springs Resort & Spa,Palm Desert,United States,californiascreditunions.org
COAA Connect Fall 2026,2026-11-02,2026-11-04,The DeSoto Hotel,Savannah,United States,coaa.org
Freddie Mac CONNECT 2026,2026-11-02,2026-11-04,Hilton Austin,Austin,United States,web.cvent.com
Intelisys Channel Connect 2026,2026-11-02,2026-11-05,Fairmont Austin Hotel,Austin,United States,intelisys.com
Houston International Maritime Conference 2026,2026-11-02,2026-11-05,Hilton Americas-Houston,Houston,United States,porthouston.com
IOFM Fall Conference & Expo 2026,2026-11-02,2026-11-04,JW Marriott Austin,Austin,United States,events.iofm.com
MarketingProfs B2B Forum 2026,2026-11-02,2026-11-03,Omni Boston Hotel,Boston,United States,mpb2b.marketingprofs.com
IP Dealmakers Forum 2026,2026-11-02,2026-11-04,Omni Barton Creek Resort,Austin,United States,dealmakersforums.com
Microsoft TechCon 365 Dallas 2026,2026-11-02,2026-11-06,Irving Convention Center at Las Colinas,Irving,United States,techcon365.com
P3 EDU 2026,2026-11-02,2026-11-04,Georgia Tech Hotel & Conference Center,Atlanta,United States,p3edu.com
PASBA Fall Management Conference 2026,2026-11-02,2026-11-05,Omni Louisville Hotel,Louisville,United States,community.pasba.org
PowerSchool EDGE 2026,2026-11-02,2026-11-05,TBA,Denver,United States,powerschool.com
Raptor SchoolSAFE Conference 2026,2026-11-02,2026-11-04,Omni Orlando Resort at ChampionsGate,Championsgate,United States,raptortech.com
Rates & Repo North America 2026,2026-11-02,2026-11-02,Convene 555 Broadway,New York City,United States,finadium.com
Texas Assessment Conference 2026,2026-11-02,2026-11-04,Kalahari Resort & Conference Center,Round Rock,United States,txassessmentcon.org
Texas Covered Health Care Conference + Expo 2026,2026-11-02,2026-11-04,Marriott Downtown Austin,Austin,United States,tahpconference.com
The Public Works Summit 2026,2026-11-02,2026-11-04,TBA,Tucson,United States,publicworkssummit.com
Top Women in Hardware & Building Supply 2026,2026-11-02,2026-11-03,Chicago Marriott Magnificent Mile,Chicago,United States,hbsdtopwomen.com
American Food Manufacturing Summit 2026,2026-11-02,2026-11-03,,Schaumburg,United States,
Vantaca Vision 2026,2026-11-02,2026-11-05,Hyatt Regency New Orleans,New Orleans,United States,vantaca.com
WISPAPALOOZA 2026,2026-11-02,2026-11-05,Caesars Palace,Las Vegas,United States,wispaevents.org
Becker’s Annual CEO + CFO Roundtable 2026,2026-11-02,2026-11-05,,Chicago,United States,
CCW Executive Exchange Fall US 2026,2026-11-02,2026-11-04,,Miami,United States,
Fall Payer Issues Roundtable 2026,2026-11-02,2026-11-03,,Chicago,United States,
Future of Utilities Smart Energy 2026,2026-11-02,2026-11-03,,London,United Kingdom,
Global Incentive Summit 2026,2026-11-02,2026-11-05,,Madrid,Spain,
DCD>Connect Virginia 2026,2026-11-03,2026-11-04,Lansdowne Resort & Spa,Leesburg,United States,datacenterdynamics.com
Deepwater Operations Conference & Exhibition 2026,2026-11-03,2026-11-05,Moody garden Hotel & Conevntion Center,Galveston,United States,offshore-event.com
Esomar North America 2026,2026-11-03,2026-11-04,Courtland Grand Hotel,Atlanta,United States,esomar.org
GS1 Healthcare Global Conference 2026,2026-11-03,2026-11-05,TBA,Boston,United States,gs1.org
"DrugStore News Top Women In Health, Wellness & Beauty 2026",2026-11-03,2026-11-04,Chicago Marriott Downtown Magnificent Mile,Chicago,United States,dsntopwomen.com
FinCrime Leaders’ Summit New York 2026,2026-11-03,2026-11-03,@Ease 605,New York,United States,transformfinance.media
IADC Annual General Meeting 2026,2026-11-03,2026-11-04,"The Ritz-Carlton Dallas, Las Colinas",Dallas,United States,iadc.org
ILPA Summit 2026,2026-11-03,2026-11-05,TBA,New York,United States,ilpa.org
ILPA Summit Emerging Manager Showcase 2026,2026-11-03,2026-11-05,TBA,New York,United States,ilpa.org
Internet Identity Workshop Fall 2026,2026-11-03,2026-11-05,Computer History Museum,Mountain View,United States,internetidentityworkshop.com
Lending Council Conference 2026,2026-11-03,2026-11-06,Caesars Palace,Las Vegas,United States,americascreditunions.org
HEDIS & Quality Improvement Summit 2026,2026-11-03,2026-11-05,TBA,Baltimore,United States,hedis.risehealth.org
Plasma Protein Forum 2026,2026-11-03,2026-11-04,The Westin Alexandria Old Town,Alexandria,United States,pptaglobal.org
Market Vision Fall Conference 2026,2026-11-03,2026-11-05,TBA,Orlando,United States,mktvsn.com
NAFCD + NBMDA Annual Convention 2026,2026-11-03,2026-11-05,Hilton Anatole,Dallas,United States,distributorconvention.org
MedTech Innovation Summit San Diego 2026,2026-11-03,2026-11-05,"The US Grant, a Luxury Collection Hotel",San Diego,United States,medtechstrategist.com
RevUP Summit 2026,2026-11-03,2026-11-05,MGM National Harbor,National Harbor,United States,mypar.org
Accountex Canada 2026,2026-11-03,2026-11-04,,Mississauga,Canada,
SommCon San Diego Conference & Beverage Expo 2026,2026-11-03,2026-11-05,Rancho Bernardo Inn,San Diego,United States,sommconusa.com
Texas Mortgage Roundup Fall 2026,2026-11-03,2026-11-03,Crowne Plaza Houston Galleria,Houston,United States,originatorconnectnetwork.com
WSJ Tech Live California 2026,2026-11-03,2026-11-05,Stanly Ranch,Napa Valley,United States,techlive.wsj.com
ABA Agricultural Bankers Conference 2026,2026-11-04,2026-11-06,Hyatt Regency Minneapolis,Minneapolis,United States,aba.com
Insurance Innovators Summit 2026,2026-11-03,2026-11-04,,London,United Kingdom,
Bank & Capital Markets Tax Institute 2026,2026-11-04,2026-11-06,JW Marriott Orlando Bonnet Creek Resort & Spa,Orlando,United States,event.law.com
BuildOps Forge 2026,2026-11-04,2026-11-06,InterContinental San Diego,San Diego,United States,buildopsforge2025.vfairs.com
CIA Worlds of Flavor 2026,2026-11-04,2026-11-06,CIA at Copia,Napa,United States,worldsofflavor.com
Clinical Trial Supply East Coast 2026,2026-11-04,2026-11-05,Sheraton Valley Forge,King of Prussia,United States,arena-international.com
DBIA Design-Build Conference & Expo 2026,2026-11-04,2026-11-06,TBA,Cleveland,United States,dbia.org
Developers Council Meeting November 2026,2026-11-04,2026-11-04,Greater Houston Builders Association,Houston,United States,members.ghba.org
EWF Annual Conference 2026,2026-11-04,2026-11-06,Gaylord Rockies Resort & Convention Center,Denver,United States,conference.ewfglobal.com
FedFis Roundup 2026,2026-11-04,2026-11-06,TBA,Fredericksburg,United States,fedfis.com
FDRA Shoe Sustainability & Innovation Summit 2026,2026-11-04,2026-11-04,Castaway Portland,Portland,United States,shoesustainabilitysummit.com
Georgia Educational Technology Conference 2026,2026-11-04,2026-11-06,Georgia International Convention Center,Atlanta,United States,conference.gaetc.org
IGES Pigeon Forge 2026,2026-11-04,2026-11-07,"LeConte Center, Pigeon Forge",Pigeon Forge,United States,iges.us
IPRA Annual Conference & Expo 2026,2026-11-04,2026-11-06,Grand Wayne Convention Center,Fort Wayne,United States,inpra.org
Fraud Prevention Summit New York 2026,2026-11-04,2026-11-04,Conrad New York,New York,United States,ismg.events
ISBA Annual Convention 2026,2026-11-04,2026-11-06,Boise Centre,Boise,United States,idsba.org
IT Nation Connect Global 2026,2026-11-04,2026-11-06,Rosen Shingle Creek,Orlando,United States,connectwise.cventevents.com
Life Sciences Panorama 2026,2026-11-04,2026-11-04,TBA,Boston,United States,faccne.org
NAW Executive Roundtable Billion Dollar Company 2026,2026-11-04,2026-11-05,Westin O'Hare,Rosemont,United States,naw.org
PLRB Large Loss Conference 2026,2026-11-04,2026-11-04,JW Marriott Nashville,Nashville,United States,members.plrb.org
SAME Federal Small Business Conference 2026,2026-11-04,2026-11-06,Charlotte Convention Center,Charlotte,United States,samesbc.org
Privacy + Security Forum Fall Academy 2026,2026-11-04,2026-11-06,TBA,Washington,United States,privacysecurityacademy.com
Napa Primary Care Conference 2026,2026-11-04,2026-11-08,Napa Marriott Resort & Napa Valley,Napa,United States,napaprimarycare.com
Advanced Engineering UK 2026,2026-11-04,2026-11-05,,Birmingham,United Kingdom,
UCDA Design Conference 2026,2026-11-04,2026-11-07,Kansas City Marriott Country Club Plaza,Kansas City,United States,ucda.com
Digital Marketing for Financial Services New York Summit 2026,2026-11-04,2026-11-05,,New York,United States,
Sustainable Aviation Futures North America 2026,2026-11-04,2026-11-06,Marriott Marquis,Houston,United States,safcongressna.com
World Business Forum New York 2026,2026-11-04,2026-11-05,Javits Center,New York,United States,wbf.wobi.com
FT Future of AI 2026,2026-11-04,2026-11-05,,London,United Kingdom,
Infrastructure Investor America Forum 2026,2026-11-04,2026-11-05,,New York,United States,
PERE Network America Forum 2026,2026-11-04,2026-11-05,,New York,United States,
Fall Chief Pharmacy Officer Summit 2026,2026-11-04,2026-11-06,,Chicago,United States,
Small Business Expo Dallas 2026,2026-11-04,2026-11-04,,Dallas,United States,
SecureWorld Seattle 2026,2026-11-04,2026-11-05,,Seattle,United States,
Technology & Innovation Summit North America 2026,2026-11-04,2026-11-05,,New York City,United States,
Lab Innovations 2026,2026-11-04,2026-11-05,,Birmingham,United Kingdom,
Open Source in Finance Forum New York 2026,2026-11-04,2026-11-05,,New York,United States,
UK Metals Expo 2026,2026-11-04,2026-11-04,,,,
AASLD The Liver Meeting 2026,2026-11-05,2026-11-09,TBA,Denver,United States,aasld.org
American Association of Hip and Knee Surgeons Annual Meeting 2026,2026-11-05,2026-11-08,,Grapevine,United States,meeting.aahks.org
ASRA Pain Medicine Meeting 2026,2026-11-05,2026-11-07,JW Marriott Tampa Water Street,Tampa,United States,asra.com
BBSW 2026,2026-11-05,2026-11-06,TBA,Foster city,United States,bbsw.org
Brands and Culture USA 2026,2026-11-05,2026-11-05,Webster Hall,New York,United States,brandsnculture.com
ChiroCongress Convention 2026,2026-11-05,2026-11-07,Hyatt Regency Louisville,Louisville,United States,chirocongress.org
CMC-South Annual Conference 2026,2026-11-05,2026-11-07,TBA,Palm Springs,United States,cmcmath.org
Colorado State EMS Conference 2026,2026-11-05,2026-11-08,TBA,Keystone,United States,ems.civicaconferences.com
Corporate Governance Awards 2026,2026-11-05,2026-11-05,Cipriani 25 Broadway,New York,United States,events.irmagazine.com
Data Science Salon San Francisco 2026,2026-11-05,2026-11-05,AWS Builder Loft,San Francisco,United States,datascience.salon
Global Aesthetics Conference 2026,2026-11-05,2026-11-08,Loews Miami Beach Hotel,Miami Beach,United States,globalaestheticsconference.com
Governance Intelligence Forum 2026,2026-11-05,2026-11-05,Cooley,New York,United States,events.irmagazine.com
GPSEC Public Sector 2026,2026-11-05,2026-11-05,The Convene Arlington,Arlington,United States,go.guidepointsecurity.com
HDA Research Foundation CEO Roundtable Fundraiser 2026,2026-11-05,2026-11-05,InterContinental the Willard Washington D.C. by IHG,"Washington, D.C.",United States,hda.org
Indiana Chamber Annual Awards Dinner 2026,2026-11-05,2026-11-05,JW Marriott Indianapolis,Indianapolis,United States,indianachamber.com
IEEE LI Power Electronics Symposium 2026,2026-11-05,2026-11-05,Hauppauge Radisson,Hauppauge,United States,ieee.li
Interface Omaha 2026,2026-11-05,2026-11-05,CHI Health Center,Omaha,United States,f2fevents.com
ISMG’s Financial Services Cybersecurity Summit New York 2026,2026-11-05,2026-11-05,TBA,New York,United States,ismg.events
LUGPA Annual Meeting 2026,2026-11-05,2026-11-07,TBA,Chicago,United States,lugpa.org
Lippman Connects Large Show Roundtable 2026,2026-11-05,2026-11-05,TBA,Detroit,United States,lippmanconnects.com
OAOP Converge 2026,2026-11-05,2026-11-07,Renaissance Tulsa Hotel & Convention Center,Tulsa,United States,oklahoma.aoa.org
NEI Fall Congress 2026,2026-11-05,2026-11-08,The Broadmoor,Colorado Springs,United States,neiglobal.com
Pennsylvania Institutional Forum 2026,2026-11-05,2026-11-05,The Ritz-Carlton,Philadelphia,United States,marketsgroup.org
OWASP Global AppSec USA 2026,2026-11-05,2026-11-06,Hyatt Regency San Francisco,San Francisco,United States,owasp.glueup.com
Reframe 2026,2026-11-05,2026-11-07,The Loews Coral Gables Hotel,Coral Gables,United States,reframeaccounting.com
WE Annual Conference 2026,2026-11-05,2026-11-07,Thomas M. Menino Convention and Exhibition Center,Boston,United States,we26.swe.org
WESCCON 2026,2026-11-05,2026-11-08,TBA,Carlsbad,United States,pacificcoastcouncil.org
Seattle Estate Planning Seminar 2026,2026-11-05,2026-11-06,,Seattle,United States,seattleestateplanningseminar.com
Yale Clean Energy Conference 2026,2026-11-05,2026-11-06,TBA,New Haven,United States,ocs.yale.edu
ZERO-IN 2026,2026-11-05,2026-11-06,Omni Nashville,Nashville,United States,churnzero.com
Travvy Awards 2026,2026-11-05,2026-11-05,,Fort Lauderdale,United States,
C-Level Technology Leadership Summit Charlotte 2026,2026-11-05,2026-11-05,,Charlotte,United States,
League of Originals LA Summit 2026,2026-11-06,2026-11-06,TBA,Los Angeles,United States,leagueoforiginals.com
AHA Scientific Sessions 2026,2026-11-06,2026-11-09,McCormick Place Convention Center,Chicago,United States,professional.heart.org
Pittsburgh Pet Expo 2026,2026-11-06,2026-11-08,David L. Lawrence Convention Center,Pittsburgh,United States,pghpetexpo.com
"NAR NXT, The REALTOR Experience 2026",2026-11-06,2026-11-08,TBA,New Orleans,United States,narnxt.realtor
Right Whale Festival 2026,2026-11-07,2026-11-08,Main Beach Park,Fernandina Beach,United States,rightwhalefestival.com
AMIA Annual Symposium 2026,2026-11-07,2026-11-11,TBA,Dallas,United States,amia.org
AMA Symposium for the Marketing of Higher Education 2026,2026-11-08,2026-11-11,Gaylord Rockies Resort & Convention Center,Aurora,United States,ama.org
CISO Executive Leadership Forum 2026,2026-11-08,2026-11-09,Grand Hyatt Vail Resort & Spa,Vail,United States,mind-fluence.com
AIChE Annual Meeting 2026,2026-11-08,2026-11-12,Minneapolis Convention Center,Minneapolis,United States,aiche.org
NALP Elevate 2026,2026-11-08,2026-11-11,Tampa Convention Center,Tampa,United States,landscapeprofessionals.org
NextGen UGM 2026,2026-11-08,2026-11-11,Gaylord Pacific,Chula Vista,United States,nextgenugm25.com
People Development Executive Summit Fall 2026,2026-11-08,2026-11-10,TBA,Nashville,United States,opalgroup.net
Planadviser 360 2026,2026-11-08,2026-11-11,Ritz-Carlton Orlando,Orlando,United States,planadviser.com
TAIS Annual Conference 2026,2026-11-08,2026-11-09,Presbyterian Day School,Memphis,United States,taistn.com
TASM Fall Conference 2026,2026-11-08,2026-11-10,Kalahari Resort,Round Rock,United States,tasmonline.net
MWC Doha 2026,2026-11-08,2026-11-11,,Doha,Qatar,
Ace Convention 2026,2026-11-09,2026-11-12,Holiday Inn Austin Midtown,Austin,United States,austinconventionforentertainers.com
ALTSTX 2026,2026-11-09,2026-11-10,The Ritz-Carlton,Dallas,United States,marketsgroup.org
American Association of Private Lenders Annual Conference 2026,2026-11-09,2026-11-10,Caesars Palace Conference Center,Las Vegas,United States,aaplonline.com
Ariat Dirt World Summit 2026,2026-11-09,2026-11-11,TBA,Phoenix,United States,events.dirtworld.com
Banking Transformation Summit US 2026,2026-11-09,2026-11-10,Charlotte Convention Center,Charlotte,United States,na.bankingtransformationsummit.com
CEBA Conference & Expo 2026,2026-11-09,2026-11-11,Hyatt Regency Lost Pines Resort,Lost Pines,United States,theceba.org
General Counsel Conference East 2026,2026-11-09,2026-11-10,New York Hilton Midtown,New York,United States,event.law.com
Grassroots Connect Fall 2026,2026-11-09,2026-11-12,TBA,Kansas City,United States,connect.grassrootsoutdoors.com
HDAA Conference 2026,2026-11-09,2026-11-12,Hilton Anatole,Dallas,United States,cvent.com
Insights for Building Supply and Retail 2026,2026-11-09,2026-11-11,The Gaylord Texan,Grapevine,United States,epicor.com
Mid-Atlantic Capital Conference 2026,2026-11-09,2026-11-10,Philadelphia Convention Center,Philadelphia,United States,philadelphiapact.com
National Premium Tax Conference 2026,2026-11-09,2026-11-13,Eldorado Hotel Casino,Reno,United States,nptcreno.com
Pass Summit West 2026,2026-11-09,2026-11-11,Hyatt Regency Seattle,Seattle,United States,passdatacommunitysummit.com
Ragan’s Communications Week 2026,2026-11-09,2026-11-13,,Austin,United States,commsweek.com
Restaurant Finance & Development Conference 2026,2026-11-09,2026-11-11,Wynn Las Vegas,Las Vegas,United States,restfinance.com
RCGNZ Summit 2026,2026-11-09,2026-11-11,Montage Deer Valley,Park City,United States,rcgnz.com
Forrester Security & Risk Forum 2026,2026-11-09,2026-11-10,,Washington,United States,
Service World Expo 2026,2026-11-09,2026-11-12,Caesars Forum,Las Vegas,United States,serviceworldexpo.com
Glossy Beauty x Wellness Summit 2026,2026-11-09,2026-11-11,,Westlake Village,United States,
Trimble Dimensions 2026,2026-11-09,2026-11-11,The Venetian Resort,Las Vegas,United States,trimble.com
TechServe Alliance Executive Summit 2026,2026-11-09,2026-11-11,Hyatt Regency Huntington Beach Resort And Spa,Huntington Beach,United States,techservealliance.org
LeadDev Berlin 2026,2026-11-09,2026-11-10,,Berlin,Germany,
Web Summit Lisbon 2026,2026-11-09,2026-11-12,,Lisbon,Portugal,
KubeCon + CloudNativeCon North America 2026,2026-11-09,2026-11-12,,Salt Lake City,United States,
AEM Annual Conference 2026,2026-11-10,2026-11-12,JW Marriott Tucson Starr Pass Resort & Spa,Tucson,United States,aem.org
AMP Annual Meeting & Expo 2026,2026-11-10,2026-11-14,Seattle Convention Center,Seattle,United States,amp26.amp.org
API Cybersecurity Conference for the Oil and Natural Gas Industry 2026,2026-11-10,2026-11-11,The Woodlands Waterway Marriott Hotel & Convention Center,The Woodlands,United States,events.api.org
Clinical Pathways Congress + Cancer Care Business Exchange 2026,2026-11-10,2026-11-11,Four Seasons Boston,Boston,United States,hmpglobalevents.com
Conecon 2026,2026-11-10,2026-11-12,Palm Springs Convention Center,Palm Springs,United States,icecreamassociation.org
IBA Community Bankers for Compliance Schools 2026,2026-11-10,2026-11-10,,Indianapolis,United States,indiana.bank
LA Infrastructure Forum 2026,2026-11-10,2026-11-10,Westin Bonaventure,Los Angeles,United States,enr.com
IHAF Conference & Awards 2026,2026-11-10,2026-11-11,Sheraton Boston Hotel,Boston,United States,ihaforum.org
NextGen Payments & RegTech Forum USA 2026,2026-11-10,2026-11-10,W Austin,Austin,United States,qubevents.com
NJBIZ Womens Leadership Summit 2026,2026-11-10,2026-11-10,The Marigold,Somerset,United States,njbiz.com
PLUS Conference 2026,2026-11-10,2026-11-12,TBA,San Diego,United States,plusweb.org
SIGMA Annual Conference 2026,2026-11-10,2026-11-12,The Diplomat,Hollywood,United States,sigma.org
Sitecore Symposium 2026,2026-11-10,2026-11-12,TBA,Orlando,United States,symposium.sitecore.com
Space Economy Summit 2026,2026-11-10,2026-11-11,Addition Financial Arena,Orlando,United States,events.economist.com
Tampa Bay Expo & Tech Forum 2026,2026-11-10,2026-11-10,St. Petersburg Marriott Clearwater,St. Petersburg,United States,smta.org
Adobe Max 2026,2026-11-10,2026-11-12,,Miami Beach,United States,
Utah Business Forward 2026,2026-11-10,2026-11-10,Salt Lake Marriott Downtown at City Creek,Salt Lake City,United States,utahbusiness.com
The Big Handshake Loyalty Chicago 2026,2026-11-10,2026-11-10,Omni Hotel,Chicago,United States,tbhchicago.com
Automechanika Dubai 2026,2026-11-10,2026-11-12,,Dubai,United Arab Emirates,
Global Pharma And Biotech Summit 2026,2026-11-10,2026-11-11,,London,United Kingdom,
Baker Tilly Executive Health Care Conference 2026,2026-11-11,2026-11-13,Red Rock Casino Resort & Spa,Las Vegas,United States,bakertilly.com
The MarTech Summit London 2026,2026-11-10,2026-11-10,,,,
Chief Privacy Officer Forum 2026,2026-11-11,2026-11-13,The Biltmore Miami,Coral Gables,United States,consero.com
CHIME Fall Forum 2026,2026-11-11,2026-11-14,Gaylord Rockies Resort,Denver,United States,chimecentral.org
Energy Supply Chain & Procurement Summit 2026,2026-11-11,2026-11-12,TBA,Houston,United States,supplychain-energy.energyconferencenetwork.com
Exponent Philanthropy Annual Conference 2026,2026-11-11,2026-11-13,Hilton Portland Downtown,Portland,United States,community.exponentphilanthropy.org
HECC Conference 2026,2026-11-11,2026-11-13,Crowne Plaza Hotel,Indianapolis,United States,hecc.k12.in.us
IETC 2026,2026-11-11,2026-11-13,Bank of Springfield Center,Springfield,United States,ltcillinois.org
Milken Institute Future of Health Summit 2026,2026-11-11,2026-11-13,Salamander Washington Dc,"Washington, D.C.",United States,milkeninstitute.org
OAJ Winter Convention 2026,2026-11-11,2026-11-13,Hilton Cleveland Downtown,Cleveland,United States,oajustice.org
POI Fall Summit 2026,2026-11-11,2026-11-13,,Dallas,United States,poinstitute.com
MoneyLive Payments Europe 2026,2026-11-11,2026-11-12,,Amsterdam,Netherlands,
Micromobility America 2026,2026-11-11,2026-11-12,Palace of Fine Arts,San Francisco,United States,micromobility.io
Product-Led Summit Toronto 2026,2026-11-11,2026-11-12,,Toronto,Canada,
Polymer Testing World Expo North America 2026,2026-11-11,2026-11-12,TBA,Cleveland,United States,events.amiplastics.com
Ragan’s Future of Communications Conference 2026,2026-11-11,2026-11-13,Hyatt Regency Austin,Austin,United States,ragan.com
Skift Aviation Forum 2026,2026-11-11,2026-11-12,,New York City,United States,
Sparkle of Hope Gala 2026,2026-11-11,2026-11-11,Legacy Castle,Pompton Plains,United States,communityhope-nj.org
ACAAI Annual Scientific Meeting 2026,2026-11-12,2026-11-16,TBA,Phoenix,United States,annualmeeting.acaai.org
Beyond Activ Americas 2026,2026-11-12,2026-11-13,Hilton Anatole,Dallas,United States,beyondactiv.com
FCOM 2026,2026-11-12,2026-11-15,Disney’s Grand Floridian,Orlando,United States,fcomnow.com
Minnesota’s Tekne Awards 2026,2026-11-12,2026-11-12,U.S. Bank Stadium,Minneapolis,United States,mntech.org
NAPABA Convention 2026,2026-11-12,2026-11-15,JW Marriott La Live,Los Angeles,United States,napaba.org
NASCUS Legal Symposium 2026,2026-11-12,2026-11-13,TBA,New Orleans,United States,web.cvent.com
Generative AI Summit Toronto 2026,2026-11-12,2026-11-12,,Toronto,Canada,
NewYorkCISO ORBIE Awards 2026,2026-11-12,2026-11-12,,New York,United States,
Space Coast Expo & Tech Forum 2026,2026-11-12,2026-11-12,Melbourne Auditorium,Melbourne,United States,smta.org
SpiceWorld 2026,2026-11-12,2026-11-13,AT&T Executive Education and Conference Center,Austin,United States,spiceworks.com
TCI Expo 2026,2026-11-12,2026-11-14,Broward County Convention Center,Fort Lauderdale,United States,expo.tcia.org
Product Marketing Summit Toronto 2026,2026-11-12,2026-11-13,,Toronto,Canada,
Siouxland IT Symposium 2026,2026-11-12,2026-11-12,Sioux Falls Convention Center,Sioux Falls,United States,siouxlanditsymposium.com
NewYorkCIO ORBIE Awards 2026,2026-11-13,2026-11-13,,New York,United States,
Arizona Optometric Association Fall Congress 2026,2026-11-13,2026-11-15,Hilton Sedona Resort & Spa,Sedona,United States,aoa.org
Franchise Expo West 2026,2026-11-13,2026-11-13,,,,
AASCU Annual Conference for Presidents and Chancellors 2026,2026-11-13,2026-11-16,Hyatt Regency Savannah,Savannah,United States,aascu.org
APTA Pediatrics Annual Conference 2026,2026-11-13,2026-11-15,St. Louis Union Station Hotel,St. Louis,United States,pediatricapta.org
World Strategic Forum 2026,2026-11-13,2026-11-14,The Loews Coral Gables Hotel,Coral Gables,United States,worldstrategicforum.com
Neuroscience 2026,2026-11-14,2026-11-18,Walter E. Washington Convention Center,"Washington, D.C.",United States,sfn.org
California Bridal & Wedding Expo Sacramento Fall 2026,2026-11-15,2026-11-15,TBA,Sacramento,United States,acsshows.com
Snowbound Expo 2026,2026-11-14,2026-11-15,Mohegan Sun,Uncasville,United States,snowboundexpo.com
Providence Fall Home Show 2026,2026-11-14,2026-11-15,RI Convention Center,Providence,United States,jenksproductions.com
CRA & Fair Lending Colloquium 2026,2026-11-15,2026-11-18,Washington Hilton,Washington D.C.,United States,cracolloquium.com
Cyber Marketing Con 2026,2026-11-15,2026-11-19,,Austin,United States,cybermarketingconference.com
IREM Leadership Forum 2026,2026-11-15,2026-11-18,Sheraton Grand Chicago Riverwalk,Chicago,United States,irem.org
Lone Star State School Counselor Association Conference 2026,2026-11-15,2026-11-17,Embassy Suites,Dallas,United States,ncyionline.org
Modern Retailing Conference 2026,2026-11-15,2026-11-17,Eau Palm Beach Resort,Palm Beach,United States,modernretailingconference.com
PLMA Annual Private Label Trade Show 2026,2026-11-15,2026-11-17,Donald E. Stephens Convention Center,Chicago,United States,plma.com
Kinections 2026,2026-11-15,2026-11-17,The Omni Nashville,Nashville,United States,kinective.io
Property Insurance Report National Conference 2026,2026-11-15,2026-11-17,Ritz-Carlton Laguna Niguel,Dana Point,United States,riskinformation.com
ProSight Internal Audit Conference 2026,2026-11-15,2026-11-18,Omni Fort Lauderdale Hotel,Fort Lauderdale,United States,prosightfa.org
NASP Annual Conference 2026,2026-11-15,2026-11-18,JW Marriott Austin,Austin,United States,subrogation.org
SC Super Computing 2026,2026-11-15,2026-11-20,McCormick Place,Chicago,United States,sc26.supercomputing.org
STAFDA Convention 2026,2026-11-15,2026-11-17,Anaheim Convention Center,Anaheim,United States,stafda.org
BLUEPRINT for I&D 2026,2026-11-15,2026-11-18,,Nashville,United States,
Brand Insider Summit QSR Fall 2026,2026-11-15,2026-11-18,,Santa Barbara,United States,
Travel Exchange 2026,2026-11-15,2026-11-18,TBA,Tulsa,United States,ntatravelexchange.com
Visual Studio Live Orlando 2026,2026-11-15,2026-11-20,Royal Pacific Resort at Universal Orlando,Orlando,United States,live360events.com
Horeca Expo Ghent 2026,2026-11-15,2026-11-18,,Ghent,Belgium,
Water Quality Technology Conference 2026,2026-11-15,2026-11-19,Renasant Convention Center,Memphis,United States,awwa.org
AEMP EquipmentSHIFT Conference 2026,2026-11-16,2026-11-18,The Sheraton New Orleans,New Orleans,United States,aemp.org
IAAPA Expo 2026,2026-11-16,2026-11-20,Orange County Convention Center,Orlando,United States,iaapa.org
IAEE Expo! Expo! 2026,2026-11-16,2026-11-18,Baird Center,Milwaukee,United States,myexpoexpo.com
Ingram Micro ONE 2026,2026-11-16,2026-11-19,Gaylord Rockies Resort & Convention Center,Aurora,United States,ingrammicro.com
Hygienix 2026,2026-11-16,2026-11-19,Hyatt Regency Houston,Houston,United States,hygienix.org
KMWorld 2026,2026-11-16,2026-11-19,JW Marriott Washington,"Washington, D.C.",United States,kmworld.com
MLOps World Conference & Expo 2026,2026-11-16,2026-11-18,,Austin,United States,mlopsworld.com
ISS World North America 2026,2026-11-16,2026-11-18,Sheraton Pentagon City Hotel,Arlington,United States,issworldtraining.com
NC TECH Awards 2026,2026-11-16,2026-11-16,Sheraton Imperial Hotel Raleigh-Durham Airport,Durham,United States,nctech.org
NCACPA Annual Symposium 2026,2026-11-16,2026-11-18,"Grandover Resort & Spa, A Wyndham Grand Hotel",Greensboro,United States,ncacpa.org
OLC Accelerate 2026,2026-11-16,2026-11-19,Walt Disney World Swan and Dolphin Resort,Orlando,United States,onlinelearningconsortium.org
QCon San Francisco 2026,2026-11-16,2026-11-18,Hyatt Regency San Francisco,San Francisco,United States,qconsf.com
Rockwell Automation Fair 2026,2026-11-16,2026-11-19,Thomas M. Menino Convention & Exhibition Center,Boston,United States,rockwellautomation.com
Security 500 Conference 2026,2026-11-16,2026-11-16,The Westin Washington D.C. City Center,"Washington, D.C.",United States,securitymagazine.com
Tanium Converge 2026,2026-11-16,2026-11-19,Aria Resort & Casino,Las Vegas,United States,converge.tanium.com
Strategic Growth Forum 2026,2026-11-16,2026-11-19,TBA,Palm Springs,United States,ey.com
SMPTE Media Technology Summit 2026,2026-11-16,2026-11-19,Pasadena Convention Center,Pasadena,United States,summit.smpte.org
Transmission & Distribution Conference 2026,2026-11-16,2026-11-20,Hyatt Regency Denver,Denver,United States,site.pheedloop.com
Used Car Week 2026,2026-11-16,2026-11-19,Manchester Grand Hyatt San Diego,San Diego,United States,usedcarweek.biz
Field Service Management Summit Europe 2026,2026-11-16,2026-11-17,,Berlin,Germany,
VentureTech 2026,2026-11-16,2026-11-18,Omni Fort Worth,Fort Worth,United States,myventuretech.com
AASHTO Annual Meeting 2026,2026-11-17,2026-11-20,TBA,Louisville,United States,transportation.org
Athletic Business Show 2026,2026-11-17,2026-11-20,Orange County Convention Center,Orlando,United States,abshow.com
CITE Annual Conference 2026,2026-11-17,2026-11-19,Anaheim Convention Center,Anaheim,United States,events.cite.org
SHRM Linkage Institute 2026,2026-11-16,2026-11-18,,Nashville,United States,
CPI Global B2B Payments Summit 2026,2026-11-17,2026-11-18,Convene New York,New York,United States,commercialpaymentsinternational.com
Cross Tech World 2026,2026-11-17,2026-11-18,Eden Roc Miami Beach,Miami,United States,crosstechpayments.com
FCSC+SCS 2026,2026-11-17,2026-11-19,Caribe Royale Orlando,Orlando,United States,charterandchoice.com
Finance Alliance CFO Summit Chicago 2026,2026-11-17,2026-11-17,Embassy Suites Magnificent Mile,Chicago,United States,events.financealliance.io
FedTalks 2026,2026-11-17,2026-11-17,TBA,"Washington, D.C.",United States,fedtalks.upgather.com
Lab Asset & Facility Management Summit 2026,2026-11-17,2026-11-18,TBA,Boston,United States,lab-asset-in-pharma.com
Legal Innovators New York 2026,2026-11-17,2026-11-18,Quorum by Convene,New York,United States,legalinnovatorsnewyork.com
Director Leadership Conference 2026,2026-11-17,2026-11-19,Omni Fort Lauderdale Hotel,Fort Lauderdale,United States,fccsconsulting.com
Louisiana IT Symposium 2026,2026-11-17,2026-11-17,Higgins Hotel and Conference Center,New Orleans,United States,louisianaitsymposium.com
MBA FDIC Directors College 2026,2026-11-17,2026-11-17,Augusta Civic Center,Augusta,United States,mainebankers.com
NJ League of Municipalities 2026,2026-11-17,2026-11-19,Atlantic City Convention Center,Atlantic City,United States,conference.njlm.org
Plug and Play Silicon Valley Summit Fall 2026,2026-11-17,2026-11-19,Plug and Play Tech Center,Sunnyvale,United States,plugandplaytechcenter.com
TCB AI Leadership Summit 2026,2026-11-17,2026-11-18,New York Marriott Marquis,New York,United States,conference-board.org
TCH Annual Conference 2026,2026-11-17,2026-11-18,Convene Brookfield Place,New York,United States,theclearinghouseannualconference.com
The Cooperator Expo New York Fall 2026,2026-11-17,2026-11-17,Javits Center,New York,United States,coopexpofall.com
VEITHsymposium 2026,2026-11-17,2026-11-21,New York Hilton Midtown,New York,United States,veithsymposium.org
Wedding MBA 2026,2026-11-17,2026-11-19,Las Vegas Convention Center,Las Vegas,United States,weddingmba.com
Women in Insurance Tech Conference 2026,2026-11-17,2026-11-18,DoubleTree Suites by Hilton Hotel Boston - Cambridge,Boston,United States,events.altaworld.tech
Women in Supply Chain Forum 2026,2026-11-17,2026-11-18,Charleston Marriott,Charleston,United States,womeninsupplychainforum.com
Connect CFO Autumn Summit UK 2026,2026-11-17,2026-11-18,,London,United Kingdom,
Microsoft Ignite 2026,2026-11-17,2026-11-20,,San Francisco,United States,
Formnext 2026,2026-11-17,2026-11-20,,Frankfurt,Germany,
Responsible Investment Forum Europe 2026,2026-11-17,2026-11-18,,London,United Kingdom,
C-Level Technology Leadership Summit Austin 2026,2026-11-17,2026-11-17,,Austin,United States,
The Phocuswright Conference 2026,2026-11-17,2026-11-19,,Fort Lauderdale,United States,
Workday Rising EMEA 2026,2026-11-17,2026-11-19,,Barcelona,Spain,
Connect HR Autumn Summit UK 2026,2026-11-17,2026-11-18,,London,United Kingdom,
AI in Healthcare & Pharma Summit 2026,2026-11-18,2026-11-19,The Colonnade Hotel,Boston,United States,boston-ai-healthcare.re-work.co
American Data Centers & AI Conference and Exhibition 2026,2026-11-18,2026-11-19,DoubleTree by Hilton Hotel Houston - Greenway Plaza,Houston,United States,dcaiexpo.com
Commercial Real Estate and Development Conference 2026,2026-11-18,2026-11-18,Brookfield Conference Center,Brookfield,United States,biztimes.com
CxO Institute Central US 2026,2026-11-18,2026-11-18,TBA,Chicago,United States,cxo-institute.com
Dealbook Summit 2026,2026-11-18,2026-11-18,TBA,New York City,United States,nytimes.com
Expo4Seniors Wilmington 2026,2026-11-18,2026-11-18,Nir Family YMCA,Wilmington,United States,expo4seniors.com
FinRegLab AI Symposium 2026,2026-11-18,2026-11-18,TBA,"Washington, D.C.",United States,aisymposium.finreglab.org
Gen AI Symposium Generative and Beyond 2026,2026-11-18,2026-11-18,Sheraton Grand Chicago,Chicago,United States,go.celent.com
Forbes CIO Summit 2026,2026-11-18,2026-11-18,,New York,United States,forbes.com
Gramercy Financial Marketers’ Forum Chicago 2026,2026-11-18,2026-11-18,TBA,Chicago,United States,gramercyinstitute.com
HR FORUM – People & Culture 2026,2026-11-18,2026-11-19,TBA,Milan,United States,comunicazioneitaliana.it
IACPM Annual Fall Conference 2026,2026-11-18,2026-11-20,"Fairmont Washington, D.C. Georgetown","Washington, D.C.",United States,iacpm.org
Institutional Fall Retreat 2026,2026-11-18,2026-11-20,The Ritz-Carlton,Amelia Island,United States,marketsgroup.org
MBA Accounting and Financial Management Conference 2026,2026-11-18,2026-11-20,The Westin Charlotte,Charlotte,United States,mba.org
Maryland Travel & Tourism Summit 2026,2026-11-18,2026-11-20,The Baltimore Convention Center,Baltimore,United States,mdtourism.org
MRCA Conference & Expo 2026,2026-11-18,2026-11-19,The Westin Cape Coral Resort at Marina Village,Cape Coral,United States,mrca.org
North American Blockchain Summit 2026,2026-11-18,2026-11-19,TBD,Arlington,United States,northamericanblockchainsummit.com
NYSADA Convention and Business Meeting 2026,2026-11-18,2026-11-22,JW Marriott Marco Island,Marco Island,United States,nysada.com
OJBA Expo New York 2026,2026-11-18,2026-11-18,Meadowlands Exposition Center,Secaucus,United States,ojbanewyork.com
Personalized Medicine Conference 2026,2026-11-18,2026-11-19,Hyatt Regency Boston,Boston,United States,personalizedmedicineconference.org
PaintCon 2026,2026-11-18,2026-11-22,Downtown Event Center,FORT LAUDERDALE,United States,paintcon.ca
SBJ Dealmakers 2026,2026-11-18,2026-11-18,TBA,New York,United States,sportsbusinessjournal.com
SIFMA’s Market Structure Conference 2026,2026-11-18,2026-11-19,New York Law School,New York,United States,events.sifma.org
SIM Chicago CIO of the Year Awards Gala Dinner 2026,2026-11-18,2026-11-18,Union League Club of Chicago,Chicago,United States,sim-chicago.org
Accountex Spain 2026,2026-11-18,2026-11-19,,,TBA,
Brand Insider Summit CPG Fall 2026,2026-11-18,2026-11-21,,Santa Barbara,United States,
SVIN Annual Meeting 2026,2026-11-18,2026-11-19,Resorts World Las Vegas,Las Vegas,United States,svin.org
Taste of IT Conference 2026,2026-11-18,2026-11-18,TBA,Dayton,United States,technologyfirst.org
VA1 Governor’s Tourism Summit 2026,2026-11-18,2026-11-20,Kalahari Resorts & Conventions,Spotsylvania,United States,va1tourismsummit.org
CISO New Zealand 2026,2026-11-18,2026-11-19,,,TBA,
Product Marketing Summit Chicago 2026,2026-11-18,2026-11-18,,Chicago,United States,
Sales Enablement Summit Chicago 2026,2026-11-18,2026-11-19,,Chicago,United States,
Small Business Expo Phoenix 2026,2026-11-18,2026-11-18,,,,
Chief Revenue Officer Summit Chicago 2026,2026-11-18,2026-11-18,,Chicago,United States,
Advertising Hall of Achievement 2026,2026-11-19,2026-11-19,Pier Sixty,New York,United States,aaf.org
AMATYC Annual Conference 2026,2026-11-19,2026-11-22,TBA,Philadelphia,United States,amatyc.org
American Speech Language Hearing Association Convention 2026,2026-11-19,2026-11-21,,Indianapolis,United States,convention.asha.org
American Towman Exposition 2026,2026-11-19,2026-11-21,The Baltimore Convention Center,Baltimore,United States,atexposition.com
CASBO CBO Symposium 2026,2026-11-19,2026-11-20,The Langham,Pasadena,United States,casbo.org
COA Symposium and Bravo Business Awards 2026,2026-11-19,2026-11-19,TBA,Miami,United States,as-coa.org
DBJ Most Admired CEO Awards Dinner 2026,2026-11-19,2026-11-19,Four Seasons Hotel Denver,Denver,United States,bizjournals.com
Formula 1 Las Vegas Grand Prix 2026,2026-11-19,2026-11-21,,Las Vegas,United States,f1lasvegasgp.com
Fintech Nerdcon San Diego 2026,2026-11-19,2026-11-20,San Diego Convention Center,San Diego,United States,fintechnerdcon.com
GeorgiaCIO ORBIE Awards 2026,2026-11-19,2026-11-19,Hotel at Avalon,Alpharetta,United States,georgiacio.org
"Growth, Resilience, Inspiration & Tenacity 2026",2026-11-19,2026-11-21,The Broadmoor,Colorado Springs,United States,ce.mayo.edu
Gwinnett Chamber Small Business Awards 2026,2026-11-19,2026-11-19,John C. Maxwell Leadership Center,Duluth,United States,gwinnettchamber.org
HBJ C-Suite and Lifetime Achievement Awards 2026,2026-11-19,2026-11-19,Farmington Gardens,Farmington,United States,hartfordbusiness.com
IT Security USA 2026,2026-11-19,2026-11-19,TBA,San Francisco,United States,itsecurityus.com
Machaon Florida Technology Summit 2026,2026-11-19,2026-11-19,Hilton St. Petersburg Carillon Park,St. Petersburg,United States,machaon.us
MIT Sloan CFO Summit 2026,2026-11-19,2026-11-19,Boston Marriott Newton,Newton,United States,mitcfo.com
NCTE Annual Convention 2026,2026-11-19,2026-11-22,TBA,Philadelphia,United States,convention.ncte.org
Pharma Partnering US Summit Fall 2026,2026-11-19,2026-11-20,Hilton Boston Logan Airport,Boston,United States,pharma-partnering-summit.com
RailTrends 2026,2026-11-19,2026-11-20,New York Marriott Downtown,New York,United States,railtrends.com
SIA Awards Dinner 2026,2026-11-19,2026-11-19,Signia By Hilton San Jose,San Jose,United States,semiconductors.org
RegTech Summit New York 2026,2026-11-19,2026-11-19,@Ease,New York City,United States,a-teaminsight.com
Smart Business Dealmakers Conference Houston 2026,2026-11-19,2026-11-19,Houston Country Club,Houston,United States,smartbusinessdealmakers.com
Marketing Automative @ LA Auto Show 2026,2026-11-19,2026-11-19,,Los Angeles,United States,
Texas General Counsel Forum Annual Conference 2026,2026-11-19,2026-11-20,Fairmont Austin Hotel,Austin,United States,tgcf.org
Pacific Marine Expo 2026,2026-11-19,2026-11-21,,Seattle,United States,
Product-Led Summit Chicago 2026,2026-11-19,2026-11-20,,Chicago,United States,
GeorgiaCISO ORBIE Awards 2026,2026-11-20,2026-11-20,,Atlanta,United States,
C-Level Technology Leadership Summit Houston 2026,2026-11-19,2026-11-19,,Houston,United States,
Rethink! HR Tech Europe 2026,2026-11-22,2026-11-24,,Berlin,Germany,
Connect CFO Leadership Summit Autumn UK Online 2026,2026-11-23,2026-11-23,,,,
Pharma TRACKTS! 2026,2026-11-23,2026-11-24,,Frankfurt am Main,Germany,
Future of Asset Management Europe 2026,2026-11-24,2026-11-25,,London,United Kingdom,
Maker Faire Rochester 2026,2026-11-21,2026-11-21,RIT Gordon Field House,Rochester,United States,rochester.makerfaire.com
NYSCATE Annual Conference 2026,2026-11-22,2026-11-24,TBA,Verona,United States,nyscate.org
Industrie & Maintainance Namur 2026,2026-11-24,2026-11-24,,Namur,Belgium,
Worksafe Namur 2026,2026-11-26,2026-11-26,,,,
SAMS USA 2026,2026-12-02,2026-12-02,,Chicago,United States,
Smart Production Solutions Nuremberg 2026,2026-11-24,2026-11-26,,Nuremberg,Germany,
AFSA Annual Meeting 2026,2026-11-25,2026-11-28,The Breakers,Palm Beach,United States,afsaonline.org
Greater New York Dental Meeting 2026,2026-11-27,2026-12-01,Javits Center,New York,United States,gnydm.com
MRS Fall Meeting & Exhibit 2026,2026-11-29,2026-12-04,Hynes Convention Center,Boston,United States,mrs.org
CCBSA Annual Conference 2026,2026-11-30,2026-12-04,Gaylord Pacific Resort and Convention Center,Chula Vista,United States,ccbsa.info
Counter UAS Technology USA Conference 2026,2026-11-30,2026-12-02,Washington Marriott at Metro Center,"Washington, DC",United States,smgconferences.com
AWS Re:Invent 2026,2026-12-04,2026-12-04,,Las Vegas,United States,
I/ITSEC 2026,2026-11-30,2026-12-03,TBA,Orlando,United States,iitsec.org
Health-ISAC Fall Americas Summit 2026,2026-11-30,2026-12-04,TBA,Tucson,United States,health-isac.org
North American Gas Forum 2026,2026-11-30,2026-12-02,TBA,"Washington, D.C.",United States,energy-dialogues.com
Car.HMI USA 2026,2026-12-03,2026-12-03,,Detroit,United States,
UPCEA MEMS! 2026,2026-11-30,2026-12-02,Disney's Coronado Springs Resort,Orlando,United States,upcea.edu
InCabin.Sensing USA 2026,2026-12-02,2026-12-02,,Detroit,United States,
Continuous Delivery & Automation 2026,2026-12-01,2026-12-01,,Berlin,Germany,
Tech.AD USA 2026,2026-12-03,2026-12-03,,Detroit,United States,
