company_name,domain,sector
3DM Lifestyle,3dmlifestyle.com,Fashion
64Facets,64facets.com,Fashion
A Big Indian Story,abigindianstory.com,Fashion
A Local Tribe,alocaltribe.com,Fashion
A2 Cricket,a2cricket.com,Fashion
Aadar,aldrichsadorabledo.wixsite.com,Fashion
Aaheli,aaheli.com,Fashion
Aastey,aastey.com,Athleisure Wear Company
Aavaranudaipur,aavaranudaipur.com,Fashion
Ab Normal,ab-normal.store,Fashion
Abdesigns Jewellery,abdesignjewellery.com,Fashion
Abhishek Sharma Studio,,Fashion
Abkasa,abkasa.com,Fashion
Accessorize London,accessorizelondon.in,Fashion
Adah by Leesha,adahbyleesha.com,Fashion
Adiv Pure Nature,adivpurenature.com,Fashion
Adornachennai,adornachennai.com,Fashion
Adrisya,adrisya.in,Fashion
Adro,adro.in,Fashion
Aeshaane,aeshaane.com,Fashion
Aesthetic Nation,aestheticnation.co.in,Fashion
Aferando,aferando.com,Fashion
AfterDark,afterdark.co.in,Fashion
Airavatatextiles,airavatatextiles.com,Fashion
Aishrthestore,aishrthestore.com,Fashion
Akarshan,akarshan.co.nz,Fashion
Akrithi,akrithi.com,Fashion
Alamode By Akanksha,alamodelabel.in,Fashion
Albert Tusk,alberttusk.com,Fashion
Alberto Torresi,albertotorresi.com,Fashion
ALCIS Sports,alcissports.com,Fashion
Aliciasouza,aliciasouza.com,Fashion
Alika,alika.in,Fashion
Aliyana,aliyana.in,Fashion
Allureartworx,allureartworx.com,Fashion
Alter Ego India,alteregoindia.com,Fashion
Amaltaas,amaltaas.com,Fashion
Amama,,Fashion
Amantelingerie,amantelingerie.in,Fashion
Amazfit,in.amazfit.com,Fashion
Amjewelrystudio,amjewelrystudio.com,Fashion
Amogue,amogue.com,Fashion
Amolikabyanika,amolikabyanika.com,Fashion
Ampm,ampm.in,Fashion
Amydus,amydus.com,Fashion
Anahitaonline,anahitaonline.com,Fashion
Andme,andme.in,Fashion
Angelandrocket,angelandrocket.in,Fashion
Angi,angi.in,Fashion
Angrakhaa,angrakhaa.com,Fashion
Anokherang,anokherang.com,Fashion
Anordain,anordain.com,Fashion
Anthrilo,anthrilo.com,Fashion
Anveshana Clothing,,Fashion
Anvis Inc,anvisinc.com,Fashion
Apella,apella.in,Fashion
Appu Series,appu-series.myshopify.com,Fashion
Aprudhabags,aprudha.com,Fashion
Aqfit,aqfit.in,Fashion
ARCADIO LIFESTYLE,arcadiolifestyle.com,Fashion
Arcticfox,arcticfox.com,Fashion
ARCVSH by Pallavi Singh,arcvshbypallavisingh.com,Fashion
Aristobrat,aristobrat.in,Fashion
Arjun Kilachand,arjunkilachand.com,Fashion
ARMAAN MALIK,armaanmalik.com,Fashion
Armourheavy,,Fashion
Aroka,aroka.in,Fashion
Artbygayatri,artbygayatri.com,Fashion
Arte Alter,arte-alter.in,Fashion
Arteastri,arteastri.com,Fashion
Artimen,artimen.com,Fashion
Artjunacollection,artjunacollection.com,Fashion
Artkarat,artkarat.com,Fashion
Artoftimeindia,,Fashion
Aseem Sarees,aseemshakti.com,Ready to wear Saree Brand
Ashtag,ashtag.in,Fashion
Ashwiniart,ashwiniart.com,Fashion
Asmishop,asmishop.in,Fashion
Asmitamarwa,asmitamarwa.in,Fashion
Aspirationtraders,,Fashion
Asrumo,asrumo.com,Fashion
Atelier Mon,ateliermon.com,Fashion
Atelier Shikaarbagh,ateliershikaarbagh.com,Fashion
Athflex,athflex.com,Fashion
Athiradesigns,athiradesigns.com,Fashion
Atticsalt,atticsalt.in,Fashion
Attrangi,attrangi.in,Fashion
Atulya Jewellers,atulyajewellers.in,Fashion
Aujjessa,aujjessa.com,Fashion
Aulive,aulive.in,Fashion
Aura Benaras,aurabenaras.com,Fashion
Aurimblair,aurimblair.com,Fashion
Auruhfy,,Fashion
Aurusjewels,aurusjewels.in,Fashion
Autumnlane,autumnlane.in,Fashion
Avalipt,avalipt.com,Fashion
Avani Earthcraft,avani-earthcraft.com,Fashion
Avishya,avishya.com,Fashion
Avni,avni.co,Fashion
Avyaktaa,avyaktaa.com,Fashion
Awigna,awigna.com,Fashion
Awwalboutique,awwalboutique.com,Fashion
Ayasgold,,Fashion
Azah,azah.in,Fashion
Azga,,Fashion
Azurina,azurina.in,Fashion
Baccabucci,baccabucci.com,Fashion
Baesicworld,baesicworld.com,Fashion
Baisacrafts,baisacrafts.com,Fashion
Bamboologytrends,bamboologytrends.com,Fashion
Banarasi Shagun,banarasishagun.com,Fashion
Bandhan Emporio,bandhanemporio.com,Fashion
Bandidospitstop,bandidospitstop.com,Fashion
Bangalore Watch Company,bangalorewatchco.in,Fashion
Banish Shoes,banishshoes.com,Fashion
Banjaraindia,banjaraindia.com,Fashion
Bansri Mehta Design,bansridesigns.com,Fashion
Bareblow,bareblow.com,Fashion
Basantikekapde,basantikekapde.com,Fashion
Basicslife,basicslife.com,Fashion
Baublebuy,baublebuy.com,Fashion
Baublelove,baublelove.in,Fashion
Bcositssilver,bcositssilver.com,Fashion
Beabhika,beabhika.com,Fashion
Beardhood,beardhood.in,Fashion
Beatitude,beatitude.in,Fashion
Beautytalk,beautytalk.in,Fashion
Beawara,beawara.com,Fashion
Bebaakstudio,bebaakstudio.com,Fashion
Bebajrang,bebajrang.com,Fashion
Bechic,bechic.in,Fashion
Belachi,belachi.in,Fashion
Belifindia,belifindia.in,Fashion
Bellabcollection,bellabcollection.com,Fashion
Bellezajewel,bellezajewel.in,Fashion
Bengal Looms India,bengalloomsindia.com,Fashion
Benki Store,benkistore.com,Fashion
Benoit,benoit.co.in,Fashion
Beromt,beromt.com,Fashion
Berrylush,berrylush.com,Fashion
Bewakoof,bewakoof.com,Casualwear
Beyond Snack,beyondsnack.in,Fashion
Beyours,beyours.in,Fashion
Bhaavya,bhaavya.com,Fashion
Bhavya Ramesh Jewelry,bhavyaramesh.com,Fashion
Bigbananaonline,,Fashion
Bijoux By Priya,bijouxbypriya.com,Fashion
Bikenbiker,bikenbiker.com,Fashion
Bingerstore,bingerstore.in,Fashion
Birchposh,birchposh.com,Fashion
Birdsofparadyes,birdsofparadyes.com,Fashion
Birdwalk,birdwalk.in,Fashion
Birkenstock,birkenstock.com,Fashion
Bisou by Sachi,bisoubysachi.com,Fashion
BL Fabric,blfabric.com,Online Designer Lehenga Brand
Blabel,blabel.in,Fashion
Blackberrys,blackberrys.com,Fashion
Bling Bag,blingbag.co.in,Fashion
Blingg,blingg.com,Fashion
Blinglane,blinglane.com,Fashion
Blingvine,blingvine.com,Fashion
Bloopersstore,bloopersstore.in,Fashion
Blossomclothingcornwall,blossomclothingcornwall.com,Fashion
Blossominners,blossominners.com,Fashion
Bluedahlia,bluedahlia.com,Fashion
Blueisland,blueisland.in,Fashion
Bluenectar,bluenectar.co.in,Fashion
Blueswift,blueswift.in,Fashion
Bluetyga,bluetyga.com,Fashion
Blurindia,blurindia.com,Fashion
Bodice,bodice.co.in,Fashion
Bohame,bohame.com,Fashion
Boldiful,boldiful.com,Fashion
Bombayclosetcleanse,,Fashion
Bombayshavingcompany,bombayshavingcompany.com,Fashion
Bombayshirts,bombayshirts.com,Fashion
Bonjourretail,bonjourretail.com,Fashion
Bonkers corner,bonkerscorner.com,Unisex streetwear brand
Bonsoir,bonsoir.co.in,Fashion
Bookmycostume,bookmycostume.com,Fashion
Bottlenco,bottlenco.com,Fashion
Boultaudio,boultaudio.com,Fashion
Bow and Square,bowandsquare.com,Fashion
Bownbee,bownbee.com,Fashion
Brahaan,,Fashion
Brakefree,brakefree.in,Fashion
Bratmacrafts,bratmacrafts.com,Fashion
Brewingcricket,brewingcricket.com,Fashion
Brishni,brishni.com,Fashion
Broke Mate,brokemate.com,Fashion
Bubbercouture,bubbercouture.com,Fashion
Buddingbees,buddingbees.com,Fashion
Bummer,bummer.in,Underwear
Buna Studio,bunastudio.com,Fashion
Bunaai,bunaai.in,Fashion
Bunavat,bunavat.com,Fashion
BurgerBae,burgerbaeclothing.com,D2C clothing brand
Bushirt,bushirt.in,Fashion
Butterfly Edufields,butterflyedufields.com,Fashion
BuyNewTrend,buynewtrend.com,Fashion
Bykaveri,bykaveri.com,Fashion
Byzantic,,Fashion
Calenvie,calenvie.com,Fashion
Calfnero,calfnero.in,Fashion
Calonge Group,calonge-group.com,Fashion
Campus Shoes,campusshoes.com,Fashion
Campussutra,campussutra.com,Fashion
Cantabilshop,cantabilshop.com,Fashion
Capresebags,capresebags.com,Fashion
Carlton London,carltonlondon.co.in,Fashion
Carnibelle,carnibelle.com,Fashion
Cascara,cascara.in,Fashion
Chaani,chaani.in,Fashion
Chadorkart,chadorkart.com,Fashion
Chambrayandco,chambrayandco.in,Fashion
Chameeandpalak,chameeandpalak.in,Fashion
Champscloset,champscloset.in,Fashion
Chemistryindia,chemistryindia.com,Fashion
Cheried,cheried.com,Fashion
Cherrycrumble,cherrycrumble.com,Fashion
Chetnabagga,chetnabagga.com,Fashion
Chettinadthari,chettinadthari.com,Fashion
Chhabra555,chhabra555.com,Fashion
Chhapa,,Fashion
Chhipaprints,chhipaprints.com,Fashion
Chiaroscuro,chiaroscuro.co.in,Fashion
Chicmela,chicmela.com,Fashion
Chidiyaa,chidiyaa.com,Fashion
Chiqueofficial,chiqueofficial.com,Fashion
Chitraapparel,liria.in,Fashion
Chitralooms,chitralooms.com,Fashion
Chitrika,creyo.com,Fashion
Chkokko,chkokko.com,Fashion
Chokore,chokore.com,Fashion
Chowdhrain,,Fashion
Christopher Ward,christopherward.com,Fashion
Churchillshoes,churchillshoes.com,Fashion
Cinnamoncloset,,Fashion
Cinnamonstitch,cinnamonstitch.in,Fashion
Cippele,cippele.com,Fashion
Citypostersplus,citypostersplus.com,Fashion
Claymango,claymango.com,Fashion
Cliosilks,cliosilks.com,Fashion
Clts,clts.in,Fashion
Cobbitaly,cobbitaly.com,Fashion
Cobbled Climbs,cobbledclimbs.com,Fashion
Cocoacraft,cocoacraft.in,Fashion
Cocobee,cocobee.in,Fashion
Comfynights,comfynights.in,Fashion
Coocoo,coocoo.in,Fashion
Coralhaze,coralhaze.com,Fashion
Cornitos,shop.cornitos.in,Fashion
Cotrasworld,cotrasworld.com,Fashion
Cottonsjaipur,cottonsjaipur.com,Fashion
Cottonworld,cottonworld.net,Fashion
Coutureyard,coutureyard.com,Fashion
Crafthues,crafthues.co.in,Fashion
Craftsandlooms,craftsandlooms.com,Fashion
Craftsmoda,craftsmoda.in,Fashion
Cravebyleena,cravebyleena.com,Fashion
Creativebee,,Fashion
Creez,creez.in,Fashion
Crepdogcrew,crepdogcrew.com,Fashion
Crosscreek,crosscreek.in,Fashion
Crossroad the biker stop,crossroadthebikerstop.com,Fashion
Crossstitch,crossstitch.pk,Fashion
Crowddesigns,crowddesigns.in,Fashion
Culture Circle,culture-circle.com,Luxury Fashion Marketplace
Cupidclothings,cupidclothings.com,Fashion
Curato,curato.in,Fashion
Cyahi,cyahi.com,Fashion
Cyruswebtech,cyruswebtech.com,Fashion
D Amrta,,Fashion
Dailybuyys,dailybuyys.com,Fashion
Daivik,daivik.in,Fashion
Dakshinamsarees,dakshinamsarees.in,Fashion
Dameessentials,dameessentials.com,Fashion
Dandeliondreams,dandeliondreams.co,Fashion
Dappershoes,,Fashion
Darlingretail,darlingretail.com,Fashion
Dashanddot,dashanddot.com,Fashion
Dchica,dchica.in,Innerwears for Teenage Girls
Dctclothing,dctclothing.store,Fashion
Dcyphr,dcyphr.in,Fashion
Deara,deara.in,Fashion
Deepam,deepam.com,Fashion
Deepasethi,,Fashion
Delcoshoes,delcoshoes.com,Fashion
Demebygabriella,demebygabriella.com,Fashion
Demozastores,demozastores.com,Fashion
Denap,denap.in,Fashion
Dermalogicaindia,dermalogica.in,Fashion
Dermawear,dermawear.com,Fashion
Deshidukan,deshidukan.in,Fashion
Desi Toys,desitoys.in,Fashion
Desicallyethnic,desicallyethnic.com,Fashion
Desiethnicity,desiethnicity.com,Fashion
Designarche,,Fashion
Desihangover,desihangover.in,Fashion
Desiminimals,desiminimals.com,Fashion
Devalstore,devalstore.in,Fashion
Devnaagri,devnaagri.com,Fashion
Devotedstore,,Fashion
Dheerajsharma,dheerajsharma.com,Fashion
Dhonk,dhonkstore.myshopify.com,Fashion
Dhoraindia,dhoraindia.in,Fashion
Dhruvkapoor,dhruvkapoor.com,Fashion
Dhruvvaish,dhruvvaish.com,Fashion
Dhwanibansal,dhwanibansal.com,Fashion
Diamtrendz,diamtrendz.com,Fashion
Digitaldressroom,digitaldressroom.com,Fashion
Discoverdiva,discoverdiva.com,Fashion
Disguisecosmetics,disguisecosmetics.com,Fashion
Dishkiyaun,lovedky.com,Fashion
Divasmantra,divasmantra.com,Fashion
Divastyle,divastyle.in,Fashion
Diwaah,diwaah.com,Fashion
Diwansaheb,diwansaheb.com,Fashion
Diyarajvvir,diyarajvvir.in,Fashion
Dmodot,dmodot.com,Fashion
Dnajewels,shop.dnajewels.com,Fashion
Docandmark,docandmark.com,Fashion
Doeraa,doeraa.com,Fashion
Dogobow,dogobow.com,Fashion
Dollyjstudio,dollyjstudio.com,Fashion
Domanishoes,domanishoes.com,Fashion
Doodlage,doodlage.in,Fashion
Dorabi and Amili,shopdorabi.com,Handdyed fashion brand
Dotto Objects,dotto-objects.com,Fashion
Drapedivaa,drapedivaa.com,Fashion
Drapeme,drapeme.co.in,Fashion
Drapery Silk,drapery-silk.com,Fashion
Dreamjwell,dreamjwell.com,Fashion
Dressfolk,dressfolk.com,Fashion
Dukeindia,dukeindia.com,Fashion
Dusala,dusala.in,Fashion
Duskattire,duskattire.com,Fashion
Dyutibansal,dyutibansal.com,Fashion
Eclecticdesignsco,eclecticdesignsco.com,Fashion
Ecokaari,ecokaari.org,Fashion
Ecoloom,,Fashion
EcoVcraft,ecovcraft.com,Fashion
Eegoitaly,eegoitaly.in,Fashion
Efifdiamonds,efifdiamonds.com,Fashion
Egoss,egoss.in,Fashion
Ekantastudio,ekantastudio.com,Fashion
Ekdori,ekdori.com,Fashion
Elentradesigns,elentradesigns.com,Fashion
Elevar,in.elevarsports.com,Fashion
Elevenoone,elevenoone.com,Fashion
Embroideryart,embroideryart.com.au,Fashion
Emprall,emprall.com,Fashion
Eriweave,eriweave.in,Eri Silk Based Textile Company
Erotissch,erotissch.com,Lingerie and Swimwear Brand
Estele,estele.co,Fashion
Etchcraftemporium,etchcraftemporium.in,Fashion
Everpret,everpret.com,Fashion
Everteen,everteen.in,Fashion
Ewayoung,ewayoung.com,Fashion
Exhalelabel,exhalelabel.com,Fashion
Eyantra,eyantra.com,Fashion
Fabcurate,fabcurate.in,Fashion
FableStreet,fablestreet.com,Workwear; Women
Fabloe,fabloe.com,Fashion
Fablore,fablore.in,Fashion
Fabpersona,fabpersona.com,Fashion
Fabricdekho,fabricdekho.com,Fashion
Fabrichubsurat,fabrichubsurat.com,Fashion
Fabriclore,fabriclore.com,Fashion
Fabricpandit,fabricpandit.com,Fashion
Fabricroot,fabricroot.com,Fashion
Fabvoguestudio,fabvoguestudio.com,Fashion
Facescanada,facescanada.com,Fashion
Fardaclothing,fardaclothing.com,Fashion
Fashiondwar,fashiondwar.com,Fashion
Fashionfloorindia,,Fashion
Fashionistamna,fashionistamna.com,Fashion
Fashionkart,fashionkart.co,Fashion
Fashionnaari,fashionnaari.com,Fashion
Fashionnation,fashionnation.in,Fashion
Fashionous,fashionous.in,Fashion
Fashor,fashor.com,Fashion
Fausto,fausto.in,Fashion
Faye,faye.in,Fashion
Febris,febris.in,Medical Lifestyle
Feetoesshoes,feetoesshoes.com,Fashion
Fellmonger,fellmonger.in,Fashion
Femella,femmella.com,Fashion
Feroshindia,feroshindia.com,Fashion
Ffab,ffab.com,Fashion
FFlirtygo,fflirtygo.com,Fashion
Ficuster,,Fashion
Fireboltt,fireboltt.com,Fashion
Fixmycurls,fixmycurls.com,Fashion
Flatheads,flatheads.in,Fashion
Foretstore,foretstore.com,Fashion
ForeverKidz,,Fashion
Formex,cdn11.bigcommerce.com,Fashion
Forsarees,forsarees.com,Fashion
FourLeggedBabies,fourleggedbabies.com,Fashion
Fourthdimensionclub,fourthdimensionclub.com,Fashion
FREAKINS,freakins.com,Fashion
Freecultr,freecultr.com,Fashion
Freemen,freemen.in,Fashion
Freesparrowkids,freesparrowkids.com,Fashion
Frenchcrown,frenchcrown.in,Fashion
Frenesifashion,frenesifashion.com,Fashion
Frontierbazarr,frontierbazarr.com,Fashion
Fuelshoes,fuelshoes.com,Fashion
Fugazee,fugazee.com,Fashion
Fullyfilmy,fullyfilmy.in,Fashion
Furjaden,,Fashion
Furlan Marri,furlanmarri.com,Fashion
Fyor,fyor.in,Fashion
Galaoflondon,galaoflondon.com,Fashion
Gangafashions,gangafashions.com,Fashion
Gargee,gargee.com,Fashion
Gazalgupta,gazalgupta.in,Fashion
Gbonk,gbonk.com,Fashion
Geniusbox,geniusbox.in,Fashion
Getdapr,getdapr.com,Fashion
Getjunkd,getjunkd.in,Fashion
Gfashion,,Fashion
Gipsyonline,gipsyonline.com,Fashion
Girgit,girgitstore.com,Colour Changing Apparels
Giva,giva.co,Fashion
Givo,givo.com,Fashion
Globalrepublic,globalrepublic.in,Fashion
Goathlos,goathlos.com,Fashion
Golghar,golghar.org,Fashion
Gonecase,gonecase.in,Fashion
Gonoise,gonoise.com,Fashion
Goodricketea,goodricketea.com,Fashion
Goosebery,goosebery.com,Fashion
Grandseikoboutique,grandseikoboutique.in,Fashion
Greenways,greenways.co,Fashion
Griffel,griffel.in,Fashion
Griiham,griiham.in,Fashion
Gritstones,gritstones.com,Fashion
Guaparesortwear,guaparesortwear.com,Fashion
Gulaal,gulaal.in,Fashion
Gulaalcreations,gulaalcreations.com,Fashion
Gulabidorijaipur,gulabidorijaipur.com,Fashion
Gulabobyabusandeep,gulabobyabusandeep.com,Fashion
Gulful,,Fashion
Guniaa,guniaa.com,Fashion
Gyans,gyans.com,Fashion
Gymxapparel,gymxapparel.in,Fashion
Haans,haans.co.in,Fashion
Hairdramacompany,,Fashion
Hakoba,hakoba.in,Fashion
Haldenluxury,haldenluxury.com,Fashion
Halfticket,halfticket.co.in,Fashion
Hamelin,hamelin.co,Fashion
Hamilton,hamiltonwatch.com,Fashion
Handmadejoy,handmadejoy.in,Fashion
Happypique,happypique.in,Fashion
Harissonsbags,harissonsbags.co.in,Fashion
Heartupmysleeves,heartupmysleeves.com,Fashion
Heelium,heelium.in,Fashion
Hemantandnandita,hemantandnandita.com,Fashion
Hexafun,hexafunstyles.com,Lifestyle Accessories Brand
Himalayanpeople,himalayanpeople.com,Fashion
Hirapannajewellers,hirapannajewellers.net,Fashion
Hitz,hitz.co.in,Fashion
Hkpmuclinic,hkpmuclinic.com,Fashion
Hoaindia,,Fashion
Hoortex,hoortex.com,Fashion
Horraluxury,horraluxury.com,Fashion
House of Ekam,houseofekam.com,Fashion
Houseofayana,houseofayana.com,Fashion
Houseofbadnore,,Fashion
Houseofbeautyindia,houseofbeautyindia.com,Fashion
Houseofbio,houseofbio.in,Fashion
Houseofdesigners,houseofdesigners.in,Fashion
Houseoffett,houseoffett.com,Fashion
Houseofjhumkas,houseofjhumkas.com,Fashion
Houseofmasaba,houseofmasaba.com,Fashion
Houseofmuher,houseofmuher.com,Fashion
Houseofpanchhi,houseofpanchhi.com,Fashion
Houseofpinkofficial,houseofpinkofficial.com,Fashion
Houseofsaya,houseofsaya.com,Fashion
Houseofstori,houseofstori.com,Fashion
Houseoftaamara,houseoftaamara.com,Fashion
Huemn,huemn.in,Fashion
Hugsntugs,hugsntugs.com,Fashion
Hummel,hummel.net.in,Fashion
Hutsandlooms,hutsandlooms.com,Fashion
Iamsaltpetre,iamsaltpetre.com,Fashion
Identiti,identiti.com,Fashion
Ihaworld,ihaworld.com,Fashion
Ikatindia,ikatindia.com,Fashion
Ikkivi,ikkivi.com,Fashion
Ilyzly,ilyzly.com,Fashion
Imagimake,imagimake.com,Fashion
Imeora,,Fashion
Imleejaipur,,Fashion
Inaayatjewels,inaayatjewels.com,Fashion
Inc5Shop,inc5shop.com,Fashion
Increscent,increscent.in,Fashion
Inddus,inddus.in,Fashion
India1001,india1001.com,Fashion
Indianstyleshop,indianstyleshop.com,Fashion
Indiatrendshop,indiatrendshop.com,Fashion
Indiecottonroute,indiecottonroute.in,Fashion
Indigenecraft,indigenecraft.com,Fashion
Indubindu,indubindu.com,Fashion
Indya,houseofindya.com,Ethnic wear; Indo-western
Inkmeo,inkmeo.com,Fashion
Inkurv,inkurv.com,Fashion
Inmeyourekamerch,inmeyourekamerch.com,Fashion
Innersense,innersense.co.in,Fashion
Instore,instore.co.in,Fashion
Intermod,intermod.in,Fashion
Inveda,inveda.in,Fashion
Isadoralife,isadoralife.com,Fashion
Ishhaara,ishhaara.com,Fashion
Ishnya,ishnya.com,Fashion
Islay,islay.in,Fashion
Isufashion,isufashion.com,Fashion
Itminan,itminan.in,Fashion
Itraake,itraake.com,Fashion
Ituvana,ituvana.com,Fashion
Jaipur watch,jaipur.watch,Fashion
Jaipurkurti,jaipurkurti.com,Fashion
Jaipurpaisley,jaipurpaisley.com,Fashion
Janasya,janasya.com,Fashion
Jannat,jannat.co.in,Fashion
Janpathonline,janpathonline.com,Fashion
Jasminebains,jasminebains.in,Fashion
Jcsjewellers,jcsjewellers.com,Fashion
Jetgems,jetgems.com,Fashion
Jewellerybymitalijain,jewellerybymitalijain.com,Fashion
Jewelmarvels,jewelmarvels.com,Fashion
Jewelove,jewelove.in,Fashion
Jhakhas,jhakhas.com,Fashion
Jhonea,jhonea.com,Fashion
Jisboutique,jisboutique.com,Fashion
Jisora,jisora.com,Fashion
Jiyabyveerdesignstudio,jiyabyveerdesignstudio.com,Fashion
Joey Care,joeycare.in,Fashion
JoGenii,jogenii.com,Fashion
Joharcart,,Fashion
Jokerandwitch,jokerandwitch.com,Fashion
Jompers,jompers.com,Fashion
Joshindia,joshindia.com,Fashion
Joviindia,joviindia.com,Fashion
Jumpusa,jumpusa.in,Fashion
Juniperoofficial,juniperoofficial.com,Fashion
Juscubs,juscubs.com,Fashion
Justandbest,justandbest.com,Fashion
Justbuycycles,justbuycycles.com,Fashion
Justsalwars,justsalwars.com,Fashion
Justwatches,justwatches.com,Fashion
Kaapus,kaapus.com,Fashion
Kairfashion,kairfashion.com,Fashion
Kaisori,kaisori.com,Fashion
Kajalscouture,,Fashion
Kajfinejewellery,kajfinejewellery.com,Fashion
Kajikids,kajikids.in,Fashion
Kalamargam,kalamargam.com,Fashion
Kalaneca,kalaneca.com,Fashion
Kalyaniinnerwear,kalyaniinnerwear.com,Fashion
Kanakavalli,kanakavalli.com,Fashion
Kanelle Online,kanelle-online.com,Fashion
Kanganatrehan,kanganatrehan.com,Fashion
Kanthaindia,kanthaindia.com,Fashion
Kapaasnresham,kapaasnresham.com,Fashion
Kapraaha,kapraaha.com,Fashion
Karagiri,karagiri.com,Fashion
Karibykriti,karibykriti.com,Fashion
Karlsburg,karlsburg.in,Fashion
Karunakhaitan,karunakhaitan.in,Fashion
Kashmirloom,kashmirloom.com,Fashion
Kashmirvilla,kashmirvilla.com,Fashion
Katipatang,shop.katipatang.com,Fashion
Kattam,kattam.com,Fashion
Kavana,kavana.com,Fashion
Kazo,kazo.com,Fashion
Keepapace,keepapace.com,Fashion
Kesyajaipur,kesyajaipur.com,Fashion
Keyasethexclusive,keyasethexclusive.com,Fashion
Khamir,shop.khamir.org,Fashion
Kharakapas,kharakapas.com,Fashion
Khatrijamnadas,khatrijamnadas.com,Fashion
Khushihandicrafts,khushihandicrafts.co.in,Fashion
Kicaactive,kicaactive.com,Fashion
Kilol,kilol.co.in,Fashion
Kirikiri,,Fashion
Kkarma,kkarma.store,Fashion
Klissaa,klissaa.com,Fashion
Klotthe,klotthe.co.in,Fashion
Kokun,kokun.in,Fashion
Kolapuricentre,kolapuricentreindia.com,Fashion
Koraindia,koraindia.com,Fashion
Kosataga,kosataga.in,Fashion
Koy,koy.store,Fashion
Kraftcellar,kraftcellar.com,Fashion
Kreationbykj,kreationbykj.in,Fashion
Kreshya,kreshya.com,Fashion
Kruthikajewellery,kruthikajewellery.com,Fashion
Krynandmoey,krynandmoey.com,Fashion
Kshitijjalori,kshitijjalori.com,Fashion
Kuberansilks,kuberansilks.com,Fashion
Kultprit,kultprit.com,Fashion
Kunalrawalofficial,kunalrawalofficial.com,Fashion
Kundali Gems,kundaligems.com,Fashion
Kuroindia,kuroindia.in,Fashion
Kushals,kushals.com,Fashion
Kyleefashion,kyleefashion.com,Fashion
Label Aashima Behl,aashimabehl.com,Fashion
Labeldc,labeldc.com,Fashion
Labelkanupriya,,Fashion
Labelkrisha,labelkrisha.com,Fashion
Labelkuhoo,labelkuhoo.com,Fashion
Labelmadhurithakkar,,Fashion
Labelprernamehra,,Fashion
Labelramtex,labelramtex.com,Fashion
Lagah,lagah.in,Fashion
Laintimo,laintimo.com,Fashion
Lakme India,lakmeindia.com,Fashion
Lakshayasilksarees,lakshayasilksarees.com,Fashion
Lalingerie,lalingerie.in,Fashion
Lamarcaitaly,lamarcaitaly.com,Fashion
Lancemade,,Fashion
Lapisbard,lapisbard.com,Fashion
Latin Quarters,latin-quarters.com,Fashion
Lavieworld,lavieworld.com,Fashion
Laxmiopticians,laxmiopticians.com,Fashion
Le Mill,lemillindia.com,Fashion
Leaclothingco,leaclothingco.com,Fashion
Leaderbicycles,leaderbicycles.com,Fashion
Leathertalks,leathertalks.com,Fashion
Letscurlup,letscurlup.com,Fashion
Lfactorcosmetics,lfactorcosmetics.com,Fashion
Libas,libas.in,Fashion
Lifeinslowmotion,lifeinslowmotion.com,Fashion
Likera,likera.com,Fashion
Lil Diva,lildivafashion.com,Fashion
Limon Design,limondesign.com,Fashion
Limpkin,limpkin.in,Fashion
Linentrail,linentrail.com,Fashion
Linenworldonline,linenworldonline.in,Fashion
Little Collars,littlecollars.com,Fashion
Little Muffet,littlemuffet.com,Fashion
Lokait,lokait.com,Fashion
Londonrag,londonrag.in,Fashion
Longines,longines.com,Fashion
Love Pangolin,lovepangolin.com,Fashion
Love The World Today,lovetheworldtoday.in,Fashion
Loveablecreationsbymuskan,,Fashion
Loveforjuttis,loveforjuttis.com,Fashion
Loveforwhite,loveforwhite.com,Fashion
Lovesummer,lovesummer.in,Fashion
Lucknowiandaaz,lucknowiandaaz.in,Fashion
Lumibellafashion,lumibellafashion.co.in,Fashion
Luxurionworld,luxurionworld.com,Fashion
Maaticrafts,maaticrafts.com,Fashion
Mackly,mackly.com,Fashion
Macsjewelry,,Fashion
Madasasa,madasasa.com,Fashion
Madeforherlabel,madeforherlabel.com,Fashion
Madish,madish.in,Fashion
Mahavirs,mahavirs.co.in,Fashion
Maheejaipur,maheejaipur.com,Fashion
Mahithaprasad,,Fashion
Maishalifestyle,maishalifestyle.com,Fashion
Malkha,malkha.in,Fashion
Maniaclife,,Fashion
Manifestdesign,manifestdesign.in,Fashion
Mansure,mansure.men,Fashion
Manvikapoor,manvikapoor.com,Fashion
Mapayah,mapayah.com,Fashion
Marcloire,marcloire.com,Fashion
Marketplace,marketplace.mainstreet.co.in,Fashion
Mashup,mashup.in,Fashion
Matkatus,matkatus.com,Fashion
Matsyaworld,matsyaworld.com,Fashion
Mavuris,mavuris.com,Fashion
Maximcreation,maximcreation.com,Fashion
Mayankmodi,mayankmodi.com,Fashion
Maybellindia,maybellindia.com,Fashion
Mbz,mbz.in,Fashion
Meeamifashion,,Fashion
Meenabazaaronline,meenabazaaronline.in,Fashion
Meera's Plus Size Store,meerasplussizestore.com,Fashion
Mehrbypretty,mehrbypretty.com,Fashion
Melangebox,melangebox.com,Fashion
Melissaindia,melissaindia.com,Fashion
MENOLOGY CLOTHING,menologyclothing.com,Fashion
Mesmerizeindia,mesmerizeindia.com,Fashion
Midnightlaw,midnightlaw.com,Fashion
Miharu,miharu.in,Fashion
MING,cdn.prod.website-files.com,Fashion
Minimedesignerstudio,minimedesignerstudio.com,Fashion
Ministerwhite,ministerwhite.com,Fashion
Mintnoranges,mintnoranges.com,Fashion
Miraggiolife,miraggiolife.com,Fashion
Misfitpanda,misfitpanda.in,Fashion
Mishcatco,mishcatco.com,Fashion
Mishodesigns,,Fashion
Misscompasshands,misscompasshands.in,Fashion
Misslavishlondon,misslavishlondon.com,Fashion
Missnailsforyou,missnailsforyou.com,Fashion
Missprintclothing,missprintclothing.com,Fashion
Mitaliwadhwa,mitaliwadhwa.com,Fashion
Mnsh,mnsh.co,Fashion
Moborr,moborr.com,Fashion
Modest Essentials,,Fashion
Mogradesigns,mogradesigns.com,Fashion
Mohabygeetanjali,mohabygeetanjali.com,Fashion
Momzjoy,momzjoy.com,Fashion
Monamaar,monamaar.com,Fashion
Monica Jewellers,monicajewellers.com,Fashion
Monikanidhii,monikanidhii.com,Fashion
Monishajaising,monishajaising.com,Fashion
Monkstory,monkstory.com,Fashion
Monrow,monrow.in,Fashion
Moochuu,i.ibb.co,Fashion
Moonrabbitlifestyle,moonrabbitlifestyle.com,Fashion
Moonray,moonray.in,Fashion
Morazecosmetics,morazecosmetics.com,Fashion
Mortantra,mortantra.com,Fashion
Mothercare,cdn.pixelspray.io,Fashion
Motherlandsuperstore,motherlandsuperstore.co.in,Fashion
Motoaggrandize,motoaggrandize.in,Fashion
Motohog,motohog.com,Fashion
Mrbutton,mrbutton.in,Fashion
Muhurth,muhurth.in,Fashion
Mulmul,mulmul.co,Fashion
Mumkins,mumkins.in,Fashion
Munchies,munchies.com,Fashion
Muscletorque,muscletorque.shop,Fashion
Mutt of Course,,Fashion
Myadorna,myadorna.com,Fashion
Mybatua,mybatua.com,Fashion
Myblacktree,myblacktree.com,Fashion
Myblissclub,blissclub.com,Fashion
Mybudgetstore,mybudgetstore.in,Fashion
Mycarmesi,mycarmesi.com,Fashion
Mychungath,,Fashion
Mylaikumaran,mylaikumaran.com,Fashion
Mymoledro,mymoledro.com,Fashion
Mymoonstruck,mymoonstruck.com,Fashion
Myrhabyrhea,myrhabyrhea.com,Fashion
Mysilklove,mysilklove.com,Fashion
Naazbynoor,naazbynoor.com,Fashion
Nadiyapaar,nadiyapaar.com,Fashion
Nainajain,nainajain.in,Fashion
Nainpreet,nainpreet.com,Fashion
Nakhra,,Fashion
Nakodapayals,nakodapayals.com,Fashion
Nakshatrachennai,nakshatrachennai.com,Fashion
Nakshatraterracotta,nakshatraterracotta.com,Fashion
Nameg,nameg.in,Fashion
Namratajoshipura,,Fashion
Nangaliaruchira,nangaliaruchira.com,Fashion
Napchief,napchief.com,Fashion
Narmaada,narmaada.com,Fashion
Nautinati,nautinati.com,Fashion
Naviluna,naviluna.in,Fashion
Nayshaas,nayshas.com,Fashion
Needledust,needledust.com,Fashion
Neelititlee,neelititlee.com,Fashion
Neetalulla,neetalulla.com,Fashion
Neetikachopra,,Fashion
Nehasharma,nehasharma.co,Fashion
Nerigestory,nerigestory.com,Fashion
Nestatoys,nestatoys.in,Fashion
Nete,nete.in,Fashion
Newindiafashion,newindiafashion.com,Fashion
Neyah,neyah.in,Fashion
Niajbyshradha,niajbyshradha.com,Fashion
Nicheshoe,nicheshoe.in,Fashion
Nicobar,nicobar.com,Fashion
Nightangelsbypc,midnightangelsbypc.com,Fashion
Niiyaa,niiyaa.com,Fashion
Nikitamhaisalkar,nikitamhaisalkar.com,Fashion
Nirwaana,nirwaana.com,Fashion
Niteflite,niteflite.in,Fashion
Nobero,nobero.com,Fashion
Nonasties,nonasties.in,Fashion
Noorchikankari,noorchikankari.in,Fashion
Nordlich,nordlich.com,Fashion
Norqain,norqain.com,Fashion
Noughtone,noughtone.in,Fashion
Nyumi,nyumi.com,Fashion
Oceedee,oceedee.com,Fashion
Odarasite,odarasite.com,Fashion
Odette,odette.in,Fashion
Odikala,odikala.com,Fashion
Off Mint,offmint.com,High Street Fashion Brand
Offduty,offduty.in,Fashion
Ofrida,ofrida.com,Fashion
Ohailakhan,1.ohailakhan.com,Fashion
Okhai,okhai.org,Fashion
Oldfashionedgourmet,,Fashion
Oldmarigold,,Fashion
Oliveplanet,oliveplanet.in,Fashion
Omobikes,omobikes.com,Fashion
Omvai,omvai.com,Fashion
Onlinebandhej,onlinebandhej.com,Fashion
Onlypaithani,onlypaithani.com,Fashion
Opalinajewellery,opalinajewellery.com,Fashion
Oraah,oraah.in,Fashion
Originate,originate.in,Fashion
Orionzjewels,orionzjewels.com,Fashion
Oris,oris.ch,Fashion
Orlybeedesigns,orlybeedesigns.com,Fashion
Ornatejewels,ornatejewels.com,Fashion
Osaa,,Fashion
Ottostore,ottostore.com,Fashion
Outhouse Jewellery,outhouse-jewellery.com,Fashion
Overlays,overlaysnow.com,Fashion
Overlaysclothing,overlays.co,Fashion
Ozelbirsey,ozelbirsey.in,Fashion
Ozeqo,ozeqo.in,Fashion
Paaduks,paaduks.com,Fashion
Paisleypopshop,paisleypopshop.com,Fashion
Palakandmehak,palakandmehak.com,Fashion
Palamsilk,palamsilk.com,Fashion
Pallavijaipur,pallavijaipur.com,Fashion
Panachengp,panachengp.com,Fashion
Panjavarnam,panjavarnam.com,Fashion
Pankajandnidhi,pankajandnidhi.com,Fashion
Pannkh,pannkh.com,Fashion
Panteazy,panteazy.in,Intimate clothing brand for men
Paraa,,Fashion
Parampariya,parampariya.in,Fashion
Parijatstore,parijatstore.com,Fashion
Pashaindia,pashaindia.com,Fashion
Pashma,pashma.com,Fashion
Pashmoda,pashmoda.com,Fashion
Pashtush,pashtush.in,Fashion
Pastau,pastau.com,Fashion
Pastelsandpop,,Fashion
Paulamisaha,paulamisaha.com,Fashion
Paulandmike,paulandmike.co,Fashion
Paulmiandharsh,paulmiandharsh.com,Fashion
Paulsonsonline,paulsonsonline.com,Fashion
Paversengland,paversengland.com,Fashion
Peachesandcream,peachesandcream.com,Fashion
Peaucare,peaucare.com,Fashion
Peekaboo Patterns,,Fashion
Pehrsilver,houseofpehr.com,Fashion
Peoli,peoli.in,Fashion
Peony Kids Couture,peonykidscouture.com,Fashion
Perona,perona.com,Fashion
Petstreet,petstreet.in,Fashion
Phamb,,Fashion
Phulari,phulari.com,Fashion
Phutari,phutari.co.in,Fashion
Pink Cow,pinkcowfashions.com,Fashion
Pinkanee,pinkanee.com,Fashion
Pinklay,pinklay.com,Fashion
Pinkwoolf,pinkwoolf.com,Fashion
Pinnacleshruti,pinnacleshruti.com,Fashion
Pintoogarments,pintoogarments.com,Fashion
Pitanila,pitanila.in,Fashion
Plantationhouse,plantationhouseshop.com,Fashion
Pluchi,pluchi.com,Fashion
Plumandpeaches,plumandpeaches.com,Fashion
Plushforher,plushforher.com,Fashion
Polagoclothing,polagoclothing.com,Fashion
Politesocietyshop,politesocietyshop.com,Fashion
Poomer,poomer.net,Fashion
Popitout,popitout.in,Fashion
Popneticshop,popneticshop.com,Fashion
Poppi,poppi.in,Fashion
Poshaffair,poshaffair.co,Fashion
Powersutra,powersutra.co,Fashion
Praagjewel,praagjewel.com,Fashion
Prakritijaipur,prakritijaipur.com,Fashion
Pranaybaidya,pranaybaidya.com,Fashion
Prashantisarees,prashantisarees.com,Fashion
Prathaa,prathaa.in,Fashion
Prerto,prerto.com,Fashion
Primaczar,primaczar.com,Fashion
Printsbyradhika,printsbyradhika.com,Fashion
Privatelives,privatelives.in,Fashion
Priyankaraajiv,priyankaraajiv.com,Fashion
Priyaodisha,priyaodisha.com,Fashion
Projektalternative,projektalternative.com,Fashion
Proyog,proyog.com,Fashion
Punarjeevana,punarjeevana.com,Fashion
Punkindia,punkindia.com,Fashion
Pupilio,pupilio.com,Fashion
Puregheedesigns,,Fashion
Purusham,purusham.com,Fashion
Putchi,theputchi.com,Fashion
Qbik,wingate.com,Fashion
Qraamen,qraamen.com,Fashion
Qua,qua.clothing,Fashion
Quirksmith,quirksmith.com,Fashion
Quodnewyork,soquod.in,Fashion
Rabaniandrakha,,Fashion
Rachitkhanna,rachitkhanna.com,Fashion
Raiman,raiman.in,Fashion
Rajasijindal,rajasijindal.com,Fashion
Rajasthanistuff,damkarsumbabaratdaya.com,Fashion
Rajendra,rajendra.co,Fashion
Rajmahalsilks,rajmahalsilks.com,Fashion
Rajupickles,rajupickles.in,Fashion
Rameshwatch,rameshwatch.com,Fashion
Ramrajcotton,ramrajcotton.in,Fashion
Rangeelagoa,rangeelagoa.com,Fashion
Rannagill,rannagill.co.in,Fashion
Rashki,rashki.com,Fashion
Ratanjaipur,ratanjaipur.com,Fashion
Rathore,rathore.com,Fashion
Reactactivewear,reactactivewear.com,Fashion
Rebaari,rebaari.com,Fashion
Redearthindia,redearthindia.com,Fashion
Redesignsports,redesignsports.com,Fashion
Redroseindia,redroseindia.in,Fashion
Refash,refash.in,Fashion
Rehwasociety,rehwasociety.org,Fashion
Reistor,reistor.com,Fashion
Reshaindia,reshaindia.in,Fashion
Retrendjewels,retrendjewels.com,Fashion
Revlon,revlon.co.in,Fashion
Rfabayas,rfabayas.com,Fashion
Riddhika,riddhika.com,Fashion
Riderzplanet,,Fashion
Ridhimabhasin,asterro.com,Fashion
Ridhimehra,ridhimehra.com,Fashion
Rigo,rigo.in,Fashion
Rinadhaka,rinadhaka.in,Fashion
Rishirichjewels,rishirichjewels.com,Fashion
Rivir,rivir.in,Fashion
Rnarayanjewellers,rnarayanjewellers.com,Fashion
Rockystarworld,rockystarworld.com,Fashion
Rohitkamra,rohitkamra.com,Fashion
Romanisland,cherrykurry.com,Fashion
Rootshandloom,,Fashion
Roshniboutiques,roshniboutiques.com,Fashion
Royalbrothers,store.royalbrothers.com,Fashion
Roze,roze.com,Fashion
Rubans,rubans.in,Fashion
Rubysorganics,rubysorganics.in,Fashion
Rudradhan,,Fashion
Rumadevi,rumadevi.com,Fashion
Rynoxgears,rynoxgear.com,Fashion
Saahra,saahra.com,Fashion
Saajbyankita,saajbyankita.com,Fashion
Saaki,saaki.co,Fashion
Sacredweaves,sacredweaves.com,Fashion
Sacuir,sacuir.in,Fashion
Sahilkochhar,sahilkochhar.com,Fashion
Saimascollection,saimascollection.com,Fashion
Saintg,saintg.in,Fashion
Sakhifashions,,Fashion
Saltznsand,saltznsand.com,Fashion
Samantchauhan,samantchauhan.com,Fashion
Samoolam,samoolam.com,Fashion
Sampadaindia,sampadaindia.com,Fashion
Samprada,samprada.in,Fashion
Sanabarreja,,Fashion
Sandbyshirin,sandbyshirin.com,Fashion
Sandhyagarg,sandhyagarg.com,Fashion
Sanfrissco,sanfrissco.com,Fashion
Sanskriti777,sanskriti777.com,Fashion
Sanskrutistore,sanskrutistore.com,Fashion
Santiniketanonline,santiniketanonline.com,Fashion
Sanwara,sanwara.com,Fashion
Saphed,saphed.com,Fashion
Sarafabazar,sarafabazar.in,Fashion
Sarojiniatdoor,sarojiniatdoor.in,Fashion
Sarvaangi,sarvaangi.com,Fashion
Sashafairtrade,,Fashion
Sassafras,sassafras.in,Fashion
Sassoon,sassoon.com,Fashion
Saubhagyavati,saubhagyavati.in,Fashion
Saundh,saundh.com,Fashion
Savjewels,savjewels.in,Fashion
Sawangandhi,sawangandhi.com,Fashion
Sazrika,sazrika.com,Fashion
Scribbology,scribbology.in,Fashion
Seamsfriendly,in.seamsfriendly.com,Fashion
Seamstress,seamstress.co.in,Fashion
Seasonschennai,seasonschennai.com,Fashion
Seeandwear,seeandwear.com,Fashion
Seemagujral,seemagujral.com,Fashion
Seikowatches,seikowatches.co.in,Fashion
Selcouth,selcouth.co.in,Fashion
Serendipitydelhi,serendipitydelhi.com,Fashion
Sevendc,sevendc.in,Fashion
Sevenfriday,in.sevenfriday.com,Fashion
Sexybeast,sexybeast.in,Fashion
Shalinijamesmantra,shalinijamesmantra.com,Fashion
Shalvifashion,shalvifashion.in,Fashion
Shashagaba,shashagaba.com,Fashion
Sheetalbatra,sheetalbatra.in,Fashion
Sheetalzaveri,sheetalzaveri.in,Fashion
Shilpsutra,shilpsutra.com,Fashion
Shingora,shingora.net,Fashion
Shivanandnarresh,shivanandnarresh.com,Fashion
Shivangikasliwal,shivangikasliwal.com,Fashion
Shlokakhialani,shlokakhialani.com,Fashion
Shoethatfitsyou,shoethatfitsyou.in,Fashion
Shoetree,shoetree.io,Fashion
Shopanomaly,shopanomaly.com,Fashion
Shopbloom,shopbloom.in,Fashion
Shopcapsul,shopcapsul.com,Fashion
Shopcultmodern,shopcultmodern.com,Fashion
Shopdrawn,shopdrawn.com,Fashion
Shopdrzya,shopdrzya.com,Fashion
Shopethnos,shopethnos.co,Fashion
Shopghumakkad,shopghumakkad.com,Fashion
Shophannan,shophannan.in,Fashion
Shopsanyagulati,,Fashion
Shopscarletsage,shopscarletsage.com,Fashion
Shopschoolay,shopschoolay.com,Fashion
Shopspringbreak,shopspringbreak.com,Fashion
Shopvenfield,,Fashion
Shrayathi,shrayathi.com,Fashion
Shreeman,shreeman.in,Fashion
Shruseternity,shrus.com,Fashion
Shutiq,shutiq.com,Fashion
Shuttlesandneedles,shuttlesandneedles.com,Fashion
Shyamnarayanprasad,shyamnarayanprasad.com,Fashion
Siajewellery,siajewellery.com,Fashion
Siddharthabansal,siddharthabansal.com,Fashion
Siestaoclock,siestaoclock.com,Fashion
Signoraa,signoraa.in,Fashion
Silaistudio,silaistudio.com,Fashion
Silayi,silayi.in,Fashion
Silberuh,silberuh.com,Fashion
Silkkothi,silkkothi.com,Fashion
Silverlinings,silverlinings.in,Fashion
Silverstreakstore,,Fashion
Simaayafashions,simaayafashions.com,Fashion
Simranchhabra,simranchhabra.com,Fashion
Sindhoipatola,sindhoipatola.in,Fashion
Sindhureddyofficial,sindhureddyofficial.com,Fashion
Singhandbrothers,singhandbrothers.com,Fashion
Singhanias,singhanias.in,Fashion
Singhstyled,singhstyled.com,Fashion
SIX5SIX STREET,,Fashion
Six5Sixsport,six5sixsport.com,Fashion
Sketchedup20,sketchedup20.com,Fashion
Skinbae,skinbae.in,Fashion
Skinsecretsindia,skinsecretsindia.com,Fashion
Skyria,,Fashion
Slatehash,slatehash.com,Fashion
Sleekandpeek,sleekandpeek.com,Fashion
Slickfix,slickfix.in,Fashion
Smartivity,smartivity.in,Fashion
Smilykiddos,smilykiddos.in,Fashion
Smithjewels,smithjewels.com,Fashion
Smrithicreation,smrithicreation.com,Fashion
Snackzack,snackzack.com,Fashion
Sneharateria,sneharateria.com,Fashion
Snfonlinestore,snfonlinestore.com,Fashion
Snitch,snitch.co.in,Men's Fashion
Snooplay,snooplay.in,Fashion
Sofetchshop,sofetchshop.com,Fashion
Sohumsutras,sohumsutras.com,Fashion
Soie,soie.in,Fashion
Solesworld,solesworld.com,Fashion
Somefits,somefits.com,Fashion
Sonalkabra,sonalkabra.com,Fashion
Sonamluthria,sonamluthria.in,Fashion
Sonchafa,sonchafa.com,Fashion
Soni,soni.fashion,Fashion
Sonth,sonth.shop,Fashion
Soovos,soovos.com,Fashion
Soqo,soqo.in,Fashion
Sorta,go-metro.com,Fashion
Sourceitright,sourceitright.com,Fashion
Southloom,southloom.com,Fashion
Soxytoes,soxytoes.com,Fashion
Sparkle,sparkle.life,Fashion
Spektacosmetics,spektacosmetics.com,Fashion
Spiink,spiink.com,Fashion
Spiritanimal,spiritanimal.in,Fashion
Spiritualwarrior,spiritualwarrior.in,Fashion
Sporto,sporto.in,Fashion
Sportsqvest,sportsqvest.com,Fashion
Spotstyl,spotstyl.com,Fashion
Spruceindia,,Fashion
Srstore,srstore.in,Fashion
Stacfinejewellery,,Fashion
Starkle,starkle.in,Fashion
Starstruckbysl,starstruckbysl.com,Fashion
Statusquo,statusquo.in,Fashion
Steadfastnutrition,steadfastnutrition.in,Fashion
Storeanonym,storeanonym.com,Fashion
Storyofindia,storyofindia.in,Fashion
Street9,street9.com,Fashion
Stretchery,stretchery.in,Fashion
Studiobeej,studiobeej.com,Fashion
Studiobhavikshah,studiobhavikshah.com,Fashion
Studioimmri,studioimmri.com,Fashion
Studioirisindia,studioirisindia.com,Fashion
Studiovirupa,,Fashion
Studioy,studioy.in,Fashion
Styched,styched.in,Fashion
Styleaura,styleaura.co.in,Fashion
Sudhathi,sudathi.com,Affordable saree brand
Suffire,suffire.in,Fashion
Sujatra,sujatra.com,Fashion
Sukhatva,,Fashion
Sulakshanamonga,sulakshanamonga.com,Fashion
Sumannathwani,sumannathwani.com,Fashion
Summersomewhereshop,summersomewhereshop.com,Fashion
Sundariihandmade,sundariihandmade.com,Fashion
Sundarisilks,sundarisilks.com,Fashion
Sunglassic,sunglassic.com,Fashion
Superbikestore,superbikestore.in,Fashion
Supervek,supervek.in,Fashion
Suta,suta.in,Handloom; Sarees
Suvidhafashion,suvidhafashion.com,Fashion
Swabhimannjewellery,swabhimannjewellery.com,Fashion
Swadeshiboutique,swadeshiboutique.com,Fashion
Swashaa,swashaa.com,Fashion
Swativijaivargie,swativijaivargie.com,Fashion
Sweet Dreams,,Fashion
Swishboss,labelswish.com,Fashion
Swissbeauty,swissbeauty.in,Fashion
Swtantra,swtantra.com,Fashion
Taffykids,thetaffy.in,Trendy kidswear brand
TAG Heuer,tagheuer.com,Fashion
Tahiliya,tahiliya.com,Fashion
Talismanworld,talismanworld.com,Fashion
Tamarachennai,tamarachennai.com,Fashion
Tamarindchutney,tamarindchutney.in,Fashion
Tanieyakhanuja,tanieyakhanuja.com,Fashion
Tantu,tantu.co.in,Fashion
Tanzire,tanzire.co,Fashion
Taraandi,taraandi.com,Fashion
Taraash,taraash.com,Fashion
Tarinika,tarinika.in,Fashion
Tarinionline,tarinionline.com,Fashion
Tashaindia,,Fashion
Tattva,tattva.life,Fashion
Taurusshop,taurusshop.com,Fashion
Tbase,tbase.in,Fashion
TBFO,tbfo.in,Women clothing brand
Tbhai,tbhai.com,Fashion
Teakwoodleathers,teakwoodleathers.com,Fashion
Teaswan,teaswing.com,Fashion
Teejh,teejh.com,Fashion
Teeshut,pronk.in,Fashion
Tego,tego.fit,Fashion
The Bear House,thebearhouse.com,D2C mens fashion brand
The Indian Garage Co. (TIGC),tigc.in,Fashion
The Line,the-line.in,Fashion
The Little Gift co,,Fashion
The Man Company,themancompany.com,Fashion
The Peach Street,thepeachstreet.com,Fashion
The Souled Store,thesouledstore.com,Pop-culture; Licensed
Thealternate,thealternate.in,Fashion
Theamethyststore,theamethyststore.com,Fashion
Theamyrastore,theamyrastore.com,Fashion
Theanarkalishop,,Fashion
Thearyavart,thearyavart.com,Fashion
Theater,theater.xyz,Fashion
Thebeachcompany,thebeachcompany.in,Fashion
Theblackcanvas,theblackcanvas.in,Fashion
Thebleulabel,thebleulabel.com,Fashion
Theblinggirll,theblinggirll.com,Fashion
Thebohemianstore,,Fashion
Thebratarmy,thebratarmy.com,Fashion
Theburntsoul,theburntsoul.com,Fashion
Thebuttonthiefco,thebuttonthiefco.com,Fashion
Thecaistore,thecaistore.com,Fashion
Thecalmcollective,thecalmcollective.in,Fashion
Thechennaishoppingmall,thechennaishoppingmall.com,Fashion
Thechicwomen,thechicwomen.com,Fashion
Thedapperman,thedapperman.in,Fashion
Thedesigncart,thedesigncart.com,Fashion
Thefareastartstudio,thefareastartstudio.com,Fashion
Thefeelgoodstudio,thefeelgoodstudio.in,Fashion
Thefunkyfish,thefunkyfish.in,Fashion
Thegottlich,thegottlich.com,Fashion
Theheritageweavers,theheritageweavers.com,Fashion
Theindianethnicco,theindianethnicco.com,Fashion
Thejewelfactor,thejewelfactor.com,Fashion
Thejodilife,thejodilife.com,Fashion
Thejovi,thejovi.com,Fashion
Thejuttichoo,thejuttichoo.com,Fashion
Theknottyrope,theknottyrope.com,Fashion
Thekojewelleryshop,thekojewelleryshop.com,Fashion
Theleatherchef,theleatherchef.in,Fashion
Thelittlefarm,,Fashion
Themaggamcollective,themaggamcollective.com,Fashion
Thenailzstation,thenailzstation.com,Fashion
Thenesavu,thenesavu.com,Fashion
Thenmozhidesigns,thenmozhidesigns.com,Fashion
Theoremindia,theoremindia.com,Fashion
Thepinkmoon,thepinkmoon.in,Fashion
Thepinkpotli,,Fashion
Thereyougo,thereyougo.in,Fashion
Theseersecret,,Fashion
Theshirtfactory,theshirtfactory.in,Fashion
Thesilkchamber,thesilkchamber.com,Fashion
Thespottedcow,thespottedcow.com,Fashion
Thesto,thesto.in,Fashion
Thesummerhouse,thesummerhouse.in,Fashion
Thesvaya,thesvaya.com,Fashion
Theunseenhanger,theunseenhanger.com,Fashion
Theurbandoe,,Fashion
Theveshticompany,theveshticompany.com,Fashion
Thevishnu,thevishnu.in,Fashion
Thewardrobestories,thewardrobestories.com,Fashion
Tiber Taber,tibertaber.com,Fashion
Tiesta,tiesta.in,Fashion
Tigermarron,tigermarron.com,Fashion
Tillashop,tilla.in,Fashion
Tinaeapen,tinaeapen.in,Fashion
Tirumaladesigners,tirumaladesigners.in,Fashion
Tissot,tissotwatches.com,Fashion
Tistabene,tistabene.com,Fashion
Tmangharam,tmangharam.com,Fashion
Tnvcollection,,Fashion
Toffle,toffle.in,Fashion
Torani,torani.in,Fashion
Torqadorn,torqadorn.com,Fashion
Tossidoonline,tossido.in,Fashion
Totapari,totapari.com,Fashion
Toyroom,toyroom.in,Fashion
Trenbee,trenbee.com,Fashion
Trendoye,trendoye.com,Fashion
Tripmachinecompany,tripmachinecompany.com,Fashion
Truerevo,truerevo.com,Fashion
Truesilver,truesilver.com,Fashion
Trufflecollection,trufflecollection.co.in,Fashion
Trutuff,trutuff.shoes,Fashion
Trybuy,trybuy.co.in,Fashion
Tulsionline,tulsionline.in,Fashion
Tunactive,tunactive.com,Fashion
TURMS,urturms.com,Intelligent Clothing
Turnt Up Fashion,turntupfashion.com,Fashion
Uathayam,uathayam.in,Fashion
Ubaidcollections,ubaidcollections.com,Fashion
Udyantea,udyantea.com,Fashion
Ultratribe,ultratribe.com,Fashion
Uncutjewelry,uncutjewelry.com,Fashion
United18,united18.com,Fashion
Unniyarcha,unniyarcha.com,Fashion
Untung,untung.in,Fashion
Upasana,upasana.in,Fashion
Uppada,uppada.com,Fashion
Urbangabru,urbangabru.in,Fashion
Urbanhippieofficial,urbanhippieofficial.com,Fashion
Urbanitii,urbanitii.com,Fashion
Urbanmonkey,,Fashion
Urbanstree,urbanstree.com,Fashion
Urbantheka,urbantheka.in,Fashion
Urbantribe,urbantribe.in,Fashion
Urthlabel,urthlabel.com,Fashion
Urvashikaur,,Fashion
Ustraa,d1ebdenobygu5e.cloudfront.net,Fashion
Utkalamrita,utkalamrita.com,Fashion
Uttariya,uttariya.com,Fashion
Vaayu,vaayu.co.in,Fashion
Vaishali S,vaishali-s.com,Fashion
Vamikasilver,vamikasilver.com,Fashion
Vanauraorganics,vanauraorganics.store,Fashion
Vanillamoon,vanillamoon.in,Fashion
Vardenchi,,Fashion
Varnikaarora,varnikaarora.com,Fashion
Vastrasuka,vastrasuka.com,Fashion
Veaves,veaves.in,Fashion
Veersons,veersons.com,Fashion
Veirdo,veirdo.in,Fashion
Venussteps,venussteps.com,Fashion
Veruschka,veruschka.in,Fashion
Very Much Indian,verymuchindian.com,Traditional and Ethnic Sarees
Vhaan,vhaan.in,Fashion
Viaeast,viaeast.in,Fashion
Vibewithmoi,vibewithmoi.in,Fashion
Vilascrafts,vilascrafts.com,Fashion
Villain,villain.in,Fashion
Vilvahstore,vilvahstore.com,Fashion
Vinusto,vinusto.co.in,Fashion
Violetandpurple,violetandpurple.com,Fashion
Viseartofficial,viseartofficial.in,Fashion
Vishalkapurstudio,vishalkapurstudio.com,Fashion
Vishnuweaves,vishnuweaves.com,Fashion
Vivekpatelstudio,,Fashion
Vnhnaiduhall,vnhnaiduhall.com,Fashion
Voganow,voganow.com,Fashion
Voijeans,voijeans.online,Fashion
Vrikshdesigns,vrikshdesigns.com,Fashion
Vsshop,vsshop.in,Fashion
Wafflemill,wafflemill.com,Fashion
Wanderlooms,wanderlooms.com,Adventure Apparels for Rider
Warrior world,warriorworld.in,Indian army inspired apparel brand
Watchfactory,watchfactory.in,Fashion
Wear,wear.style,Fashion
Wearesui,wearesui.com,Fashion
Wearme,wearme.in,Fashion
Weaverstory,weaverstory.com,Fashion
Weaverstreet,weaverstreet.in,Fashion
Westside,westside.com,Fashion
Whysobluelove,whysobluelove.com,Fashion
Wintage,wintage.in,Fashion
WobblyWalk,wobblywalk.com,Fashion
Wodestudio,,Fashion
Women Like U,womanlikeu.com,Ladies Swimwear and Dress brand
Worldofdive,,Fashion
Yacxilanartwear,yacxilanartwear.com,Fashion
Yandosuits,yandosuits.in,Fashion
Yashodhara,yashodhara.com,Fashion
Ydwc,ydwc.com,Fashion
Yellowchimes,yellowchimes.com,Fashion
Yo Baby India,yobabyindia.in,Fashion
Yoaatma,yoaatma.com,Fashion
Yoshnasbyela,yoshnasbyela.com,Fashion
Yougotplanb,yougotplanb.com,Fashion
Younari,younari.com,Fashion
Youngtrendz,youngtrendz.in,Fashion
Yourlibaas,yourlibaas.com,Fashion
Youthiapa,youthiapa.com,Fashion
Youthiconz,youthiconz.com,Fashion
Yufta,yufta.com,Fashion
Yuvanta,yuvanta.com,Fashion
Yuvti,yuvti.co.in,Fashion
Zahana,zahana.in,Fashion
Zaribanaras,zaribanaras.com,Fashion
Zarijaipur,zarijaipur.com,Fashion
Zaveribros,,Fashion
Zavya,zavya.co,Fashion
Zestmelange,zestmelange.com,Fashion
Zevarbygeeta,zevarbygeeta.com,Fashion
Zevarking,zevarking.com,Fashion
Zimsonwatches,zimsonwatches.com,Fashion
Zivarafashion,zivarafashion.com,Fashion
Zivarcreations,zivarcreations.com,Fashion
Zobello,zobello.com,Fashion
Zola,zola.in,Fashion
Zouk,zouk.co.in,Fashion
Zymrat,zymrat.com,Fashion
