exhibitor_name,domain,contact_number,mail,location,country,name,desc,email,phone,address,city,linkedin_url,profile_url,source_year
Ackermann Bautechnik,ackermann-bautechnik.de,04471/89 71 220,info@ackermann-bautechnik.de,,Germany,Ackermann Bautechnik,"Die Ackermann Bautechnik mit Sitz in Cloppenburg ist niedersachsenweit als Fachbetrieb für Dämmtechnik, Bautenschutz und energetische Sanierung tätig. Unsere Schwerpunkte liegen in der Wärmedämmung – insbesondere Kerndämmung und Einblasdämmung – sowie in der energetischen Altbausanierung. Darüber hinaus sind wir spezialisiert auf Kellerisolierungen, Bauwerksabdichtungen und die Sanierung feuchter Mauerwerke. Als junges, dynamisches und leistungsstarkes Team stehen wir für fachgerechte Lösungen, zuverlässige Ausführung und kompetente Beratung rund um die energetische Sanierung von Bestandsgebäuden.",info@ackermann-bautechnik.de,04471/89 71 220,,,,https://www.lebenstraeume-grafschaft.de/aussteller/ackermann-bautechnik/,2026
baucontrol sander,baucontrol-sander.de,,,,Germany,baucontrol sander,"Man baut nicht oft im Leben – ein Haus zu bauen ist für viele die wohl größte finanzielle Investition, die sie in ihrem Leben tätigen. Sie haben bereits ein schönes Grundstück und einen passenden Bauplan? baucontrol sander kümmert sich um Sie und begleitet Sie bei jedem Schritt. Sie bekommen jede Unterstützung von Beginn bis zur Abnahme und gelangen sicher ans Ziel. baucontrol sander ist tätig in den Bereichen der Bauplanung, der Ausschreibung und Vergabe, der Bauleitung, der baubegleitenden Qualitätssicherung und der Baubetreuung – der richtige Partner für jedes Bauvorhaben!",,,,,,https://www.lebenstraeume-grafschaft.de/aussteller/baucontrol-sander/,2026
Baustoffe Vogt GmbH,baustoffe-vogt.de,05908/9373-0,info@baustoffe-vogt.de,,Germany,Baustoffe Vogt GmbH,"Die Baustoffe Vogt GmbH bietet neben Baustoffen auch eine große Auswahl an Gartenbaustoffen und Elementen für den Innenausbau an. Zudem gehören Kamin- und Pelletöfen sowie Terrassenüberdachungen zu dem Portfolio. Auf mehr als 20.000 Quadratmetern findet jeder garantiert den passenden Holzboden, Gartentisch, Springbrunnen oder Pflasterstein.",info@baustoffe-vogt.de,05908/9373-0,,,,https://www.lebenstraeume-grafschaft.de/aussteller/baustoffe-vogt-gmbh/,2026
CF Collection,cfcollection.de,+491729676861,info@cfcollection.de,,Germany,CF Collection,"CF Collection – Wir sind für euch da! Ob Plissees und Faltstoreanlagen, Insektenschutz oder Terrassenbeschattungen – wir verfügen bereits über eine Erfahrung von mehr als 25 Jahre und bieten euch höchste Qualität made in Germany und Zuverlässigkeit. Auch der Service wird bei uns groß geschrieben. Die Montagen sind im Preis inklusive.",info@cfcollection.de,+491729676861,,,,https://www.lebenstraeume-grafschaft.de/aussteller/cf-collection/,2026
CIRRUS LIVING Immobilien GmbH & Co. KG,cirrus-living.de,+49592188300,wohnen@hade-noh.de,,Germany,CIRRUS LIVING Immobilien GmbH & Co. KG,"Die Marke CIRRUS LIVING® ist Teil der HADE Unternehmensgruppe aus Nordhorn und steht für das Hochgefühl des Wohnens . Als zuverlässiger Partner für die Entwicklung moderner Wohnformen erwerben wir Grundstücke und Bestandsimmobilien. Ein wesentliches Merkmal unseres Unternehmens ist, dass wir nicht als klassischer Bauträger agieren. Stattdessen verbleiben die von uns realisierten Immobilien in unserem eigenen Bestand, wodurch wir eine nachhaltige Bewirtschaftung sowie eine kontinuierliche und intensive Betreuung auch über die Fertigstellung hinaus sicherstellen. Unser Anspruch ist es, Immobilien zu schaffen, die wirtschaftlich überzeugen und zugleich Atmosphäre bieten – Orte, an denen man sich unmittelbar zuhause fühlt. Dabei verbinden wir nachhaltige, energieeffiziente Konzepte mit klarer Architektur und hoher Lebens- und Nutzungsqualität. Von der ersten Idee über Planung und Umsetzung bis zur schlüsselfertigen Realisierung stehen wir für einen ganzheitlichen Prozess – präzise, verlässlich und mit echter Leidenschaft für Immobilien, die einen nachhaltigen Mehrwert für die Wasserstadt Nordhorn schaffen.",wohnen@hade-noh.de,+49592188300,,,,https://www.lebenstraeume-grafschaft.de/aussteller/cirrus-living-immobilien-gmbh-co-kg/,2026
CURA Security GmbH,curasecurity.de,05921 3045646,info@curasecurity.de,,Germany,CURA Security GmbH,"CURA Security stellt Fachkräfte für die verschiedensten Sicherheitsdiensleistungen. Unsere innerbetrieblichen Prozesse gestalten wir effizient. Klar formulierte Dienstanweisungen sorgen zum Beispiel dafür, dass wir ohne Reibungsverlust Hand in Hand arbeiten. Wir reagieren schnell und flexibel, denn unsere durchorganisierten Strukturen vom Schreibtisch bis zur Ablage sparen wertvolle Zeit. Mit regelmäßigen, EDV-gestützten und ausgewerteten Feedbacks kontrollieren wir, ob unsere Qualitätsansprüche umgesetzt werden. Aus den Ergebnissen nehmen wir wichtige Impulse auf, um unsere Arbeitsabläufe zu optimieren.",info@curasecurity.de,05921 3045646,,,,https://www.lebenstraeume-grafschaft.de/aussteller/cura-security/,2026
Deppe Backstein-Keramik GmbH,deppe-backstein.de,05942 92100,info@deppe-backstein.de,,Germany,Deppe Backstein-Keramik GmbH,"Ästhetische Klinker für Ihr Bauvorhaben Die Deppe Backstein-Keramik GmbH ist ein traditionsreiches Familienunternehmen, das seit 1888 in handwerklicher Perfektion Ziegelprodukte herstellt, die durch Ästhetik, Qualität und Langlebigkeit überzeugen. Unser Sortiment umfasst eine Vielzahl von Backsteinen in unterschiedlichen Farben, Formaten, Formen und Texturen, die sowohl für Neubauten als auch für Renovierungsprojekte geeignet sind. Wir bieten klassischen Verblendklinker, Formsteine sowie individuelle Sonderanfertigungen an. Diese Vielfalt ermöglicht es Bauherr*innen und Architekt*innen, stilvolle und langlebige Fassaden zu gestalten, die ästhetisch wie funktional sind.",info@deppe-backstein.de,05942 92100,,,,https://www.lebenstraeume-grafschaft.de/aussteller/deppe-backstein-keramik-gmbh/,2026
Dinkelholzbetriebe GmbH,dinkelholz.de,+49594198840,Detlef.terhaar@dinkelholz.de,,Germany,Dinkelholzbetriebe GmbH,"Dinkelholzbetriebe GmbH – Alles unter einem Dach! Seit über 30 Jahren Ihr zuverlässiger Partner, wenn es ums Handwerk geht! Unsere Fertigung ist mit modernster Technologie auf höchstem Niveau ausgestattet. Das Fertigungsteam ist mit qualifizierten und motivierten Facharbeitern besetzt. Die Zufriedenheit unserer Kunden steht bei uns an erster Stelle. Unser individuelles Leistungsspektrum für Privat- und Gewerbekunden erstreckt sich über: Wir freuen uns, Sie an unserem Stand begrüßen zu dürfen.",Detlef.terhaar@dinkelholz.de,+49594198840,,,,https://www.lebenstraeume-grafschaft.de/aussteller/dinkelholzbetriebe-gmbh/,2026
EBM GbR Eisenbraun & Bayer Malermeisterbetrieb,ebm-nordhorn.de,+4915253522747,,"Bentheimer Straße 239, 48529, Nordhorn, DE",Germany,EBM GbR Eisenbraun & Bayer Malermeisterbetrieb,"Unser Malerbetrieb ist seit 2015 am Markt etabliert und kann mittlerweile auf einen großen Stamm zufriedener Kunden zurückblicken. Hierzu zählen sowohl private als auch gewerbliche Auftraggeber. Wir kümmern uns um Fassadengestaltungen, Raumgestaltungen und Tapezierarbeiten, um fugenlose Oberflächen und fugenlose Bäder sowie um Bodenbeläge jeglicher Art. Die Schwerpunkte unseres Betriebs haben wir nachfolgend für Sie aufgeführt: Fugenlose Oberflächen und Bäder liegen derzeit hoch im Trend. Hierzu zählt auch die Beton Optik, der wir als erfahrener Malermeister eine individuelle Oberfläche verleihen. Der moderne Industrial Style lässt sich vielseitig kombinieren und eignet sich sowohl für Wohnbereiche als auch für Geschäftsräume. Der Beton Style ist zeitlos schön und besitzt eine einzigartige Struktur. Jede bearbeitete Fläche ist ein absolutes Unikat. Als Meister auf dem Gebiet Raumgestaltung beraten wir Sie gerne persönlich.",,+4915253522747,"Bentheimer Straße 239, 48529, Nordhorn, DE",,,https://www.lebenstraeume-grafschaft.de/aussteller/ebm-gbr-eisenbraun-bayer-malermeisterbetrieb/,2026
EcotecWorld GmbH Uelsen,ecotecworld.de,05942 9893110,kundenanfragen@ecotecworld.de,,Germany,EcotecWorld GmbH Uelsen,"Wir sind ein innovatives und wachsendes Energieunternehmen, das sich auf die Entwicklung und Umsetzung nachhaltiger Photovoltaik- und Speicherprojekte fokussiert. Die Energiewende ist in aller Munde, passiert jedoch nicht von allein. Wir glauben daran, dass es möglich ist. Dafür arbeiten wir als Team an dem Ausbau der notwendigen PV-Leistung und Speicherkapazität! International vernetzt, in Uelsen zu Hause Mit dem EcotecWorld-Großhandel in Coevorden (NL) und jeweils einer Niederlassung in China (Hongkong) und der Türkei sind wir international vernetzt. Unser Sitz in Uelsen zeigt, wo unser Zuhause ist.",kundenanfragen@ecotecworld.de,05942 9893110,,,,https://www.lebenstraeume-grafschaft.de/aussteller/ecotecworld-environmental-products-gmbh/,2026
Elbert Immobilien & Finanz GmbH,immobilien-elbert.de,05921-826041,INFO@IMMOBILIEN-elbert.de,"Neuenhauser Str. 76-78, 48527, Nordhorn, DE",Germany,Elbert Immobilien & Finanz GmbH,"Das sind wir Gegründet wurde das Unternehmen durch die Kaufleute Wilhelm Elbert und Werner Poll im Jahr 1995. Seit 2025 befindet sich die Elbert Immobilien & Finanz GmbH (ehemals EPI Elbert + Poll Immobilien GmbH (EPI)) vollständig in Besitz der Familie Elbert. Als inhabergeführtes Familienunternehmen können wir unabhängig und eigenständig handeln und wirtschaften. Dies ist eine wesentliche Grundlage für anhaltenden Unternehmenserfolg und nachhaltige Kundenbeziehungen. Mit jahrzehntelanger erfolgreicher Erfahrung im Vertrieb sowie langjähriger erfolgreicher Erfahrung in der Immobilienprojektentwicklung und einem vorhandenen Hochschulstudium im Bereich Immobilienwirtschaft und -management machen wir den Unterschied. Wir möchten das optimale Ergebnis für unsere Kunden erzielen, daher stehen Aus- und Weiterbildungen bei uns auf der Tagesordnung. Unser „Knowhow“ macht uns zu einem ausgebildeten Experten für den Immobilienverkauf und die Immobilienvermietung in Nordhorn sowie in der Grafschaft Bentheim. Leistungen Auf der Suche nach Ihrem ganz persönlichen Traumhaus sind wir Ihr zuverlässiger und kompetenter Ansprechpartner. Wir verschaffen Ihnen in einem ausführlichen Beratungsgespräch und anhand aussagekräftiger Exposés einen optimalen Überblick über den aktuellen Immobilienmarkt. Auf Wunsch beraten Sie über wichtige Versicherungen rund um die Immobilie. Angebote Damit Ihre Immobilie auf dem Immobilienmarkt auf schnelle Resonanz trifft, präsentieren wir diese auf vielfältige Art und Weise. Umfangreiche Präsentationen Ihrer Immobilie finden Sie in allen maßgeblichen Printmedien, auf diversen Immobilienplattformen im Internet und in unseren Schaukästen. Unser aktuelles Immobilienangebot finden Sie unter Facebook und hier im Internet. Objekt anbieten Weil Sie bei uns im Mittelpunkt stehen. Bei EPI stehen Sie im Mittelpunkt, Sie und Ihre Immobilie. Egal aus welchem Grund Sie Ihre Immobilie verkaufen bzw. kaufen wollen und was auch immer Ihre Vorstellungen, Wünsche und Ziele sind. Wir wollen jedem Kunden mit unserer Arbeit und Dienstleistung einen Mehrwert bieten, den Sie ohne unser Tun nicht hätten. Denn dann sind wir unser Geld auch wert und unsere Provision ist eine ehrlich verdiente Erfolgsprovision.",INFO@IMMOBILIEN-elbert.de,05921-826041,"Neuenhauser Str. 76-78, 48527, Nordhorn, DE",,,https://www.lebenstraeume-grafschaft.de/aussteller/elbert-immobilien/,2026
Evers & Sommer,evers-sommer.de,+4959213701780,info@evers-sommer.de,,Germany,Evers & Sommer,"Wenn wir auch klein angefangen haben, so unterstützt uns heute ein Team von vierzehn Mitarbeitern mit zehn Einsatzwagen, die rund um die Uhr um Ihr Wohl bemüht sind. Ein Vierteljahrhundert in der Selbstständigkeit und unser immer weiter wachsende Unternehmen hat uns einiges an Erfahrung gelehrt. Um den Austausch zwischen den Generationen immer aufrechtzuerhalten, haben wir uns dazu entschieden motivierten Nachwuchs in unserem Fachgebiet auszubilden. Unser neuer größerer Standort, der selbst durch eine Luft-Wasser-Wärme-Pumpe der neusten Generation versorgt wird, macht es uns möglich flexibel Aufträge entgegenzunehmen. Darunter finden sich nicht nur Einfamilienhäuser in der Grafschaft, sondern auch Großprojekte, wie das ehemalige Hallenbad am Stadtring, das Hotel Riverside, das „Move-Inn“-Hostel, das Haus des Sports oder unser Kegelsportzentrum. In den Bereichen Sanitär-, Heizung-, Lüftung- und Klimatechnik sowie Schwimmbadtechnik, Fotovoltaikanlagen, Solar- und Wärmetechnik sind wir Ihr Fachmann!",info@evers-sommer.de,+4959213701780,,,,https://www.lebenstraeume-grafschaft.de/aussteller/evers-sommer/,2026
Fliesen Design Holzke,web2.cylex.de,,,,Germany,Fliesen Design Holzke,,,,,,,https://www.lebenstraeume-grafschaft.de/aussteller/fliesen-design-holzke/,2026
Freiraumplanung Tenfelde,freiraumplanung-tenfelde.de,,,,Germany,Freiraumplanung Tenfelde,"Freiraumplanung Tenfelde – Das Planungsbüro für kreative Ideen. „Wer sich der Gartenleidenschaft verfiel, ist noch nie geheilt worden. Er fühlt sich immer tiefer in sie verstrickt.“ (Karl Förster) Um diese Leidenschaft zu verstehen, ist es wichtig seine Bedürfnisse und Wünsche zu kennen. Dabei unterstütze ich Sie. Meine Leistungen beginnen bei der Analyse Ihrer Wünsche und Bedürfnisse. In einem ersten Gespräch filtern wir diese heraus, um Ihnen in Ihrem zukünftigen Garten ein Gesicht zu geben. Es folgt eine Besichtigung Ihres Gartens. Bis zur Realisierung des Wunschgartens stehe ich an Ihrer Seite, auch für Selbstbauer bin ich selbstverständlich gerne Ansprechpartner und Berater. Weitere Arbeitsschwerpunkte sind nicht nur die Realisierung von Hausgärten, sondern unter anderem auch die Planung von Spielplätzen, Pflanz- und Detailplanungen sowie die Planung von öffentlichen Grünanlagen. Dies geschieht immer in Abstimmung mit den Auftraggebern in einem persönlichen Gespräch. Ebenso stehe ich für ein individuelles Beratungsgespräch zur Verfügung, wir von Freiraumplanung Tenfelde freuen uns über einen Kontakt Ihrerseits.",,,,,,https://www.lebenstraeume-grafschaft.de/aussteller/freiraumplanung-tenfelde/,2026
FU Finanz-Union Vermittlungs AG,finanz-union.de,,,,Germany,FU Finanz-Union Vermittlungs AG,"Mit der FU Finanz-Union Vermittlungs AG setzen Sie auf ein erfahrenes, kompetentes und nachweislich erfolgreiches Team. Seit 1992 sind wir als Finanzdienstleister mit Zentrale in Nordhorn bundesweit tätig, betreuen mittlerweile weit über 30.000 Kunden und verwalten ein Vermögen von mehr als 350 Millionen Euro. Durch unser gebündeltes Know-how bieten wir Ihnen eine ganzheitliche Beratung nach Ihren Wünschen und Zielen. Ihre eindeutigen Vorteile liegen in unserer absoluten Neutralität gegenüber den Produktanbietern. Somit wählen wir für Sie das jeweils passende Angebot aus dem Gesamtmarkt aus. Als Hauptsitz der FU Finanz-Union Vermittlungs AG vereint unser Dienstleistungszentrum in Nordhorn optimale Kundenbetreuung und den Service unserer Vermittler. Das Dienstleistungszentrum der FU Finanz-Union Vermittlungs AG stellt ein erfahrenes BackOffice, das Vermittlern und Kooperationspartnern den Rücken frei hält. Mit rund 40 Mitarbeitern kann eine optimale Kundenbetreuung sichergestellt und für Erreichbarkeit, Koordination und Dokumentation sämtlicher Kundenkontakte gesorgt werden. Während sich die Vermittler in Beratungsgesprächen um die optimale Betreuung der Klienten kümmern, setzt das BackOffice alles daran, eine reibungslose Organisation, von der Kundenanfrage bis zur Vertragsabwicklung, zu gewährleisten.",,,,,,https://www.lebenstraeume-grafschaft.de/aussteller/fu-finanz-union-vermittlungs-ag/,2026
G. Büter Bauunternehmen GmbH,bueter-bau.de,+495944 9393-0,info@bueter-bau.de,,Germany,G. Büter Bauunternehmen GmbH,"So wird gebaut! „büter – so wird gebaut!“ – Das ist unser Motto, unser Maßstab und unser Versprechen an Sie. Schon seit über 90 Jahren realisieren unsere über 100 Mitarbeiterinnen und Mitarbeiter nach dieser Devise anspruchsvolle Bauprojekte. Wir stehen für Innovationsgeist, Qualität, Nachhaltigkeit, Zuverlässigkeit und Vertrauen. Jeden Tag freuen wir uns aufs Neue darauf, unsere Leistungsbereitschaft und unsere Leistungsfähigkeit unter Beweis zu stellen. Wir laden Sie herzlich ein, sich ein Bild von unserem innovativen Unternehmenskonzept zu machen. Das sind wir Als erfolgreiches Unternehmen wollen wir mit der progressiven, nachhaltigen Entwicklung von Bauprojekten einen wesentlichen Beitrag zum Gemeinwohl leisten. Unser Anspruch ist es, auch zukünftigen Generationen ein sicheres, energiebewusstes Zuhause zu bieten. Wir verfolgen kein rein wirtschaftliches Interesse, sondern sind davon überzeugt, dass unser Unternehmen nur dann wirklich erfolgreich ist, wenn langfristig möglichst viele Menschen von den von uns entwickelten Projekten profitieren. Hier gehen wir unseren eigenen Weg, der weit über die Vorgaben der Politik und Verwaltung hinausdenkt. Innovativ zu bauen bedeutet selbstbestimmt zu leben. Zukunftsorientierte Raumrealisierer Wir arbeiten ganzheitlich. Das heißt, wir entwickeln immer neue Ideen und lassen diese gemeinsam mit unseren Auftraggebern Realität werden. Sowohl beim Planen als auch beim Bauen sind wir auf dem neuesten technischen sowie wissenschaftlichen Stand und berücksichtigen alle Innovationen, die umsetzbar und nachhaltig sind. So haben wir uns vom Rohbau über den Schlüsselfertigbau bis hin zur mutigen Projektentwicklung als zukunftsorientierte Raumrealisierer unserer Region etabliert. Mit jedem unserer Projekte werden wir Ihre Erwartungen nicht nur erfüllen, sondern übertreffen. Denn wir wollen, dass Sie nicht nur zufrieden, sondern begeistert sind. Innovative Verantwortungsträger Wir schaffen zukunftsfähigen Wohn– und Arbeitsraum, indem wir durchdacht, nachhaltig und verantwortungsbewusst planen und bauen. Unsere ressourcenschonenden, gemeinschaftsorientierten und innovativen Bauprojekte ebnen den Weg für die Lösung wichtiger gesellschaftlicher Fragen: Gemeinschaftliches Wohnen, hybride Typologien, low– oder hightech Quartiersentwicklung und autarke Lebensräume sind reizvolle und überzeugende Konzepte, die auf lange Zeit leistbare Betriebskosten garantieren, auch in einer sich verändernden Zukunft Bestand haben und damit weit über derzeitige politische Vorgaben hinausdenken. Wir bauen innovativ, damit Sie selbstbestimmt leben können. Die gesellschaftlichen und ökologischen Herausforderungen unserer Zukunft stehen im Fokus unseres unternehmerischen und fachlichen Denkens und Handelns. Verantwortungsbewusste Risikomanager Wir sind uns unserer großen Verantwortung bewusst: Durch die regelmäßige Evaluierung unserer Arbeitsprozesse garantieren wir Ihnen einen effizienten Planungs- und Bauablauf und damit höchstmögliche Termin- und Kostensicherheit. Die breitgefächerte Expertise unseres interdisziplinären Teams und unser zuverlässiges Netzwerk ermöglichen es uns, auch die ambitioniertesten Projekte auf höchstem Niveau zu realisieren.?Dabei legen wir während des gesamten Prozesses großen Wert auf den transparenten und vertrauensvollen Austausch mit allen Projektpartnern und Auftraggebern. Als Risikomanager übernehmen wir dabei nicht nur Verantwortung während der Planungs- und Bauphase, sondern wir stehen Ihnen auch danach dauerhaft und zu jederzeit als kompetenter Ansprechpartner und Berater zur Seite.? Inspirierende Möglichmacher Die Grafschaft ist für uns Identität und Inspiration zugleich: Als Grafschafter Unternehmen sind wir unserer Heimat sehr verbunden. Die langjährige Zusammenarbeit mit qualifizierten Partnern aus unserer Region ist für uns eine wichtige Tradition, die sowohl regionale Wertschöpfung als auch gegenseitige Wertschätzung bedeutet. Ein vertrauensvolles Miteinander prägt die Grafschaft ebenso wie unser Unternehmen und ist die Basis für den Projekterfolg. Unsere firmeneigenen Grundwerte und Verhaltensstandards ermöglichen auch innerhalb unseres Teams eine professionelle und zugleich vertrauensvolle Zusammenarbeit auf Augenhöhe. Gemeinsam schaffen wir resiliente Wohn- und Arbeitsräume, die Identität stiften und inspirieren.",info@bueter-bau.de,+495944 9393-0,,,,https://www.lebenstraeume-grafschaft.de/aussteller/g-bueter-bauunternehmen-gmbh/,2026
GartenForm Galabau,gartenform-galabau.de,,,,Germany,GartenForm Galabau,"Terrassendächer Premium-Überdachungen aus Aluminium Das gewisse Extra für Ihren Garten – hochwertig, individuell und vielfältig! Egal, ob mit Glas oder Polycarbonat ausgestattet, ob mit integriertem Sonnen- oder Sichtschutz – wir lassen keine Wünsche offen! Wintergärten Premium-Überdachungen aus Aluminium Eine stilvolle, moderne Alternative, wenn Sie sich mehr Wohnraum wünschen, aber kein Geld für einen teuren Anbau ausgeben möchten. Die schönen Kaltwintergärten sind eine praktische Alternative zur Terrassenüberdachung. Hier lässt sich die Natur zu jeder Jahreszeit genießen. Freistehende Carports Eleganter Schutz fürs Auto Perfekt integriert in die Umgebung steht Ihr Carport neben dem Haus und bietet Ihrem Auto Schutz vor den Elementen. Carports müssen nicht nur praktisch sein, sondern sollten auch mit Ihrem Haus und Garten harmonieren. Auf eine moderne Optik und stilvolle Ausstattung legen wir größten Wert.",,,,,,https://www.lebenstraeume-grafschaft.de/aussteller/gartenform-galabau/,2026
GEWO Gesellschaft für Wohnen und Bauen mbH,gewo-nordhorn.de,004959217060,info@gewo-nordhorn.de,,Germany,GEWO Gesellschaft für Wohnen und Bauen mbH,"Die gewo ist der größte Wohnungsanbieter in der Grafschaft Bentheim Willkommen bei der gewo. Seit mehr als 75 Jahren sind wir euer zuverlässiger Partner für modernes, sicheres und bezahlbares Wohnen in und um Nordhorn in der Grafschaft Bentheim. Mit Leidenschaft bauen, verwalten, verkaufen und sanieren wir Immobilien und übernehmen Verantwortung für lebenswerte Nachbarschaften und eine nachhaltige Entwicklung unserer Region. Wir setzen dabei auf Nähe, Nachhaltigkeit und Zukunftssicherheit. Der Mensch steht für uns immer im Mittelpunkt: Wir schaffen Wohn(t)räume für Singles, Familien und Senioren. In den mehr als sieben Jahrzehnten, die es die gewo nun schon gibt, haben wir kontinuierlich an Erfahrung und Kompetenz gewonnen, an regionaler Verbundenheit und an Sicherheit. Dies gibt uns die Stärke zu sagen, dass wir gewohnt gut sind. Wir verstehen Immobilien, wir bauen nach den neuesten Standards und wir kennen die Region. Unser neues Logo drückt dieses Selbstbewusstsein und unsere Werte auf moderne und klare Weise aus. Das neue Logo steht für unsere gewachsene Identität und gleichzeitig für den Blick nach vorn. Es verbindet Tradition und Wandel, Stabilität und Bewegung.",info@gewo-nordhorn.de,004959217060,,,,https://www.lebenstraeume-grafschaft.de/aussteller/gewo-gesellschaft-fuer-wohnen-und-bauen-mbh/,2026
Glüpker Lufttechnik GmbH,gluepker-lufttechnik.com,+49 (0) 5942-988177,info@gluepker-lufttechnik.de,,Germany,Glüpker Lufttechnik GmbH,"Qualität wird hier groß geschrieben ! Seit vielen Jahren arbeitet die Glüpker Lufttechnik GmbH erfolgreich im Bereich Wohnraumlüftung, Klimaanlagen und Staubsaugeranlagen. Mit über 500 eingebauten Anlagen, zählt das Unternehmen zu den wenigen Fachunternehmen der Branche. Zufriedene Kunden sind besonders wichtig. Darum nehmen die Mitarbeiter von Glüpker Lufttechnik GmbH sich die Zeit, Sie umfassend zu beraten und erstellen Ihnen ein Angebot, was ganz auf Ihre Situation und Wünsche eingeht. Die Glüpker Lufttechnik GmbH bietet Ihnen ein sehr gutes Preis/Leistungsverhältnis! Verarbeitet werden ausschließlich hochwertige Materialien von führenden Herstellern. Profitieren Sie von langjähriger Erfahrung! Gerne unterbreitet die Glüpker Lufttechnik GmbH Ihnen ein unverbindliches Angebot!",info@gluepker-lufttechnik.de,+49 (0) 5942-988177,,,,https://www.lebenstraeume-grafschaft.de/aussteller/gluepker-lufttechnik-gmbh/,2026
Grafschafter Volksbank eG,grafschafter-volksbank.de,059211720,info@grafschafter-volksbank.de,,Germany,Grafschafter Volksbank eG,"Kompetent. Regional. Verlässlich. – Ihre Immobilienexperten der Grafschafter Volksbank Seit über 50 Jahren ist die Immobilienabteilung der Grafschafter Volksbank eG der verlässliche Partner für Kauf, Verkauf und Vermittlung von Immobilien in der Grafschaft Bentheim und Umgebung. Mit über 10.000 erfolgreich vermittelten Objekten und einer Erfolgsquote von 94 % stehen wir für Erfahrung, Marktkenntnis und Vertrauen. Unsere Stärke liegt in der Kundennähe: Wir kennen den regionalen Markt, hören genau zu und begleiten Sie persönlich – vom ersten Beratungsgespräch bis zum Notartermin. Käufer und Verkäufer profitieren dabei gleichermaßen von Bonitätsprüfungen, die Sicherheit und Transparenz in jeder Vermittlung schaffen. Durch die enge Verzahnung mit der Bank bieten wir Ihnen ein ganzheitliches Konzept – von der realistischen Wertermittlung über maßgeschneiderte Finanzierungen bis hin zu Beratung bei Modernisierung, Sanierung und Fördermitteln. So entstehen nachhaltige Lösungen, die zu Ihnen und Ihrer Immobilie passen. Unser Leistungsversprechen: Besuchen Sie uns auf der Messe – wir freuen uns auf den Austausch mit Ihnen!",info@grafschafter-volksbank.de,059211720,,,,https://www.lebenstraeume-grafschaft.de/aussteller/grafschafter-volksbank/,2026
H + S Kälte und Klimatechnik GmbH,hs-klima.de,+4959082209560,info@hs-klima.de,"Von-Humboldt-Straße 4a, 49835, Wietmarschen-Lohne, DE",Germany,H + S Kälte und Klimatechnik GmbH,"Kälte und Klimatechnik, die überzeugt. Meisterbetrieb für Planung, Montage & Service, 15 Jahre kumulierte Branchenerfahrung. Ob eine Kälteanlage in der Industrie, ein Kühlraum im Einzelhandel oder die Klimaanlage im Büro oder Zuhause – wir stehen Ihnen in Sachen Kälte- und Klimaanlagen mit Rat und Tat zur Seite, wenn es darum geht, Ihren Bedürfnissen und Anforderungen gerecht zu werden. Gerne beraten wir Sie über die Möglichkeiten und finden gemeinsam eine Lösung, die zu Ihnen passt. Sprechen Sie uns gerne an. Wir lassen niemanden im Kalten stehen… Mit über 15 Jahren Branchenerfahrung stehen wir für durchdachte Planung, fachgerechte Montage und zuverlässigen Service. Unser Anspruch ist es, effiziente und langlebige Lösungen zu realisieren – individuell abgestimmt auf die Anforderungen von Industrie-, Gewerbe- und Privatkunden. Als regionales Unternehmen legen wir großen Wert auf persönliche Beratung, saubere Ausführung und termingerechte Umsetzung. Von der ersten Idee bis zur laufenden Betreuung begleiten wir Ihr Projekt mit Fachkompetenz und Engagement. Als eingespieltes Team garantieren wir Qualität, Zuverlässigkeit und einen direkten Ansprechpartner auf Augenhöhe.",info@hs-klima.de,+4959082209560,"Von-Humboldt-Straße 4a, 49835, Wietmarschen-Lohne, DE",,,https://www.lebenstraeume-grafschaft.de/aussteller/h-s-kaelte-und-klimatechnik-gmbh/,2026
H. Keuter Land- und Gartentechnik,keuter-wietmarschen.de,05925) 99400,,,Germany,H. Keuter Land- und Gartentechnik,"Bei H. Keuter in Wietmarschen bekommt man… …die passende Maschine und das richtige Gerät für jeden Grund und alle Böden. Der Familienbetrieb in dritter Generation ist deshalb die erste Adresse für Gartenfreunde und geschätzter Partner von Landwirten, Forstbetrieben und Kommunen. Unsere Mitarbeiter mit langjähriger Erfahrung sind durch regelmäßige Schulungen immer über den neuesten Stand der Technik informiert und beraten Sie bestens. Durch Probeeinsätze oder Demonstration der Geräte wird garantiert, dass Sie als Kunde das richtige Gerät kaufen.",,05925) 99400,,,,https://www.lebenstraeume-grafschaft.de/aussteller/h-keuter/,2026
HEIM & HAUS Holding GmbH,heimhaus.de,+49 (0) 203 / 40 64 40,,,Germany,HEIM & HAUS Holding GmbH,"HEIM & HAUS ist die Nr. 1 im Direktvertrieb exklusiver Bauelemente und zählt zu den größten Herstellern auf dem deutschen Markt. HEIM & HAUS ist führend in Produkt-, Dienstleistungs- und Beratungsqualität.",,+49 (0) 203 / 40 64 40,,,,https://www.lebenstraeume-grafschaft.de/aussteller/heim-haus-holding-gmbh/,2026
Hellwig Elektrotechnik,hellwigelektro.de,+49 5921 370380,info@hellwigelektro.de,,Germany,Hellwig Elektrotechnik,Hellwig Elektrotechnik ist spezialisiert auf Renovierungen und Modernisierungen und ist deshalb der ideale Partner für Privat- und Industriekunden. Entdecken Sie unser gesamtes Leistungsportfolio. Unsere Leistungen,info@hellwigelektro.de,+49 5921 370380,,,,https://www.lebenstraeume-grafschaft.de/aussteller/hellwig-elektrotechnik/,2026
Immobilien Kamphorst GmbH,kamphorst.de,1860 (1/1860,noh@kamphorst.de,,Germany,Immobilien Kamphorst GmbH,"Bei uns dürfen Ihre Immobilienwünsche aufgehen. Der Kauf eines Hauses ist Vertrauenssache. Die qualifizierten Mitarbeiter von Immobilien Kamphorst beraten nicht nur gut und gerne, sondern zeigen Ihnen, wie Sie sich im großen Immobilienangebot bequem zurechtfinden. SERVICE wird bei uns groß geschrieben. Angefangen bei der ersten Objektbesichtigung bis hin zur kompetenten Finanzierungsberatung. Nichts bleibt dem Zufall überlassen. Hausverkauf ohne Hürden und Hindernisse Wer seine Immobilie verkaufen möchte, hat dafür gute Gründe. Grundlegende Voraussetzung für eine optimale Veräußerung ist die Wahl eines kompetenten Partners und das uneingeschränkte Vertrauen in dessen jahrelange Erfahrung. Mit Immobilien Kamphorst entscheiden Sie sich für ein professionelles Immobilienunternehmen mit Niederlassungen in Osnabrück, Lingen und Nordhorn und einer über 40-jährigen Markterfahrung im nord-westlichen Raum. Vorsprung durch Wissen Wer andere qualifiziert beraten will, muss ständig auf dem neusten Stand sein. So sind intensive Aus- und Weiterbildungsprogramme für das gesamte Team der Unternehmensgruppe Kamphorst selbstverständlich. Natürlich tauschen sich die Mitarbeiter der verschiedenen Unternehmensbereiche ständig untereinander aus, um die Qualität und Kompetenz der Beratung zu intensivieren. In der Praxis führt dies zu einem fundierten Fachwissen – beispielhaft und kundenorientiert. Wir nennen das Vorsprung durch Wissen. Die Firma Kamphorst bietet Ihnen Service rund um die Immobilie – aus einer Hand.",noh@kamphorst.de,1860 (1/1860,,,,https://www.lebenstraeume-grafschaft.de/aussteller/immobilien-kamphorst-gmbh/,2026
Kommunale Umwelt-AktioN (UAN) und Stadt Nordhorn,nordhorn.de,2023 / 2024,info@nordhorn.de,,Germany,Kommunale Umwelt-AktioN (UAN) und Stadt Nordhorn,"Augen auf für Überflutungsschutz! Das verheerende Ausmaß an Schäden durch Überflutungen hat sich beispielsweise 2021 im Ahrtal durch Starkregen und über den Jahreswechsel 2023 / 2024 in Niedersachsen durch Flusshochwasser gezeigt. Es ist davon auszugehen, dass diese Ereignisse infolge des Klimawandels zukünftig häufiger auftreten werden. Die Stadt Nordhorn bereitet sich mit Handlungskonzepten und konkreten Maßnahmen zur Starkregenvorsorge auf diese Gefährdung vor. Die kommunalen Vorsorgemöglichkeiten haben allerdings ihre Grenzen, insbesondere bei extremen Ereignissen. Um Schäden durch Überflutung zu minimieren, sollte daher auch die Bevölkerung eigenverantwortlich notwendige Vorsorgemaßnahmen treffen. Denn Überflutungsschutz ist eine Gemeinschaftsaufgabe. Am Samstag und Sonntag zeigt die Kommunale Umwelt-AktioN (UAN) auf Einladung der Stadt Nordhorn: Dazu gibt es fachkundige Beratung zu allen Fragen rund um das Thema Überflutungsschutz.",info@nordhorn.de,2023 / 2024,,,,https://www.lebenstraeume-grafschaft.de/aussteller/kommunale-umwelt-aktion-uan-und-stadt-nordhorn/,2026
Kreissparkasse Grafschaft Bentheim zu Nordhorn,sparkasse-nordhorn.de,+49 5921 98-0,info@sparkasse-nordhorn.de,,Germany,Kreissparkasse Grafschaft Bentheim zu Nordhorn,"Immobilienverkauf in der Grafschaft Bentheim Mit uns: stressfrei, sicher und erfolgreich. Der Verkauf einer Immobilie ist ein großer Schritt und mit viel Aufwand verbunden – und genau den nehmen wir Ihnen ab. Nach der Ermittlung Ihrer individuellen Wünsche und einer qualitativen Marktpreiseinschätzung durch unsere Immobilienexperten kümmern wir uns mit Leidenschaft und Engagement um den gesamten Vermarktungsprozess bis hin zum Notartermin. Auch nach dem erfolgreichen Verkauf stehen wir bis zur Übergabe stets an Ihrer Seite. In unserer Datenbank befindet sich eine Vielzahl bonitätsgeprüfter Interessenten. So können wir Verkäufer und Käufer zeitnah und passgenau zusammenbringen. Die Machbarkeit einer Finanzierung haben wir bereits im Vorfeld geprüft. Das bedeutet für Sie ein Plus an Sicherheit, schnellem Erfolg und maximalem Ergebnis. Unser Leistungsversprechen: Unsere Leistungsoptionen: Rundum gut beraten. Unsere Spezialisten aus dem ImmobilienCenter begleiten Sie vom Erstkontakt bis zur Übergabe. Sprechen Sie mit uns!",info@sparkasse-nordhorn.de,+49 5921 98-0,,,,https://www.lebenstraeume-grafschaft.de/aussteller/kreissparkasse-grafschaft-bentheim-zu-nordhorn/,2026
Kronemeyer GmbH,kronemeyer.de,0594293210,info@kronemeyer.de,,Germany,Kronemeyer GmbH,"Sie wollen bauen? Oder das Bad sanieren ? Oder die Heizung erneuern ? Sie wollen Energiekosten sparen ? Oder suchen nach alternativen, regenerativen Heizmöglichkeiten? Dann sind Sie bei uns richtig… Wir sind in weitem Umkreis der leistungsfähigste Betrieb im Bereich Heizung und Sanitär. Über hundert kompetente Mitarbeiterinnen und Mitarbeiter umfasst unser Team. Und mehrere tausend zufriedene Kunden mit ihren privaten Häusern oder Gewerbebetrieben werden von uns betreut. Dabei ist uns jede einzelne Kundin und jeder einzelne Kunde wichtig! Wir möchten auch Sie mit Qualitätsprodukten und Qualitätsarbeit überzeugen. Gibt es eine schönere Auszeichnung, als nach Fertigstellung die Übergabe an einen begeisterten Kunden vornehmen zu dürfen? Besuchen Sie unseren Stand auf der Messe Lebensträume oder vereinbaren Sie einen Termin und präsentieren Sie uns Ihr Vorhaben oder stellen Sie uns Ihre Fragen! Ob ein Wasserhahn tropft oder 1000 Heizkörper zu montieren sind – auf unsere hohe Motivation und die Qualität unserer Arbeit hat das keinen Einfluss.",info@kronemeyer.de,0594293210,,,,https://www.lebenstraeume-grafschaft.de/aussteller/kronemeyer-gmbh/,2026
KS Haus & Garten GmbH,sites.google.com,,,,Germany,KS Haus & Garten GmbH,,,,,,,https://www.lebenstraeume-grafschaft.de/aussteller/ks-haus-garten-gmbh/,2026
Malermeister Sebastian Göcke,goecke-malerfachbetrieb.de,+49 (0)17 29 34 40 22,info@goecke-malerfachbetrieb.de,,Germany,Malermeister Sebastian Göcke,"Wellness für Wände… Wir verwandeln Ihr Zuhause in eine Wohlfühloase, Ihr Firmengebäude in attraktive Geschäftsräume, Ihr Vorhaben in Wirklichkeit. Mit mehr als 14 Jahren Erfahrung und weit mehr als 1000 gestalteten Objekten ist unser Malermeisterteam Sebastian Göcke für Sie der ideale Ansprechpartner in Sachen Tapeziertechniken, kreative Wandgestaltung, Fußböden und vieles mehr.",info@goecke-malerfachbetrieb.de,+49 (0)17 29 34 40 22,,,,https://www.lebenstraeume-grafschaft.de/aussteller/malermeister-sebastian-goecke/,2026
Marquardt Küchenstudio Nordhorn,marquardt-kuechen.de,08001331330,info@marquardt-kuechen.de,,Germany,Marquardt Küchenstudio Nordhorn,"Herzlich willkommen in unserem Küchenstudio Nordhorn! In unserem Küchenstudio gibt es die besten Küchen mit Granit in Nordhorn und Umgebung! Lassen Sie sich von unseren ideenreichen Ausstellungsküchen, den edlen Granitarbeitsplatten und unserer großen Ausstellung an Küchen- und Granitapplikationen begeistern und inspirieren! Lernen Sie in unseren kostenlosen monatlichen Küchenkursen tolle Kochrezepte und alles über die neuesten Elektrogeräte. Bei uns genießen Sie eine kompetente Küchenplanung, die ganz individuell auf Ihre Wünsche und Vorstellungen ausgerichtet ist. Beratungstermin in unserem Küchenstudio, bei Ihnen zu Hause oder online Sie haben schon konkrete Vorstellung oder möchten in einem unverbindlichen Termin zur Küchenplanung erste Ideen und Entwürfe zu Ihrer Küche erhalten? Dann sichern Sie sich jetzt Ihren Wunschtermin für eine Beratung und Planung Ihrer Küche. Sie können für Ihre Küchenplanung zwischen 3 verschiedenen Varianten wählen, um sich umfassend beraten zu lassen: Lassen Sie sich von unserer Küchenausstellung inspirieren und anschließend umfassend in unserem Küchenstudio zu Ihrer Wunschküche beraten. Unsere Küchenexperten planen gemeinsam mit Ihnen zu Hause Ihre Traumküche. Ihre Vorteile: Zur Vorbereitung auf eine Online-Beratung erhalten Sie von uns Fragen zu Ihrer Wunschküche. Unsere Küchenexperten bereiten den gemeinsamen Termin vor, um Ihnen erste Entwürfe Ihrer Traumküche vorzustellen und das Angebot zu verfeinern.",info@marquardt-kuechen.de,08001331330,,,,https://www.lebenstraeume-grafschaft.de/aussteller/marquardt-kuechenstudio-nordhorn/,2026
Moddemann Neue Energien GmbH,moddemann-pv.de,05921-88690,info@moddemann.de,,Germany,Moddemann Neue Energien GmbH,"Preiswerte Energielösungen vom Fachmann Bei uns erhalten Sie hocheffiziente Photovoltaikanlagen, Wärmepumpen und Klimaanlagen bester Qualität – seit über 30 Jahren. Beratung, Planung, Installation und Inbetriebnahme – alles aus einer Hand! Nachhaltige Energielösungen für Ihr Zuhause und Unternehmen Wir sind Ihr zuverlässiger Partner für nachhaltige Energielösungen und bieten eine breite Palette an hochwertigen Produkten an. Unser Sortiment umfasst Photovoltaikanlagen, Wärmepumpen und Klimaanlagen. Mit unseren innovativen und energieeffizienten Systemen helfen wir Ihnen, Ihre Energiekosten zu senken und die Umwelt zu schonen. Entdecken Sie unser Angebot und lassen Sie sich von unseren Experten beraten, um die perfekte Lösung für Ihr Zuhause oder Ihr Unternehmen zu finden.",info@moddemann.de,05921-88690,,,,https://www.lebenstraeume-grafschaft.de/aussteller/moddemann-neue-energien-gmbh/,2026
nvb Nordhorner Versorgungsbetriebe GmbH,nvb-nordhorn.de,,,,Germany,nvb Nordhorner Versorgungsbetriebe GmbH,Strom und Gas aus der Region – Ihr Energie-Versorger für die Grafschaft Bentheim und das Emsland.,,,,,,https://www.lebenstraeume-grafschaft.de/aussteller/nvb/,2026
Odink – Holz erleben,odink.de,05921 / 7120547,info@odink.de,,Germany,Odink – Holz erleben,"Wer Parkett sagt, der meint uns: Nicht umsonst wird Holz in unseren Händen zum Erlebnis. Seit dem Jahr 2006 sorgen wir dafür, dass Sie immer sicheren Boden unter die Füße bekommen, Parkettverlegung und –renovierung ist unser Spezialgebiet. In der großen Ausstellung gewinnen Sie einen völlig neuen Eindruck der Vielfalt von Massiv- und Fertigparkett. Ganz gleich, ob Sie moderne Landhausdielen oder klassisches Mosaikparkett wünschen: Aus unterschiedlichsten Hölzern und Farben finden Sie den idealen Boden für Ihr Zuhause. Dass wir nur beste Parkettqualitäten anbieten, versteht sich von selbst. Einen Parkettboden hat man für eine lange Zeit – deshalb bieten wir eine hundertprozentige Beratung und individuelle Konzepte an. Direkt vor Ort oder in unserer Ausstellung im Döppers Esch 7 in Nordhorn, wir sorgen für eine passende Lösung. Wer bei der Renovierung von Altbauten auf die unvergleichliche Holzoptik nicht verzichten möchte, kann bei Problemen mit der Bodenhöhe auf Designbeläge zurückgreifen. Die Holzoptik dieser Vinylbeläge ist praktisch nicht von echtem Parkett zu unterscheiden. Der Vorteil: Designbeläge können nass gewischt werden und sind absolut pflegeleicht. Weitere Servicesparten unseres Unternehmens sind die Renovierung von Parkettböden. Hier wie auch bei allen Verlege-Arbeiten erwartet Sie fachmännische Leistung bis ins kleinste Detail.",info@odink.de,05921 / 7120547,,,,https://www.lebenstraeume-grafschaft.de/aussteller/odink-holz-erleben/,2026
OLB Immobilien,olb.de,1.000.000,olb@olb.de,,Germany,OLB Immobilien,"Wir sind für Sie da. Verkaufen, bewerten, finden. Alles dazu finden Sie hier auf unseren Seiten. Wir können mehr für Sie tun? Dann kontaktieren Sie gerne unsere OLB-Immobilienexperten und Kooperationspartner in den Regionen.",olb@olb.de,1.000.000,,,,https://www.lebenstraeume-grafschaft.de/aussteller/olb-immobilien/,2026
Panzer Security,partner.suri-tec.de,+49 (0) 711 787476,info@suri-tec.de,,Germany,Panzer Security,Das Innovative Einbruch-Frühwarnsystem Made in Germany,info@suri-tec.de,+49 (0) 711 787476,,,,https://www.lebenstraeume-grafschaft.de/aussteller/suritec-fruehwarnsystem/,2026
PAS BAU GmbH,pas-bau.de,00495921302899,info@pas-bau.de,,Germany,PAS BAU GmbH,"SO BAUEN WIR. Wir sind Ihr Bauunternehmen für Nordhorn, Neuenhaus, Schüttorf, Uelsen, Lingen, Meppen … Als Michael Stroot und Manfred Pas unser Bauunternehmen vor über 20 Jahren in Nordhorn gründeten, haben sie Zuverlässigkeit und Qualitätsdenkens tief in die Firmenphilosophie verankert. Diese Werte leben nun in der nächsten Generation mit Michael Pas als Geschäftsführer und Christian Pas als stellvertretenden Geschäftsführer weiter. Dabei verbinden wir Traditionsbewusstsein mit zukunftsorientiertem Denken und Handeln. Wir bieten umfassende und passende Lösungen im Privat- und Gewerbebau, stellen unseren Kunden unsere Kenntnisse und unser fundiertes Fachwissen zur Verfügung und realisieren Bauprojekte von Nordhorn über Neuenhaus bis Lingen, von Uelsen über Schüttorf bis Meppen nach modernsten und sichersten Standards. Wir sind das Bauunternehmen für Gewerbe & Privat in der Grafschaft Bentheim und im Emsland Unser Motto „So bauen wir.“ drückt das Selbstverständnis aus, das wir als modernes, innovatives Bauunternehmen mit Sitz in Nordhorn haben. Wir bauen so, wie unsere Gewerbe- und Privatkunden es brauchen, ob direkt in Nordhorn, in Schüttorf, Uelsen, Lingen oder Meppen. Mit umfassenden Lösungen, die ganz auf die spezifischen Anforderungen und Ziele eines Projekts zugeschnitten sind, stehen wir unseren Kunden zuverlässig, vertrauensvoll und partnerschaftlich zur Seite. Dabei antizipieren wir neben den aktuellen Bedürfnissen unserer Kunden auch zukünftige Erfordernisse. Wir setzen auf innovative Bautechnologien zur Steigerung der Energieeffizienz und zur Schonung von Ressourcen. Mit Engagement für die Zukunft der Region, von Nordhorn bis Lingen, von Uelsen bis Meppen Es ist uns sehr bewusst, dass die Bauindustrie vor großen Herausforderungen steht. Davon lassen wir uns nicht einschüchtern, im Gegenteil. Wir wollen die Zukunft der Bauindustrie in der Grafschaft Bentheim und im Emsland mitgestalten. Bewusst streben wir danach, mit und für unsere Kunden Bauprojekte zu realisieren, die sowohl ökologisch als auch ökonomisch sinnvoll sind. Ob es um den Neubau einer Fabrikhalle in Lingen, um den Anbau an ein bestehendes Einfamilienhaus in Nordhorn oder um die energetische Sanierung eines Bürogebäudes in Bad Bentheim geht, wir entwickeln die richtigen Lösungen. Auch im An- und Verkauf von Immobilien engagieren wir uns.",info@pas-bau.de,00495921302899,,,,https://www.lebenstraeume-grafschaft.de/aussteller/pas-bau-gmbh/,2026
perik Parkett und Fußbodentechnik GmbH,perik-parkett.de,0591-96627745,info@perik-parkett.de,,Germany,perik Parkett und Fußbodentechnik GmbH,"Perik Parkett steht für hochwertige, wohngesunde Böden in hoher Qualität und bietet ein breit gefächertes Portfolio vom Einstiegsprodukt bis hin zur Premiumdiele in limitierter Auflage. Unsere Parkettböden stammen aus nachhaltiger Forstwirtschaft und ausgewählte Lieferanten. Wir als Fußboden-Fachbetrieb führen die Verlegung vom Parkett und div. Bodenbeläge einschl. fugenloser Böden mit jahrelanger Erfahrung und höchsten Qualitätsansprüchen zu Ihrer Zufriedenheit aus. Ebenso gehört zu unseren Stärken der Einbau von Treppen einschl. Geländer. Bei uns treffen Sie auf ein hochmotiviertes junges Team und wir stehen neuen Herausforderungen immer offen entgegen. Besuchen Sie uns in unserer 300qm großen Ausstellung am Hundesand 1 in Lingen.",info@perik-parkett.de,0591-96627745,,,,https://www.lebenstraeume-grafschaft.de/aussteller/perik-parkett-und-fussbodentechnik-gmbh/,2026
Planten und Plaastern,planten-und-plaastern.de,059017546,,,Germany,Planten und Plaastern,"Wir lieben Gärten Das Leben genießen – im eigenen kleinen Garten unter den blühenden Zweigen der Zierkirsche, beim Familiengrillen auf der gemütlichen Terrasse oder sogar mit den Füßen baumelnd im privaten kleinen Badeteich. Lassen Sie ihrer Phantasie freien Lauf – wir kümmern uns fachkundig um die richtigen Schritte. Wir gestalten ihren Garten phantasievoll und individuell maßgeschneidert auf ihre Wünsche und Bedürfnisse.",,059017546,,,,https://www.lebenstraeume-grafschaft.de/aussteller/planten-und-plaastern/,2026
Pluyter Heizung & Sanitärinstallations-gesellschaft mbH & Co. KG,pluyter-nordhorn.de,05921) 82000,,,Germany,Pluyter Heizung & Sanitärinstallations-gesellschaft mbH & Co. KG,"Sanitär. Heizen. Klima. Tradition und Innovation seit 1973. Wir sind Ihr Partner aus Nordhorn. Seit 50 Jahren am Markt sind wir rund um Sanitärinstallation, Heizungstechnik und Klimageräte ein besonders erfahrenes Unternehmen, das vom Standort Nordhorn aus industrielle und private Projekte erfolgreich realisiert. Qualität, handwerkliche Facharbeit und hochwertige Produkte von namhaften Herstellern bilden dabei seit jeher die Grundpfeiler unserer Unternehmensphilosophie. So hoch wir Tradition halten, so viel Wert legen wir auf Innovation, Weiterentwicklung und Zukunftsdenken. Nachhaltigkeit, Energieeffizienz und Barrierefreiheit sind für uns wichtige Themen, denen wir uns verantwortungsbewusst widmen. Unsere Kompetenzen machen uns in der Grafschaft Bentheim, im Emsland und Umgebung zu einem verlässlichen Ansprechpartner, der sich von den spezifischen Wünschen und Bedürfnissen der Kunden inspirieren lässt. Unser Team setzt sich aus individuellen Persönlichkeiten zusammen, die ihre Fähigkeiten und Ideen einbringen. Im Mittelpunkt stehen immer die Menschen. Unsere Leistungen Hochwertige Produkte namhafter Hersteller und handwerkliche Facharbeit auf dem neuesten Stand zeichnen Pluyter aus. Unsere Kompetenzen in den Bereichen Erdwärme und Solarthermie machen uns in der Grafschaft Bentheim, im Emsland und Umgebung zum richtigen Ansprechpartner für Menschen, die nachhaltiges Heizen mit erneuerbaren Energien anstreben. Der Name Pluyter steht traditionell für ein vielfältiges Spektrum moderner, maßgeschneiderter Heizungstechnik. Im Sanitärbereich wissen wir um die Vorteile des kompletten Badezimmers aus einer Hand und überzeugen mit dem entsprechenden Rundum-Service. In die Klimatechnik bringen wir schon aus Prinzip gerne frischen Wind. Unser Service Kundendienst nehmen wir wörtlich. Unsere Service-Angebote sind ein Dienst am Kunden, den wir zuverlässig, schnell und effizient leisten. Sie brauchen uns, wir sind da! Für unsere Fachbereiche Sanitär, Heizen und Klima mit ihren vielfältigen Produkten haben wir mehrere Fachkräfte im Einsatz, die durch Schulungen der Hersteller stetig weitergebildet, gefördert und gefordert werden. Ersatzteile für die verschiedensten Geräte von der Wärmepumpe bis zum Luftreiniger haben wir zu einem großen Teil bei uns in Nordhorn auf Lager. Sollte ein Ersatzteil nicht vorrätig sein, beschaffen wir dieses zeitnah. Unser Service ist hervorragend organisiert. Außerhalb unserer Geschäftszeiten können Sie uns gerne eine Email schreiben oder unser Kontaktformular nutzen. Wir melden uns schnellstmöglich innerhalb unserer Öffnungszeiten bei Ihnen zurück. In dringenden Notfällen erreichen Sie unser Team auch am Wochenende telefonisch von 10 bis 18 Uhr. Rufen Sie uns an: (05921) 82000.",,05921) 82000,,,,https://www.lebenstraeume-grafschaft.de/aussteller/pluyter-heizung-sanitaerinstallationsgesellschaft-mbh-co-kg/,2026
RC Design Trockenbau Lingen,trockenbau-lingen.de,%20+49%20151%2025335974,info@trockenbau-lingen.de,,Germany,RC Design Trockenbau Lingen,"IHR PARTNER FÜR TROCKEN- UND INNEN­AUSBAU RC Design ist in der Region Emsland in den Bereichen Trocken- und Innenausbau, Bodenbeläge und Türen tätig. Unsere Leistungen Bau & Projektbetreuung Von Entwurfsplanung bis Schlüsselübergabe unterstützen wir Ihr Bauvorhaben. Abwicklung Komplettsanierung Bausanierung, Haussanierung und Gebäudesanierung von Keller bis Dach. Wandgestalltung Von der Bertatung bis hin zur Ausführung des Projektes Fußböden Parkett, Laminat, Teppich, Vinyl und Nadelvlies liefern und verlegen wir. Trockenbau Innenausbau für individuellen Wohnraum mit Trockenbau. Innenausbau Im Bereich Innenausbau erhalten Sie bei uns keine Standartkonzepte, sondern individuelle, maßgeschneiderte Lösungen. Ladenbau Ansprechend und Funktionell vor und hinter der Theke. Kompletter Ausbau von Einkaufszentren, Optikern, Bäckereien, Gaststätten uvm. Türen Neben Trockenbau – und Innenausbauarbeiten liefern wir Ihnen natürlich auch die passenden Türen für IhrenInnenbereich.",info@trockenbau-lingen.de,%20+49%20151%2025335974,,,,https://www.lebenstraeume-grafschaft.de/aussteller/rc-design-trockenbau-lingen/,2026
ROBEO Gruppe,robeo-gruppe.de,+494030094932,dirk@rosebud-media.de,,Germany,ROBEO Gruppe,"Seit über 15 Jahren sind hochwertige Ferien- und Wohnimmobilien unsere große Leidenschaft. Heute vereint die inhabergeführte ROBEO Gruppe vier Marken unter einem Dach und zahlreiche engagierte Immobilienprofis, damit Sie immer und überall in Deutschland das beste Expertenteam an Ihrer Seite haben. Alle vier Marken leben dabei die gemeinsamen Werte der ROBEO Gruppe: Erstklassigkeit – Kompetenz – Kundennähe Ob hochwertige Feriendomizile zum Kauf, Verkauf von Wohnimmobilien oder die Buchung von Ferienhausurlaub – die ROBEO Gruppe macht Ihre Immobilien- und Urlaubsträume wahr! Ferienhäuser kaufen, verkaufen oder buchen? ROBEO Gruppe!",dirk@rosebud-media.de,+494030094932,,,,https://www.lebenstraeume-grafschaft.de/aussteller/robeo-gruppe/,2026
Robert Menger GmbH,robert-menger.de,+491732679291,info@robert-menger.de,,Germany,Robert Menger GmbH,"Haben Sie Feuchtigkeit im Keller oder im aufsteigenden Mauerwerk? Wir analysieren vorhandene Schäden, schauen genau nach den Ursachen, beseitigen diese fachmännisch und sorgen durch eine professionelle Abdichtung für einen nachhaltigen Bautenschutz. Über 4.000 erfolgreich abgedichtete Gebäude sprechen für unsere große Erfahrung. Auch beim Thema Schimmel beseitigen und Schimmel vermeiden können wir auf langjährige Erfahrung und auf entsprechende Weiterbildungen hinweisen. Zeigt Ihr Beton Abplatzungen und kommt rostiger Stahl zum Vorschein? Ihre Betonsanierung führen wir sicher und dauerhaft aus.",info@robert-menger.de,+491732679291,,,,https://www.lebenstraeume-grafschaft.de/aussteller/robert-menger-gmbh/,2026
Rohrreinigungsservice AHUIS GmbH,rs-ahuis.de,,,,Germany,Rohrreinigungsservice AHUIS GmbH,"Mein Name ist Jan Ahuis, Baujahr 1977, verheiratet und habe 2 Töchter. Ich habe meine Ausbildung zum Gas,- Wasserinstallateur im Jahr 1997 beendet. Danach habe ich in meinem erlernten Beruf gearbeitet und mit dem Spülwagen Rohre gereinigt. Die letzten 15 Jahre war ich als Kundendienstmonteur im Sanitär- und Heizungsbereich tätig. Da mir aber die Arbeit mit dem Spülwagen sehr viel Spaß gemacht hat und mir nie aus dem Kopf ging, habe ich am 1. Juli 2021 den Schritt gewagt und mich im Bereich Rohrreinigung selbstständig gemacht. Seitdem sind wir stetig gewachsen. Heute besteht unser Team bereits aus 16 engagierten Mitarbeitern, die jeden Tag ihr Bestes geben. Gemeinsam stehen wir unseren Kunden zuverlässig zur Seite, ob bei kleineren Rohrverstopfungen oder größeren Herausforderungen im Bereich Rohr- und Kanalreinigung. Unser Wachstum zeigt mir, dass wir mit unserer Arbeit den richtigen Weg eingeschlagen haben – und darauf bin ich sehr stolz.",,,,,,https://www.lebenstraeume-grafschaft.de/aussteller/rohrreinigungsservice-ahuis-gmbh/,2026
Schulz Raumkonzepte GmbH,schulzraumkonzepte.de,05925241620,info@schulzraumkonzepte.de,,Germany,Schulz Raumkonzepte GmbH,"Mit Begeisterung zum Detail erstellen wir einzigartige, dekorative Wandgestaltungen. Malermeister Stefan Schulz arbeitet mit innovativen Techniken, denen kaum Grenzen gesetzt sind. Handwerkliches Geschick und die Begeisterung für kreativen Oberflächen, dafür steht Schulz Raumkonzepte GmbH. Die Schulz Raumkonzepte GmbH hat sich auf folgende Leistungen spezialisiert: Unsere Spezialität:",info@schulzraumkonzepte.de,05925241620,,,,https://www.lebenstraeume-grafschaft.de/aussteller/schulz-raumkonzepte-gmbh/,2026
SHK Handels GmbH,bäderstrasse.com,14-18 24109,info@shk-deutschland.de,,Germany,SHK Handels GmbH,"Es war im Jahre 1933, als Friedrich Detering sen. seinen Röhren- und Metallgroßhandel eröffnete. Heute zählt das Unternehmen, mit seiner Fachausstellung „Die Bäderstraße“ zu einem der größten und bekanntesten Anbieter für Bad-Einrichtungen und Heizungstechnik im gesamten Weser-Ems Gebiet, der Grafschaft und dam nördlichen Münsterland. Neben dem Detering-Stammhaus in Emden firmieren unter Detering weitere acht Standorte. Die Bäderstraße hat sich über Emdens Stadtgrenzen hinaus zu einem feststehenden Begriff für individuelle und zweckmäßige Badberatung entwickelt. Denn bei uns finden Sie Bäder für jede Lebensphase: ob jung, Familien mit Kindern oder Senioren – für alle Ansprüche bieten wir neben praktischen Sicherheitsaspekten eine Vielzahl durchdachter Details.",info@shk-deutschland.de,14-18 24109,,,,https://www.lebenstraeume-grafschaft.de/aussteller/friedrich-detering-gmbh/,2026
Singraven Full Service GmbH,singraven.de,0592179553,info@singraven.de,,Germany,Singraven Full Service GmbH,,info@singraven.de,0592179553,,,,https://www.lebenstraeume-grafschaft.de/aussteller/singraven-full-service-gmbh/,2026
Solar-Speicher-Energie GmbH,solar-speicher-energie.de,0 59 21 370 260,info@solar-speicher-energie.de,,Germany,Solar-Speicher-Energie GmbH,"Energy made by YOU Die SSE Solar-Speicher-Energie GmbH ist ein junges, dynamisches und innovatives Unternehmen, welches sich auf die Entwicklung und Herstellung von regenerativen Energiegewinnungs- und Speicherungslösungskonzepten spezialisiert. Unsere Vision und täglicher Ansporn ist es, bezahlbare, sichere und saubere Energie für alle zugänglich zu machen. Zusammen gestalten wir eine bessere Zukunft. Kompetenzübersicht:",info@solar-speicher-energie.de,0 59 21 370 260,,,,https://www.lebenstraeume-grafschaft.de/aussteller/solar-speicher-energie-gmbh/,2026
Stadt Nordhorn,nordhorn.de,059218780,info@nordhorn.de,,Germany,Stadt Nordhorn,"Nordhorn – Lebensmittelpunkt und Wirtschaftsstandort Herzlich willkommen am Stand der Nordhorner Stadtverwaltung! Wer seine Lebensträume verwirklichen möchte, ist in Nordhorn sehr gut aufgehoben. Die Stadt im Herzen Europas ist ein vielseitiger und stetig wachsender Wirtschafts- und Wohnstandort. Politik und Verwaltung legen besonderen Wert darauf, die Lebensqualität immer weiter zu steigern. Somit präsentiert sich Nordhorn allen Einwohnern und Gästen als moderner und attraktiver Lebensmittelpunkt. Am Freitag steht die städtische Wirtschaftsförderung am Messestand für Auskünfte zur Verfügung. Die Mitarbeiterinnen und Mitarbeiter informieren über aktuelle und geplante Gewerbeflächen in Nordhorn und über Förderprojekte zur Förderung von Geschäftsgründungen und zur Stärkung der Innenstadt. Am Samstag und Sonntag geht es am Stand der Stadt Nordhorn dann um aktuelle und geplante Neubaugebiete sowie um weitere attraktive Liegenschaften im Stadtgebiet, die auf eine Wohnbebauung warten. Darüber hinaus werden vielfältige Projekte aus dem Bereich der aktiven Stadtentwicklung präsentiert. Alle Interessierten sind eingeladen, Ihre Ideen und Anregungen mit den Mitarbeitenden am Messestand zu teilen. Auf der Messe Lebensträume sind außerdem informative Broschüren der Stadt Nordhorn zu den Themen Wasserstadt, Fahrradstadt und Wirtschaftsstandort erhältlich. Wir freuen uns auf Ihren Besuch!",info@nordhorn.de,059218780,,,,https://www.lebenstraeume-grafschaft.de/aussteller/stadt-nordhorn/,2026
Stahl Bauunternehmen GmbH,stahl.bmh.de,+49 5943 9399-0,info@stahl-baumeisterhaus.de,,Germany,Stahl Bauunternehmen GmbH,"Wir bauen Häuser, die begeistern. Und das zu einem bemerkenswert gutem Preis-Leistungs-Verhältnis. Seit annähernd 100 Jahren realisieren wir für unsere Kunden den Traum von eigenem Zuhause. Gegründet wurde das Bauunternehmen Stahl 1925 vom Maurermeister Gerhard Stahl, der dann mit seinem Sohn Hermann die Geschäfte führte. Heute sind der Enkel Gerhard II Stahl und Urenkel Tobias Stahl für die Belange des Unternehmens verantwortlich – Gerhard als Architekt und Bauingenieur, Tobias als Dipl. Wirtschaftsingenieur und Energieberater und als zertifizierter Auditor für nachhaltiges Bauen. Dabei ist gerade das Thema „bezahlbares, nachhaltiges Bauen“ in den letzten Jahren immer mehr in unseren Fokus – und auch den unserer Kunden gerückt. Als Mitglied der BAUMEISTER-HAUS Kooperation seit 35 Jahren sind wir nicht nur einem hohen bundesweiten Qualitätsstandard verpflichtet, sondern haben diesen Anspruch auch fest in alle Bereiche unseres Unternehmens verwurzelt. Beraten. Die Beratung, Planung und schlüsselfertige Durchführung von energieeffizienten Einfamilienhäusern und kleinen Mehrfamilienhäusern zu einem vernünftigen Preis ist uns ein besonderes Anliegen. Das ist unser Beitrag dazu, die Zukunft für uns, unsere Kinder und Enkel lebenswert zu gestalten. Und damit das gelingt, ist es unser Anspruch, unsere Kunden vom Erstgespräch bis zum Einzug hin optimal und ganzheitlich zu beraten und verlässlich durch die vielen Entscheidungen beim Bau eines Hauses zu führen. Bauen. Unsere Bauherren erhalten von uns alles aus einer Hand. Das „Rundum-Sorglos-Paket“ unseres sympathischen Stahl-Teams umfasst Beratung, individuelle Planung durch das eigene Architektenbüro, Grundstücksbeschaffung und Unterstützung bei der Finanzierung sowie die Betreuung durch unsere Bauleiter während der kompletten Bauphase bis weit über den Einzugstermin hinaus. Ein wichtiger Eckpfeiler beim Bau Ihres Hauses sind unsere eigenen Mitarbeiter im handwerklichen Bereich, die für Sie den gesamte Rohbau erstellen sowie die Zimmerer- und Dachdeckerarbeiten übernehmen. So erhalten Sie ein Traumhaus in zertifizierter BAUMEISTER-HAUS Qualität. Begeistern. Hervorragende Bauqualität, eine fundierte und zugewandte Beratung und die Begeisterung unserer Kunden unsere wichtigsten Ziele beim Bau von individuellen Architektenhäusern. Nur Kunden, deren Erwartungen in allen Bereichen übertroffen wurden, sind begeistert – und empfehlen ein Unternehmen weiter. So freut es uns besonders, dass in Kundenumfragen nach Fertigstellung unserer Häuser diese Zufriedenheit seit zehn Jahren bestätigt wird. Wir verwirklichen auch gerne Ihren Wunsch nach einem Eigenheim in der Grafschaft Bentheim und im angrenzenden Umland. Sprechen Sie uns an und vereinbaren Sie Ihren persönlichen Beratungstermin.",info@stahl-baumeisterhaus.de,+49 5943 9399-0,,,,https://www.lebenstraeume-grafschaft.de/aussteller/stahl-bauunternehmen-gmbh/,2026
sterowa Innenausbau GmbH,sterowa.de,05921 88000,info@sterowa.de,,Germany,sterowa Innenausbau GmbH,Wir bleiben auf dem Boden! Seit über 60 Jahren sind wir der richtige Ansprechpartner für anspruchsvolle Projekte im gewerblichen- und privatem Bereich. Wir sind ein dynamisches familiäres Handwerksunternehmen in der Grafschaft Bentheim. Wir blicken auf über 60 Jahre Erfahrung im Bereich Innenausbau mit dem Schwerpunkt „Bodenbeläge“. Neben dem Kerngeschäft „Fußboden“ können wir unseren Kunden als zusätzliche Serviceleistungen weitere Gewerke wie Trockenbau und Malerarbeiten an. Ihr Projekt hat für uns oberste Priorität. Wir beraten und begleiten Sie bei jeder Etappe ihres Vorhabens. Egal ob eine Neuverlegung oder Sanierung wir sind der richtige Ansprechpartner.,info@sterowa.de,05921 88000,,,,https://www.lebenstraeume-grafschaft.de/aussteller/sterowa-innenausbau-gmbh/,2026
Tischlerei Wiggers GmbH & Co. KG,tischlerei-wiggers.de,+49(0)59 21 8 11 91-90,info@tischlerei-wiggers.de,,Germany,Tischlerei Wiggers GmbH & Co. KG,"Seit über einem halben Jahrhundert dient uns die Liebe zum Naturwerkstoff Holz als Inspiration. Unser Ziel als Tischlerei in Nordhorn war und ist es stets, die Menschen mit Holzunikaten von einzigartiger Qualität und Schönheit zu begeistern. Spezialisiert auf den Möbelbau, den Bau von Holztreppen, die Errichtung von Holzparkett und den Innenausbau glauben wir fest daran, dass unser persönlicher Holzweg der richtige ist. Dieser Holzweg führt uns zu den kleinen und großen, den überraschenden und charmanten Wünschen unserer Kunden, die wir individuell umsetzen. Gerne verwenden wir einheimische Hölzer. Neben Ehrlichkeit, Pünktlichkeit und Wirtschaftlichkeit haben wir die Nachhaltigkeit zu einem festen Grundsatz unserer Philosophie als Tischlerei gemacht. Rund 90% der Energie, die wir verbrauchen, erzeugen wir über unsere Solaranlage selbst. Wir fertigen heute schon klimabewusst, um uns auch morgen noch an der Natürlichkeit und Lebendigkeit von Holz erfreuen zu können. Unser Neubau mit moderner Fertigungshalle und großem Ausstellungsraum an der Ernst-Heinkel-Str. 17 in Nordhorn ist ein Ausdruck unserer zukunftsorientierten Entwicklung als traditionsreiches Familienunternehmen. Unsere Ausstellung lädt dazu ein, Ideen aus Holz zu entdecken, zu fühlen und zu erfahren. Von praktischen und schönen Wohnzimmerschränken bis zu einzigartigen Couchtischen als i-Tüpfelchen vor dem Sofa gibt es viele Anregungen zu bestaunen. In unserer Halle lassen unsere Mitarbeiter mit sehr viel Leidenschaft und Können die Träume unserer Kunden Realität werden. Denken Sie an Holz – denken Sie an Wiggers!",info@tischlerei-wiggers.de,+49(0)59 21 8 11 91-90,,,,https://www.lebenstraeume-grafschaft.de/aussteller/tischlerei-wiggers-gmbh-co-kg/,2026
Vor Ort – Die Reiniger GbR,mailto:info@vo-reiniger.de,0151-41239770,info@vo-reiniger.de,,Germany,Vor Ort – Die Reiniger GbR,"Unsere Leistungen Haushaltsreinigung: Entspannen Sie sich in einem makellos sauberen Zuhause. Unsere geschulten Reinigungskräfte sorgen für strahlende Böden, blitzblanke Küchen und frische Luft in jedem Raum. Büroreinigung: Ein saubereres Büro ist die Visitenkarte Ihres Unternehmens. Mit VOR ORT haben Sie stets ein repräsentatives und hygienisches Arbeitsumfeld, das sowohl Mitarbeiter als auch Kunden beeindruckt. Warum Vor Ort? Regional: Wir sind ein Start-up aus Nordhorn und haben jederzeit Kapazitäten, Ihr Projekt umzusetzen. Professionell und zuverlässig: Unsere Reinigungsteams sind bestens ausgebildet und gehen mit größter Sorgfalt vor. Pünktlichkeit und Zuverlässigkeit sind für uns selbstverständlich. Flexibilität: Wir passen unsere Reinigungsdienste Ihren Bedürfnissen an. Ob regelmäßige Termine, einmalige Reinigungen oder Sonderwünsche – wir stehen Ihnen zur Verfügung. Kontakt",info@vo-reiniger.de,0151-41239770,,,,https://www.lebenstraeume-grafschaft.de/aussteller/vor-ort-die-reiniger-gbr/,2026
Vorwerk Deutschland Stiftung & Co KG,vorwerk.de,49 202 564 3000,kobold-deal@vorwerk.de,,Germany,Vorwerk Deutschland Stiftung & Co KG,"Innovation, Qualität und Langlebigkeit – dafür stehen die hochwertigen Raumpflege- und Reinigungslösungen von Kobold bis heute.",kobold-deal@vorwerk.de,49 202 564 3000,,,,https://www.lebenstraeume-grafschaft.de/aussteller/vorwerk-deutschland-stiftung-co-kg/,2026
Zeitlos² RaumConcepte,zeitlos2.de,+4959196627171,info@ilonadejonge.de,,Germany,Zeitlos² RaumConcepte,"Einrichtungsberatung Ganz gleich ob Privathäuser, Ferienwohnungen, Geschäftsräume oder Hotels: Ihre individuellen Bedürfnisse und Anforderungen sind meine maßgebliche Grundlage, nach der ich für Sie die ideale Lösung kreiere. Hierfür biete ich Ihnen von der Grundriss- und fotorealistischen 3D-Planung, über die Möbelauswahl, Farbgestaltung und Dekoration bis hin zur Montage vor Ort alles aus einer Hand. Projektmanagement Planen Sie einen Neu- oder Umbau? Gerne begleite ich Sie noch vor Beginn der Baumaßnahme bei der Flächenaufteilung, der Zusammenstellung von Baumaterialien, der Konzeption von sanitären Anlagen und Küchen, der Beleuchtung und vieles mehr. Auch bei der Auswahl der Inneneinrichtung von den Möbeln bis zum Teppich für Haus und Garten unterstütze ich Sie bis ins Detail.",info@ilonadejonge.de,+4959196627171,,,,https://www.lebenstraeume-grafschaft.de/aussteller/zeitlos2-raumconcepte/,2026
ZSD Solar GmbH,zsd.solar,+49 (0) 5923 99991-11,,,Germany,ZSD Solar GmbH,"Energie aus Qualität. Machen Sie sich unabhängig von Ihrem Energieversorger und investieren Sie mit uns in erneuerbare Energien. ZSD Solar ist Ihr zuverlässiger und professioneller Partner in Sachen Photovoltaik. Wir bieten Ihnen im Raum Aurich, Emsland, Steinfurt, Borken, Coesfeld, das Ruhrgebiet und im hessischen Raum den Service rund um Ihre neue Solaranlage: Vom ersten Beratungsgespräch über die fachkundige Planung bis hin zur Montage. Als erfahrener Systemanbieter bieten wir Ihnen mit unseren Produkten die Möglichkeit, bis zu 100 % unabhängig von den stetig steigenden Strompreisen zu werden! ZSD Solar ist Durch langjährige Partnerschaften mit unseren Lieferanten garantieren wir Ihnen nicht nur die besten Produkte für Ihr PV-Vorhaben, sondern bieten Ihnen durch stetige Weiterentwicklung und Schulungen stets den neuestens Stand der Solar- und Speichertechnologie. Nutzen Sie unseren umfassenden Photovoltaik-Service – ZSD Solar aus Emsbüren ist bereits seit vielen Jahren in der Solarbranche tätig. Unser Unternehmen hat schon früh den Trend zum selbst produzierten Strom erkannt und ist heute als regionaler Marktführer erfolgreich für private und gewerbliche Kunden in den Regionen Ostfriesland, Emsland, Westmünsterland mit den Kreisen Steinfurt, Borken und Coesfeld, das Ruhrgebiet, aber auch überregional tätig. Dabei ist es unser Ziel, Ihnen nicht nur das ökologisch, sondern auch ökonomisch beste Photovoltaik-System bieten.",,+49 (0) 5923 99991-11,,,,https://www.lebenstraeume-grafschaft.de/aussteller/zsd-solar-gmbh/,2026
