exhibitor_name,domain,contact_number,mail,location,country,booth_no,name,desc,email,phone,address,city,linkedin_url,profile_url,source_year,source_url
2Move Industry,my.easyfairs.com,,,"3771 ME Barneveld, Netherlands, Barneveld, Netherlands",Netherlands,Stand E06,2Move Industry,"Specialist in conveyor belt technology, industrial rubber products and industrial belts.",,,"3771 ME Barneveld, Netherlands",Barneveld,https://www.linkedin.com/company/2move-industry,https://www.afvalmanagement-recycling.nl/en/exhibitors/2move-industry-250049/,2026,https://www.afvalmanagement-recycling.nl/en/exhibitors/
A.T.W.T. Europe BV,atwteurope.com,,,,,Stand G07,A.T.W.T. Europe BV,,,,,,https://nl.linkedin.com/company/atwt-europe-b-v-,https://www.afvalmanagement-recycling.nl/en/exhibitors/atwt-europe-bv-244140/,2026,https://www.afvalmanagement-recycling.nl/en/exhibitors/
Addictive Media - Schroot!,,,,,,Stand G08,Addictive Media - Schroot!,,,,,,,https://www.afvalmanagement-recycling.nl/en/exhibitors/addictive-media-schroot-254760/,2026,https://www.afvalmanagement-recycling.nl/en/exhibitors/
Afvalgids.nl,afvalgids.nl,,,,,Stand Afvalcafé,Afvalgids.nl,,,,,,https://nl.linkedin.com/company/afvalgids,https://www.afvalmanagement-recycling.nl/en/exhibitors/afvalgidsnl-254775/,2026,https://www.afvalmanagement-recycling.nl/en/exhibitors/
Afvalwatertechniek NB Milieu BV,my.easyfairs.com,,,"6095 ND BAEXEM, Netherlands, BAEXEM, Netherlands",Netherlands,Stand A17,Afvalwatertechniek NB Milieu BV,"Wastewater technology: monitoring, sampling, and analyzing for insight and a targeted solution.",,,"6095 ND BAEXEM, Netherlands",BAEXEM,https://www.linkedin.com/company/afvalwatertechniek-nb-milieu-nederweert-bv/,https://www.afvalmanagement-recycling.nl/en/exhibitors/afvalwatertechniek-nb-milieu-bv-229866/,2026,https://www.afvalmanagement-recycling.nl/en/exhibitors/
AMCS Group Nederland,,,,,,Stand E18,AMCS Group Nederland,"AMCS is the market leader in Performance Sustainability Software, enabling resource-intensive industries to boost sustainability and profitability. Built on three decades of experience, our specialist software solutions are designed by people who understand your business. Providing practical solutions for the resources, waste, recycling, transportation, and utilities industries. Headquartered in Ireland, and with offices in Europe, the USA, and Australasia, AMCS is a global market leader with over 1,300+ high-skilled employees. This combined expertise delivers extensive insight, helping customers to drive growth and achieve lasting success. As a trusted global partner, we already work with 5000+ customers in more than 80 countries, and manage in excess of 700,000 trucks. Delivering digital solutions that really make a difference by increasing customer satisfaction, enhancing sustainability, and boosting margins. At AMCS, we're ready to innovate with you - deploying our people, processes, and technology to drive your business forward and prepare you for success in a more sustainable, net zero carbon future. AMCS Sustainability that means business. www.amcsgroup.com",,,,,,https://www.afvalmanagement-recycling.nl/en/exhibitors/amcs-group-nederland-247465/,2026,https://www.afvalmanagement-recycling.nl/en/exhibitors/
analyticon instruments gmbh,analyticon.eu,,,,,Stand G13,analyticon instruments gmbh,"analyticon instruments produce and distributes handheld analyzers for rapid alloy analysis. Our mobile XRF and LIBS spectrometers are ideal for simple and accurate metal sorting in the scrap yard. They analyze scrap pieces, chips, powder, dust and shredder fractions effortlessly and precisely. The devices deliver precise analysis results directly on site in seconds - exactly where they are needed. The spectrometers are extremely robust and so easy to operate that even users with no prior knowledge of chemistry can achieve precise results.",,,,,,https://www.afvalmanagement-recycling.nl/en/exhibitors/analyticon-instruments-gmbh-250846/,2026,https://www.afvalmanagement-recycling.nl/en/exhibitors/
Aqua + Sprinklersystemen BV,nl.indeed.com,,,,,Stand DE9,Aqua + Sprinklersystemen BV,"Fire safety specialist for waste and recycling. Sprinklers, detection and suppression, plus remote maintenance via Fuse.",,,,,,https://www.afvalmanagement-recycling.nl/en/exhibitors/aqua-sprinklersystemen-bv-249296/,2026,https://www.afvalmanagement-recycling.nl/en/exhibitors/
Aquaco BV,my.easyfairs.com,,,"6718 XS Ede, Netherlands, Ede, Netherlands",Netherlands,Stand E01,Aquaco BV,Aquaco is a proven water specialist that manages everything in-house and can supply the necessary components itself.,,,"6718 XS Ede, Netherlands",Ede,https://linkedin.com/company/aquaco-bv,https://www.afvalmanagement-recycling.nl/en/exhibitors/aquaco-bv-232865/,2026,https://www.afvalmanagement-recycling.nl/en/exhibitors/
ARVI,arvielectric.com,,,,,Stand J17,ARVI,"high-quality reuse of facing bricks from demolition, and an electric skid steer loader",,,,,,https://www.afvalmanagement-recycling.nl/en/exhibitors/arvi-255401/,2026,https://www.afvalmanagement-recycling.nl/en/exhibitors/
Attero BV,attero.nl,,,,,Stand Grondstof5,Attero BV,"Mineral waste? We see raw materials. With smart techniques, we turn it into new building materials.",,,,,,https://www.afvalmanagement-recycling.nl/en/exhibitors/attero-bv-250786/,2026,https://www.afvalmanagement-recycling.nl/en/exhibitors/
B&D Process Equipment B.V.,rocketreach.co,,,,,Stand D15,B&D Process Equipment B.V.,"CREATING CUSTOMIZED PROGRESS Uw specialist voor oplossingen op maat voor de behandeling van zand, grind, bouwafval, havenslib, cycloon techniek in de metaalrecycling, vervuilde grond en waswater in suikerfabrieken",,,,,https://de.linkedin.com/company/b&d-process-equipment-b.v.,https://www.afvalmanagement-recycling.nl/en/exhibitors/bd-process-equipment-bv-252693/,2026,https://www.afvalmanagement-recycling.nl/en/exhibitors/
Banzo Engineering BV,rocketreach.co,,,,,Stand E08,Banzo Engineering BV,"Banzo designs, manufactures, installs and maintains recycling plants. It is our goal to improve the quality and economic feasibility of recycling through modern and complete facilities that help cities and regions to process waste and create resources, in the Netherlands and throughout the world. With Banzo, you can rely on 75 years of experience. In recent years, we have experienced strong and steady growth by flexibly responding to questions from our customers. Installations are designed to customer specifications. By making use of standard components, we can quickly translate a design to a working plant. We take our responsibility very seriously, and in working with clients we continue to distinguish ourselves in the market by providing solutions that work.",,,,,https://www.linkedin.com/posts/thewastenotspot_our-dutch-trade-delegation-is-really-taking-activity-7479892204791095296-3T8R,https://www.afvalmanagement-recycling.nl/en/exhibitors/banzo-engineering-bv-229872/,2026,https://www.afvalmanagement-recycling.nl/en/exhibitors/
Barbon Insurance Brokers,uniba-partners.com,,,,,Stand B28,Barbon Insurance Brokers,We safeguard your business continuity and strengthen your negotiating position in the insurance market.,,,,,https://mu.linkedin.com/company/barbon-insurance-group,https://www.afvalmanagement-recycling.nl/en/exhibitors/barbon-insurance-brokers-250861/,2026,https://www.afvalmanagement-recycling.nl/en/exhibitors/
Best-Hall,tripadvisor.com,,,,,Stand E15,Best-Hall,from DESIGN to INSTALLATION heavy-duty FABRIC HALLS up to 100 METER FREE span,,,,,,https://www.afvalmanagement-recycling.nl/en/exhibitors/best-hall-248709/,2026,https://www.afvalmanagement-recycling.nl/en/exhibitors/
Bigbagstore.nl,my.easyfairs.com,,,"8305AR Emmeloord, Netherlands, Emmeloord, Netherlands",Netherlands,Stand F04,Bigbagstore.nl,"Bigbagstore is specialized in the sale of new Big Bags (FIBC's), used Big Bags, Big Bag containers, Big Bag Cars and other related products.",,,"8305AR Emmeloord, Netherlands",Emmeloord,,https://www.afvalmanagement-recycling.nl/en/exhibitors/bigbagstorenl-231103/,2026,https://www.afvalmanagement-recycling.nl/en/exhibitors/
BLW Visser bv,indumation.be,,,,,Stand C06,BLW Visser bv,"Early Fire Detection, Maximum Protection BLW Visser BV is proud to be the exclusive supplier of the innovative solutions of German company Orglmeister, specialising in infrared early fire detection. Orglmeister goes beyond traditional fire detection systems by focusing on early detection of critical temperatures, which is crucial for preventing fires. With more than 30 years of experience in infrared applications, Orglmeister develops, manufactures and installs advanced early fire detection systems equipped with smart infrared cameras and intelligent control of extinguishing systems. Their solutions are of high quality, innovative and use the latest technologies. At Orglmeister, customer satisfaction is key, where personal approach and good customer cooperation are valued. From advice on applications and system solutions to support with technical services, training and certifications: Orglmeister invests time in understanding your specific needs and processes to provide you with the best possible solution. We at BLW Visser BV look forward to assisting you with Orglmeister's advanced fire protection solutions and establishing a successful partnership. Feel free to visit our stand for more information!",,,,,https://nl.linkedin.com/company/blwvisserbv,https://www.afvalmanagement-recycling.nl/en/exhibitors/blw-visser-bv-229797/,2026,https://www.afvalmanagement-recycling.nl/en/exhibitors/
Bodemdiensten online,bodemdienstenonline.nl,,,,,Stand Grondstof2,Bodemdiensten online,"Slimme digitale oplossingen voor bodem en milieu. Wij denken in digitale oplossingen die uw processen eenvoudiger maken. Of het nu gaat om bodembeheer, logistiek of andere operationele uitdagingen, wij bieden innovatieve softwareoplossingen die structuur en overzicht creëren, zodat u zich kunt richten op wat echt belangrijk is.",,,,,https://nl.linkedin.com/company/logistiek-zonder-papier-bv-lzp-,https://www.afvalmanagement-recycling.nl/en/exhibitors/bodemdiensten-online-229915/,2026,https://www.afvalmanagement-recycling.nl/en/exhibitors/
Bollegraaf Group,bollegraaf.com,,,,,Stand C08,Bollegraaf Group,"With 65 years of experience, Bollegraaf has everything in-house to separate waste and optimize recycling facilities.",,,,,https://nl.linkedin.com/company/bollegraaf-recycling-machinery,https://www.afvalmanagement-recycling.nl/en/exhibitors/bollegraaf-group-229873/,2026,https://www.afvalmanagement-recycling.nl/en/exhibitors/
Branchevereniging Recycling Breken en Sorteren,rie.nl,,,,,Stand Grondstof10,Branchevereniging Recycling Breken en Sorteren,,,,,,,https://www.afvalmanagement-recycling.nl/en/exhibitors/branchevereniging-recycling-breken-en-sorteren-252410/,2026,https://www.afvalmanagement-recycling.nl/en/exhibitors/
Brigade Electronics,brigade-electronics.com,,,,,Stand F02,Brigade Electronics,"Brigade Electronics No deaths in collisions involving commercial vehicles and moving equipment. It is a big challenge, but it is our mission to achieve this goal. We have, since we introduced the first reversing alarm in Europe in 1976, been a for fighter of vehicle and off road machinery safety. We are still leading the way in vehicle safety, developing many products and patenting new technologies. Brigade is at the top when it comes to commercial vehicle. The founder and innovator of detection and monitoring systems that have prevented fatal accidents for more than 40 years. Brigade Electronics works hard to develop various systems to support our mission. With a wide range of reliable products developed by our dedicated team of experts, we try to achieve this goal. We invest not only in technology, but also in people. Everyone at Brigade understands the vital importance of the products and services we provide.",,,,,https://www.linkedin.com/company/brigade-electronics-inc,https://www.afvalmanagement-recycling.nl/en/exhibitors/brigade-electronics-230230/,2026,https://www.afvalmanagement-recycling.nl/en/exhibitors/
Brokk Benelux,brokk-benelux.first.green,,,,,Stand I20,Brokk Benelux,xx,,,,,https://be.linkedin.com/in/joachim-van-de-perre-79259519a,https://www.afvalmanagement-recycling.nl/en/exhibitors/brokk-benelux-254895/,2026,https://www.afvalmanagement-recycling.nl/en/exhibitors/
Bronneberg BV,rocketreach.co,,,,,Stand A18,Bronneberg BV,"Bronneberg is a well-known player in the global recycling market. Bronneberg's recycling machines stand out in terms of reliability, quality and innovative technology. Bronneberg offers complete solutions for the recycling industry. We develop, produce and market machines for recycling scrap, metal, cars, cables and cardboard. Our products range from small cable peelers, which strip insulation from electricity cables, to very large scrap balers and shears, which process iron and metal scrap under the most arduous conditions.",,,,,https://de.linkedin.com/company/bronneberg,https://www.afvalmanagement-recycling.nl/en/exhibitors/bronneberg-bv-252617/,2026,https://www.afvalmanagement-recycling.nl/en/exhibitors/
BSF Aufbereitungstechnik GmbH,metso.com,,,,,Stand DE8,BSF Aufbereitungstechnik GmbH,"We break down every rock. Mobile recycling technology for rock, soil & sand.",,,,,https://de.linkedin.com/company/bsf-aufbereitungstechnik-gmbh,https://www.afvalmanagement-recycling.nl/en/exhibitors/bsf-aufbereitungstechnik-gmbh-253015/,2026,https://www.afvalmanagement-recycling.nl/en/exhibitors/
CBS International,timesofcollege.com,,,,,Stand B14,CBS International,Conveyorbelts & Components,,,,,,https://www.afvalmanagement-recycling.nl/en/exhibitors/cbs-international-240826/,2026,https://www.afvalmanagement-recycling.nl/en/exhibitors/
Cela Machinerie B.V.,moovitapp.com,,,,,Stand F08,Cela Machinerie B.V.,"Cela Machinerie BV is a company active in the metal recycling market, with its slogan: ""big by staying small"" and a no-nonsense approach. We are active in the Netherlands, Belgium and a part in Germany. Cela supplies you with a professional and extensive selection of products such as: Cable granulating machines of the brand Stokkermill, Bruker XRF metal analyzers, Deltax alligator shears and cable peelers. And much more. Feel free to contact us if you have any questions.",,,,,https://nl.linkedin.com/in/roland-van-oosterhout-5ab24b51,https://www.afvalmanagement-recycling.nl/en/exhibitors/cela-machinerie-bv-230607/,2026,https://www.afvalmanagement-recycling.nl/en/exhibitors/
Circulair Mineraal B.V.,circulairebouweconomie.nl,,,,,Stand Grondstof12,Circulair Mineraal B.V.,,,,,,https://nl.linkedin.com/in/dick-eerland-21714a128,https://www.afvalmanagement-recycling.nl/en/exhibitors/circulair-mineraal-bv-255523/,2026,https://www.afvalmanagement-recycling.nl/en/exhibitors/
CRACO GmbH,tracxn.com,,,,,Stand D06,CRACO GmbH,"Welcome to CRACO GmbH, headquartered in Atzelgift (Germany). For more than 90 years, we have been developing and realising complete solutions in wear protection for customers in raw material extraction, civil engineering and recycling. Our core expertise lies in the processing of highly wear-resistant CRACOX steels and we produce customised, customer- and order-specific solutions ranging from individual wear parts to rotor and component construction. With this experience, we help our customers to carry out customised and effective recycling and recovery processes.",,,,,https://www.linkedin.com/company/craco-gmbh,https://www.afvalmanagement-recycling.nl/en/exhibitors/craco-gmbh-230893/,2026,https://www.afvalmanagement-recycling.nl/en/exhibitors/
Demtech BV,reshark.io,,,,,Stand DE5,Demtech BV,"More productivity, less downtime, and maximum reliability. That is what DemTech BV stands for. Based in Zoeterwoude, the Netherlands, DemTech is a leading supplier of premium attachments and equipment for the demolition, recycling, scrap handling, and construction industries throughout the Benelux. As the exclusive importer and distributor of several renowned international brands, DemTech delivers not only high-quality equipment but also the expertise, service, and technical support required to maximize performance in the field. From demolition shears and concrete processors to innovative safety solutions and specialized equipment, DemTech helps contractors work more efficiently, safely, and sustainably. With a strong focus on customer support, fast response times, and long-term partnerships, DemTech is the trusted partner for professionals who demand reliability and results.",,,,,https://www.linkedin.com/company/demtech-services-inc,https://www.afvalmanagement-recycling.nl/en/exhibitors/demtech-bv-247573/,2026,https://www.afvalmanagement-recycling.nl/en/exhibitors/
Dolav Benelux B.V.,rocketreach.co,,,,,Stand C12,Dolav Benelux B.V.,"Dolav® Plastic Products is gespecialiseerd in de kunststofinjectie van grootvolume producten. We zijn een toonaangevende speler in groot-volume palletboxen voor zware toepassingen dankzij onze onderscheidende structuurschuiminjectietechnologie en kwalitatieve producten, waar ons bedrijf nu al vier decennia naar streeft.",,,,,,https://www.afvalmanagement-recycling.nl/en/exhibitors/dolav-benelux-bv-229743/,2026,https://www.afvalmanagement-recycling.nl/en/exhibitors/
Doorveen B.V.,drimble.nl,,,,,Stand F20,Doorveen B.V.,,,,,,https://nl.linkedin.com/company/doorveen-b-v,https://www.afvalmanagement-recycling.nl/en/exhibitors/doorveen-bv-250188/,2026,https://www.afvalmanagement-recycling.nl/en/exhibitors/
Easyfairs Netherlands,easyfairs.com,,,,,Stand Recycling Lounge,Easyfairs Netherlands,"The 16th edition of Afvalmanagement & Recycling will take place on November 10, 11, and 12, 2026",,,,,https://www.linkedin.com/posts/easyfairs_ged2026-visitthefuture-lifeateasyfairs-activity-7467845540139937793-PyYY,https://www.afvalmanagement-recycling.nl/en/exhibitors/easyfairs-netherlands-251625/,2026,https://www.afvalmanagement-recycling.nl/en/exhibitors/
Eisma Industriemedia B.V.,recyclinginternational.com,,,,,Stand A19,Eisma Industriemedia B.V.,,,,,,,https://www.afvalmanagement-recycling.nl/en/exhibitors/eisma-industriemedia-bv-251796/,2026,https://www.afvalmanagement-recycling.nl/en/exhibitors/
Embridge,embridge.emudhra.com,,,,,Stand Grondstof9,Embridge,,,,,,,https://www.afvalmanagement-recycling.nl/en/exhibitors/embridge-254287/,2026,https://www.afvalmanagement-recycling.nl/en/exhibitors/
ESV Technisch Adviesbureau B.V.,reshark.io,,,,,Stand G19,ESV Technisch Adviesbureau B.V.,Reliable. Specialist. No-nonsense. Taking the pressure off. These are just a few of the key words that characterise ESV. ESV Technical Consultancy specialises in both consultancy and services relating to machine safety and the applicable European directives.,,,,,https://nl.linkedin.com/company/esvta,https://www.afvalmanagement-recycling.nl/en/exhibitors/esv-technisch-adviesbureau-bv-245185/,2026,https://www.afvalmanagement-recycling.nl/en/exhibitors/
"Expertgroep Dutch Waste & Environmental Technologies, Water Alliance",,,,,,Stand Grondstof3,"Expertgroep Dutch Waste & Environmental Technologies, Water Alliance","The platform for advocacy, knowledge exchange, and export promotion of Dutch suppliers to the waste sector.",,,,,,https://www.afvalmanagement-recycling.nl/en/exhibitors/expertgroep-dutch-waste-environmental-technologies-water-alliance-249971/,2026,https://www.afvalmanagement-recycling.nl/en/exhibitors/
GBN Groep BV,companyinfo.nl,,,,,Stand Grondstof6,GBN Groep BV,"From advice to realization: GBN enables circular impact in infrastructure, rail, and the urban environment.",,,,,https://nl.linkedin.com/in/ren%C3%A9-de-groot-99358213,https://www.afvalmanagement-recycling.nl/en/exhibitors/gbn-groep-bv-251137/,2026,https://www.afvalmanagement-recycling.nl/en/exhibitors/
Geha-Laverman,geha-laverman.com,,,,,Stand C13,Geha-Laverman,"Geha Laverman BV is ontstaan uit de samenwerking van de bedrijven Geha en Laverman. Geha Laverman is als Hardox Wearparts Center de grootste van de wereld. Een one-stop-shop als het aankomt op bouw en levering van slijtstukken voor industrie, grondverzet en recycling.",,,,,https://www.linkedin.com/posts/industrial-real-estate-partners_%F0%9D%97%A0%F0%9D%97%B6%F0%9D%97%BF%F0%9D%97%AE%F0%9D%98%80%F0%9D%98%81%F0%9D%97%AE%F0%9D%97%BF-%F0%9D%97%B9%F0%9D%97%B2%F0%9D%97%AE%F0%9D%98%80%F0%9D%97%B2%F0%9D%98%80-%F0%9D%9F%AE%F0%9D%9F%B1%F0%9D%9F%AC%F0%9D%9F%AC-%F0%9D%97%BA%C2%B2-activity-7388942308479574016-eMXc,https://www.afvalmanagement-recycling.nl/en/exhibitors/geha-laverman-229819/,2026,https://www.afvalmanagement-recycling.nl/en/exhibitors/
Gerlasco,gerlasco.nl,,,,,Stand DE3,Gerlasco,"We are the manufacturer of the MGM brand, specializing in equipment for screening, mixing, crushing, and reducing materials with your excavator and/or wheel loader. In addition to our MGM buckets, we offer a wide range of used screening, mixing, crushing, and reducing buckets. We also operate a large rental fleet of over 70 units, ready for immediate use on your project. For tailored advice, please contact us at +31(0)418-584163 or info@gerlasco.nl.",,,,,,https://www.afvalmanagement-recycling.nl/en/exhibitors/gerlasco-229922/,2026,https://www.afvalmanagement-recycling.nl/en/exhibitors/
Geurts van Kessel Hardfacing,waterindustryhub.com,,,,,Stand E09,Geurts van Kessel Hardfacing,"Making machines sustainable. That’s what we do. Extend durability of wear parts, thats our mission. We use hardfacing to add a dense layer of wear resisting materials. In this way we refurbish wear parts and prolong the longevity of your machine parts. As a result: Less down time, Less fuel and thus less costs. We are known for our unique and at times experimental welding techniques. We take pride in a drive to learn and develop. Using the right mix of materials and techniques we will make the impossible possible. Experts in hardfacing. That’s what we are.",,,,,https://www.linkedin.com/posts/geurts-van-kessel-hardfacing_tungsten-is-not-a-widely-distributed-resource-activity-7443235671961481216-hOKX,https://www.afvalmanagement-recycling.nl/en/exhibitors/geurts-van-kessel-hardfacing-246378/,2026,https://www.afvalmanagement-recycling.nl/en/exhibitors/
Groeneveld-BEKA,groeneveld-beka.com,,,,,Stand E03,Groeneveld-BEKA,"Groeneveld‑BEKA is a trusted provider of automatic lubrication systems for industrial machinery, offering solutions that enhance reliability, reduce maintenance requirements, and support continuous operation. Its systems deliver precise and consistent lubrication to critical components such as bearings, chains, conveyors, and linear guides, ensuring smooth operation and reducing the risk of premature wear or unexpected failures. Industrial environments demand high uptime, and Groeneveld‑BEKA’s automated lubrication solutions help minimize downtime by eliminating the need for manual lubrication and ensuring optimal lubrication conditions at all times. This leads to improved equipment availability, reduced maintenance labor, and increased productivity across manufacturing, processing, logistics, energy, and other industrial sectors. The company’s product range includes single‑line, dual-line, multi‑line, and progressive lubrication systems, supported by durable pump units, distribution components, and control technologies. These systems are engineered to withstand harsh industrial conditions and deliver long service life, even under continuous or heavy‑load operation. With a global network of service centers and technical experts, Groeneveld‑BEKA provides installation, maintenance, and ongoing support to ensure optimal system performance. Its commitment to engineering excellence and customer satisfaction has made it a preferred partner for industrial companies seeking reliable, efficient, and cost‑effective lubrication solutions that keep operations running smoothly.",,,,,,https://www.afvalmanagement-recycling.nl/en/exhibitors/groeneveld-beka-242373/,2026,https://www.afvalmanagement-recycling.nl/en/exhibitors/
H&G Entsorgungssysteme GmbH,hg-systems.com,,,,,Stand F09,H&G Entsorgungssysteme GmbH,,,,,,https://de.linkedin.com/in/alexandra-henrich-779520175/en,https://www.afvalmanagement-recycling.nl/en/exhibitors/hg-entsorgungssysteme-gmbh-252753/,2026,https://www.afvalmanagement-recycling.nl/en/exhibitors/
Herwijnen Machinery BV,mobilerecycling.com,,,,,Stand DE15,Herwijnen Machinery BV,Van Herwijnen Machinery B.V. is dealer for Pronar and Sandvik recycling machines in Holland.,,,,,https://ec.linkedin.com/company/herwijnen-machinery-b.v.,https://www.afvalmanagement-recycling.nl/en/exhibitors/herwijnen-machinery-bv-231113/,2026,https://www.afvalmanagement-recycling.nl/en/exhibitors/
Hikvision Europe B.V.,euroshop-tradefair.com,,,,,Stand C04,Hikvision Europe B.V.,,,,,,,https://www.afvalmanagement-recycling.nl/en/exhibitors/hikvision-europe-bv-254996/,2026,https://www.afvalmanagement-recycling.nl/en/exhibitors/
IFE Bulk Benelux B.V.,tbkgroup.com,,,,,Stand F13,IFE Bulk Benelux B.V.,"Offers solutions for companies in mineral processing, mining, bulk handling, and recycling.",,,,,https://nl.linkedin.com/in/marcelweg,https://www.afvalmanagement-recycling.nl/en/exhibitors/ife-bulk-benelux-bv-250875/,2026,https://www.afvalmanagement-recycling.nl/en/exhibitors/
Insus B.V.,insus.nl,,,,,Stand H09,Insus B.V.,Insus gives PIR and PUR waste a second life by recycling it into reusable raw materials for new applications.,,,,,https://www.linkedin.com/company/insus-bv,https://www.afvalmanagement-recycling.nl/en/exhibitors/insus-bv-254729/,2026,https://www.afvalmanagement-recycling.nl/en/exhibitors/
InSystem B.V.,ewaste-expo.com,,,,,Stand F14,InSystem B.V.,"24/7 Monitoring systems to estimate quality of waste sorting inSystem B.V. designs and manufactures advanced sorting systems for the recycling, mining, and food industries. Our equipment includes optical sorting machines and recycling robots, powered by an AI monitoring platform that shows purity, throughput, and downtime in real time. The waste-recognition algorithm has proven its efficiency on large-scale streams from a European metropolis of nearly 6 million residents. This setup delivers higher recovery and purity, fewer unplanned stops, and clear shift-level KPIs for operators. Projects include retrofit upgrades and new installations, with plant design and consulting support. Amsterdam-based, serving worldwide.",,,,,https://nl.linkedin.com/company/intelligent-systems-ai,https://www.afvalmanagement-recycling.nl/en/exhibitors/insystem-bv-229795/,2026,https://www.afvalmanagement-recycling.nl/en/exhibitors/
Kooi,247kooi.com,,,,,Stand C22,Kooi,"Prevent damage and costs and go for maximum security with Rising Early Detection (RED). In the waste treatment process, the risk of fire caused by scalding is significant. Because scalding is not visible, it is often detected too late. Advanced thermometric cameras continuously monitor the temperature of the waste pile, allowing for the rapid detection of scalding. By equipping your site with advanced thermometric camera, you significantly reduce the risk of massive damage and costs. Our rotating thermometric camera constantly records the temperature in your waste storage facility. If the temperature rises above the set value, an alarm notification immediately follows to the Kooi Alarm Center. From here, we monitor the images 24 hours a day and set in motion the matched alarm protocol to prevent direct and indirect damage using broth detection. Read more here: https://247kooi.com/fire-detection",,,,,,https://www.afvalmanagement-recycling.nl/en/exhibitors/kooi-248117/,2026,https://www.afvalmanagement-recycling.nl/en/exhibitors/
Lasbedrijf Alphen BV,creditsafe.com,,,,,Stand C27,Lasbedrijf Alphen BV,Containerbouw,,,,,https://nl.linkedin.com/in/gerrit-schaaf-8340a8107,https://www.afvalmanagement-recycling.nl/en/exhibitors/lasbedrijf-alphen-bv-229798/,2026,https://www.afvalmanagement-recycling.nl/en/exhibitors/
Lek Mining B.V.,woerdensecourant.nl,,,,,Stand Grondstof8,Lek Mining B.V.,-,,,,,https://pe.linkedin.com/showcase/lek-sloopwerken,https://www.afvalmanagement-recycling.nl/en/exhibitors/lek-mining-bv-251027/,2026,https://www.afvalmanagement-recycling.nl/en/exhibitors/
Lighthouse Europe B.V.,lighthouse.eu.com,,,,,Stand E12,Lighthouse Europe B.V.,Lighthouse Europe specializes in industrial color printing- and plotting systems,,,,,,https://www.afvalmanagement-recycling.nl/en/exhibitors/lighthouse-europe-bv-230355/,2026,https://www.afvalmanagement-recycling.nl/en/exhibitors/
Locatelli Eurocontainers S.p.A.,rocketreach.co,,,,,Stand F15,Locatelli Eurocontainers S.p.A.,"Locatelli Eurocontainers Spa has been working for more than 30 years in the waste sector, waste collection, treatment technologies as well as in the volumetric reduction of waste. We are leaders in our sector in Italy and France, with sales also in the Netherlands, Luxembourg, Switzerland, Austria, Belgium and Germany. We have customers in other European countries, as well. Locatelli Eurocontainers offers a wide range of solutions from standard products to products based on specific customer requests. Our products categories are: roll on/off containers, portable waste containers, static waste containers, skips/REL skips, tanks, dewatering containers, special products (frontloader, mini-waste containers, etc.). Thanks to our fleet of trucks, we can deliver your products quickly! Quality, innovation, excellent customer service, technical assistance... these are other advantages of working with LOCATELLI EUROCONTAINERS SPA.",,,,,https://sg.linkedin.com/company/locatellieurocontainers,https://www.afvalmanagement-recycling.nl/en/exhibitors/locatelli-eurocontainers-spa-245934/,2026,https://www.afvalmanagement-recycling.nl/en/exhibitors/
Matech BV,recyclinginside.com,,,,,Stand D20,Matech BV,,,,,,,https://www.afvalmanagement-recycling.nl/en/exhibitors/matech-bv-249138/,2026,https://www.afvalmanagement-recycling.nl/en/exhibitors/
Modular-Hallensysteme GmbH,rocketreach.co,,,,,Stand F16,Modular-Hallensysteme GmbH,,,,,,https://at.linkedin.com/company/modular-hallensysteme-gmbh,https://www.afvalmanagement-recycling.nl/en/exhibitors/modular-hallensysteme-gmbh-238717/,2026,https://www.afvalmanagement-recycling.nl/en/exhibitors/
MS,ms.gov,,,,,Stand B09,MS,Save Sand : A global offer covering the entire sand and gravel valorisation process of your products to be recycled!,,,,,,https://www.afvalmanagement-recycling.nl/en/exhibitors/ms-252304/,2026,https://www.afvalmanagement-recycling.nl/en/exhibitors/
Muller Beltex B.V.,mullerbeltex.com,,,,,Stand D16,Muller Beltex B.V.,"Muller Beltex supplies components worldwide for the bulk, agricultural and process industry for the horizontal / vertical transport and processing of (raw material) materials. Specialized in bucket-elevators, ATEX components and wear-reducing solutions. The family business was founded in 1950 as a trading company in drive belts and conveyor belts. Within a few years, the powerful product brand Polysur® was introduced. These elevator belts have unprecedented quality. Thanks to a clear vision of the markets and the future, the company has undergone enormous expansion both nationally and internationally, especially in the past 10 years. The service-oriented team now consists of 21 employees and they are mainly engaged in sales, production, assembly, engineering and advice.",,,,,https://www.linkedin.com/company/mullerbeltex/,https://www.afvalmanagement-recycling.nl/en/exhibitors/muller-beltex-bv-251990/,2026,https://www.afvalmanagement-recycling.nl/en/exhibitors/
Myne Circular Metals B.V.,bir.org,,,,,Stand D22,Myne Circular Metals B.V.,"Metals are a crucial part of our everyday life. We rely of them for satellite communication, food processing, construction and more. At the same time we are running out of them, and ruining our planet in their extraction. Myne has developed a new way to mine and protect this precious resource.",,,,,https://nl.linkedin.com/in/ruud-kammeraad-a6a1353,https://www.afvalmanagement-recycling.nl/en/exhibitors/myne-circular-metals-bv-230232/,2026,https://www.afvalmanagement-recycling.nl/en/exhibitors/
Nationale-Nederlanden,nn-group.com,,,,,Stand G15,Nationale-Nederlanden,"Nationale-Nederlanden (NN) is one of the largest financial service providers in the Netherlands. The company helps individuals, entrepreneurs, and businesses protect, build, and manage their financial security. Nationale-Nederlanden (NN)’s three core values ​​are: Care, Clear, Commit. We care about people, communicate clearly, and do what we promise. These values ​​form the basis of everything we do for customers, advisors, employees, and society. Nationale-Nederlanden makes the circular economy insurable Recycling and insurability. Recycling helps combat climate change. It contributes to energy conservation and the reduction of pollution and CO₂ emissions. It is also important for the circular economy. However, recycling entails risks. In the past, companies in this sector found it difficult to obtain insurance and were dependent on expensive, strict policies. In many cases, Nationale-Nederlanden can insure recycling companies. What are the risks of recycling? The collection of mixed, unsorted waste can entail a fire risk. This waste often contains materials that can easily burn, such as wood, plastic, textiles, mattresses, and soft plastics. Electronics, household waste, and white goods are also fire hazards. Waste collectors also frequently find lithium batteries in the waste. These batteries can spontaneously ignite. Want to know more about the risks in the recycling industry? We want customers and insurance advisors to gain a better understanding of the risks in the recycling industry. Our team of experts is ready to assist you. We provide information, conduct risk inspections, and answer all your questions. This is how we work together to prevent damage. Visit our stand G15. You can find us at stand G15 during the Afvalmanagement & Recycling trade fair. Here you can come to us with all your questions regarding the risks of recycling and the options for insuring your recycling company.",,,,,,https://www.afvalmanagement-recycling.nl/en/exhibitors/nationale-nederlanden-244773/,2026,https://www.afvalmanagement-recycling.nl/en/exhibitors/
New West Gypsum Recycling,recyclingproductnews.com,,,,,Stand D04,New West Gypsum Recycling,New West Gypsum Recycling has been the world's largest gypsum recycling company for 44 years.,,,,,https://lb.linkedin.com/company/new-west-gypsum-recycling-inc,https://www.afvalmanagement-recycling.nl/en/exhibitors/new-west-gypsum-recycling-234610/,2026,https://www.afvalmanagement-recycling.nl/en/exhibitors/
Normec Certification,certification.normecgroup.com,,,,,Stand Grondstof4,Normec Certification,"Certification for recycling: expert, practical and backed by in-depth knowledge of your sector and material flows.",,,,,,https://www.afvalmanagement-recycling.nl/en/exhibitors/normec-certification-250270/,2026,https://www.afvalmanagement-recycling.nl/en/exhibitors/
Notenboom Techniek BV,rocketreach.co,,,,,Stand C03,Notenboom Techniek BV,,,,,,https://www.linkedin.com/posts/jukka-kyt%C3%B6m%C3%A4ki-a88a716_avant-always-moving-onward-and-upward-activity-6676158178083782656-VIQa,https://www.afvalmanagement-recycling.nl/en/exhibitors/notenboom-techniek-bv-250775/,2026,https://www.afvalmanagement-recycling.nl/en/exhibitors/
OMS4Business B.V.,reshark.io,,,,,Stand G10,OMS4Business B.V.,"Innovative software for the waste and recycling industry, specifically developed for and by the market!",,,,,https://nl.linkedin.com/company/oms4business,https://www.afvalmanagement-recycling.nl/en/exhibitors/oms4business-bv-246060/,2026,https://www.afvalmanagement-recycling.nl/en/exhibitors/
Overdie Metals BV,rocketreach.co,,,,,Stand B30,Overdie Metals BV,,,,,,,https://www.afvalmanagement-recycling.nl/en/exhibitors/overdie-metals-bv-229910/,2026,https://www.afvalmanagement-recycling.nl/en/exhibitors/
Pink Hardfacing,pinkinnovation.nl,,,,,Stand E10,Pink Hardfacing,Welcome to Pink Hardfacing We specialize in extending the life of wear parts through a unique Tungsten Carbide Hardfacing process. Our Pink Hardfacing welding technique significantly extends the lifespan of metal wearing parts. Do you have a lot of maintenance costs for metal wearing parts? Pink Hardfacing is a sustainable solution and results in lower costs for you.,,,,,,https://www.afvalmanagement-recycling.nl/en/exhibitors/pink-hardfacing-245813/,2026,https://www.afvalmanagement-recycling.nl/en/exhibitors/
Pols B.V.,pols.nl,,,,,Stand DE13,Pols B.V.,"Recycling and waste processing: from crushers, shredders, and screens to sales, rental, parts, and specialist service.",,,,,,https://www.afvalmanagement-recycling.nl/en/exhibitors/pols-bv-252192/,2026,https://www.afvalmanagement-recycling.nl/en/exhibitors/
Precia-Molen Nederland,rocketreach.co,,,,,Stand D07,Precia-Molen Nederland,,,,,,https://www.linkedin.com/company/precia-molen-nederland/,https://www.afvalmanagement-recycling.nl/en/exhibitors/precia-molen-nederland-249409/,2026,https://www.afvalmanagement-recycling.nl/en/exhibitors/
Q-Process BV,,,,,,Stand D11,Q-Process BV,"Q-Process is the exclusive agent for Bühler and Pellenc for the Benelux. Sorting-machines from bottles, shredded, and flakes.",,,,,,https://www.afvalmanagement-recycling.nl/en/exhibitors/q-process-bv-229868/,2026,https://www.afvalmanagement-recycling.nl/en/exhibitors/
React PGM,react-pgm.com,,,,,Stand C07,React PGM,"Welcome to ReactPGM, specialists in catalyst recycling. Whether you're a private individual with a single catalyst, a company with a large inventory, or a factory looking to process industrial catalysts, we offer a fast, sustainable, and transparent solution. Contact us today and discover your catalyst's value!",,,,,https://nl.linkedin.com/company/react-pgm,https://www.afvalmanagement-recycling.nl/en/exhibitors/react-pgm-229800/,2026,https://www.afvalmanagement-recycling.nl/en/exhibitors/
Rentec NV,recyclinginside.com,,,,,Stand F19,Rentec NV,"Leading manufacturer of heavy duty stationary shredders, bag openers, screens and other waste recycling equipment.",,,,,https://cn.linkedin.com/company/rentec-n-v-,https://www.afvalmanagement-recycling.nl/en/exhibitors/rentec-nv-229870/,2026,https://www.afvalmanagement-recycling.nl/en/exhibitors/
RvB Groep,rocketreach.co,,,,,Stand B18,RvB Groep,"SUSTAINABLE SOLUTIONS FOR SITE AND BUILDING You want a site or building that is efficient, safe, and future-proof with one single point of contact who takes care of everything: from permits to completion and aftercare. We ensure that your project remains well-organized, progress is monitored, and you always have clarity about the next step. A FAMILY BUSINESS RvB Groep is a family owned company with a solid foundation. We understand that, as an entrepreneur, you need a reliable partner who takes full responsibility for the design and maintenance of your site and buildings. We make sure everything is taken care of from A to Z. Our engineers think along with you from the drawing board, ensuring that all wishes and requirements are brought together in a clear plan ready for execution. With this clear plan, we also guide your construction project, from warehouse to office, so you can stay fully focused on your own business. Even after delivery, we remain involved with maintenance and management, ensuring that your site and buildings stay in top condition — giving you peace of mind and continuity. At RvB Groep, you have one point of contact, short lines of communication, and the assurance that your project is in trusted hands from the first idea to long-term use.",,,,,https://nl.linkedin.com/company/rvbgroep,https://www.afvalmanagement-recycling.nl/en/exhibitors/rvb-groep-230223/,2026,https://www.afvalmanagement-recycling.nl/en/exhibitors/
Smart Equipment,americancoinop.com,,,,,Stand DE2,Smart Equipment,Your recycling specialist in the Benelux!,,,,,,https://www.afvalmanagement-recycling.nl/en/exhibitors/smart-equipment-229921/,2026,https://www.afvalmanagement-recycling.nl/en/exhibitors/
Spaleck GmbH & Co. KG,spaleck-us.com,,,,,Stand B03,Spaleck GmbH & Co. KG,"SPALECK GmbH & Co. KG is one of the world’s leading manufacturers of conveying and separation technology. Customised to your needs, we offer you innovative solutions for coarse screening & pre-screening, grading, fine-screening, dewatering and conveying & dosing of your materials. Whether you need a stand-alone system or a screening machine as a part of your processing line: SPALECK offers you BEST SCREENING for BEST SORTING. PRODUCT RANGE Recycling Waste Screens | Flip-Flow Screens | 3D COMBI Flip-Flow Screens | Mobile Screens | Vibratory Conveyors | Infeed Units | Customised Solutions Test your material in advance in our SPALECK TestCenter to find the optimum solution for your application!",,,,,https://www.linkedin.com/posts/spaleck-gmbh-co-kg_meet-us-at-ifat-2026-activity-7455491630725398528-J2Hm,https://www.afvalmanagement-recycling.nl/en/exhibitors/spaleck-gmbh-co-kg-229867/,2026,https://www.afvalmanagement-recycling.nl/en/exhibitors/
T&B electronic GmbH,bulkinside.com,,,,,Stand C16,T&B electronic GmbH,"With 40 years of experience, T&B electronic GmbH offers preventive fire protection for machines and systems – and is certified as a VdS specialist installer. The strength of the medium-sized company: the creation of comprehensive, specific protection concepts for various processing operations. This way, fire protection is suitable to individual requirements – and comes from a single source, from installation to commissioning. As a VdS-approved installer for spark extinguishing systems and water spray extinguishing systems, T&B electronic also offers infrared cameras and gas extinguishing systems, especially with argon, as well as fire alarm systems according to DIN 14675. The company today has representations on four continents. Through continuous further development of the product range, the fire protection specialist continue to set new standards with quality and innovation in preventive plant fire protection.",,,,,https://www.linkedin.com/company/t-b-electronic-gmbh/,https://www.afvalmanagement-recycling.nl/en/exhibitors/tb-electronic-gmbh-245315/,2026,https://www.afvalmanagement-recycling.nl/en/exhibitors/
Techno Trend,beaches.com,,,,,Stand A09,Techno Trend,"Techno Trend Milieutechniek specializes in innovative waste and recycling solutions for the retail, industrial, and logistics sectors. We supply, install, and maintain high-quality compactors, container systems, and bulk collection machines from leading brands such as Strautmann Umwelttechnik and Anker Andersen. With a dedicated team of skilled service engineers and our own workshop, we provide reliable service, customization, and expert advice — enabling our customers to process their waste streams efficiently, safely, and sustainably.",,,,,https://in.linkedin.com/company/techno-trend-solutions,https://www.afvalmanagement-recycling.nl/en/exhibitors/techno-trend-230335/,2026,https://www.afvalmanagement-recycling.nl/en/exhibitors/
Total Belting / RUBIX,,,,,,Stand A08,Total Belting / RUBIX,Conveyor belts and accessories,,,,,https://be.linkedin.com/in/william-coup%C3%A9-ab508a2b,https://www.afvalmanagement-recycling.nl/en/exhibitors/total-belting-rubix-248424/,2026,https://www.afvalmanagement-recycling.nl/en/exhibitors/
TruSteel/ Machinefabriek Emmen,,,,,,Stand B10,TruSteel/ Machinefabriek Emmen,TruSteel is a full-fledged partner in the domain of recycling technology.,,,,,https://nl.linkedin.com/in/mike-mohlmann,https://www.afvalmanagement-recycling.nl/en/exhibitors/trusteel-machinefabriek-emmen-229818/,2026,https://www.afvalmanagement-recycling.nl/en/exhibitors/
Tuytel Groep BV,infratech.nl,,,,,Stand DE7,Tuytel Groep BV,"Everything for your project: machinery, rentals, materials and contracting. Discover what Tuytel can do for you.",,,,,https://nl.linkedin.com/in/arja-devoet-verloop-b49816127,https://www.afvalmanagement-recycling.nl/en/exhibitors/tuytel-groep-bv-255149/,2026,https://www.afvalmanagement-recycling.nl/en/exhibitors/
U Gaat Bouwen B.V.,ugaatbouwen.com,,,,,Stand I27,U Gaat Bouwen B.V.,"U Gaat Bouwen BV devises and publishes various concepts. We are active in the horticultural, agricultural, demolition and recycling sectors. We hereby present to you our title Sloop & Recycling. Sloop & Recycling is sent digitally to agencies and companies planning to demolish projects in the Netherlands and Belgium. Do you want to be seen online & offline by the right target group? Visit our stand and discover the possibilities of our platform. Of course, you can also request more information via our website. Or via one of our Account Managers.",,,,,https://www.linkedin.com/posts/u-gaat-bouwen-bv_heliospectra-continuing-partnership-at-tomatoworld-activity-7498274027929538561-QLxZ,https://www.afvalmanagement-recycling.nl/en/exhibitors/u-gaat-bouwen-bv-244205/,2026,https://www.afvalmanagement-recycling.nl/en/exhibitors/
Van Beek schroeftransport,van-beek.nl,,,,,Stand F07,Van Beek schroeftransport,"Custom made screw conveyors, bulk truck loaders and screw heat exchangers for the recycling industry.",,,,,https://nl.linkedin.com/company/van-beek-schroeftransport-systemen,https://www.afvalmanagement-recycling.nl/en/exhibitors/van-beek-schroeftransport-254798/,2026,https://www.afvalmanagement-recycling.nl/en/exhibitors/
Van de Beeten Grondstoffen en Recycling BV.,trustoo.nl,,,,,Stand Grondstof1,Van de Beeten Grondstoffen en Recycling BV.,"Van de Beeten, the multidisciplinary construction company from Veghel and Oosterhout. In addition to infrastructure projects, we also realize outdoor spatial projects, such as exclusive (company) gardens and equestrian sports surfaces, and we trade in raw and building materials that we can also produce ourselves. The equipment we use for our projects is also available for rental (possibly manned).",,,,,https://www.linkedin.com/pub/dir/Alexander/Verhoeven,https://www.afvalmanagement-recycling.nl/en/exhibitors/van-de-beeten-grondstoffen-en-recycling-bv-250909/,2026,https://www.afvalmanagement-recycling.nl/en/exhibitors/
Van der Graaf B.V.,techvitas.com,,,,,Stand F10,Van der Graaf B.V.,"Van der Graaf B.V. is manufacturer of drum motors. Drum motors are used to drive conveyor belts. The electric motor, gear drive and all moving parts of the drum motor are enclosed inside the drum. The motor and gears operate in a sealed oil bath enclosure, ensuring proper lubrication and cooling. The drum motor rotates a gear module which transmits power to the outer rotating drum. This concept ensures less maintenace and more reliability. The compact all-inclusive design makes engineering and installation easy.",,,,,https://www.linkedin.com/company/vandergraaf,https://www.afvalmanagement-recycling.nl/en/exhibitors/van-der-graaf-bv-230354/,2026,https://www.afvalmanagement-recycling.nl/en/exhibitors/
Van der Spek-Vianen BV,dynapac.com,,,,,Stand D17,Van der Spek-Vianen BV,"Partner in verkoop, verhuur en service van machines in grondverzet, wegenbouw, hoogbouw, recycling, overslag en beton. Van der Spek bestaat sinds 1932 en heeft zich in de afgelopen decennia ontwikkeld, tot een stabiele en toch dynamische organisatie, innoverend en anticiperend op de ontwikkelingen in de markt. Met ons uitgebreide productaanbod, kennis en kunde, voorzien wij in uw materieelbehoefte. Van der Spek vertegenwoordigt sterke merken, waaronder Komatsu, Terex-Fuchs, Powerscreen, Liebherr, Cifa en Dynapac. Stuk voor stuk wereldmerken, die continu werken aan productverbetering, duurzaamheid, energiebesparing en gebruiksgemak. Naast de verkoop en onderhoud van nieuwe en gebruikte machines, richt Van der Spek zich op verhuur van recycling-, overslag-, wegenbouwmachines en torenkranen. Een sterke serviceorganisatie staat paraat, die als partner zorgdraagt, voor de continuïteit en de kwaliteit van uw machinepark. Uw snelweg naar service en support.",,,,,https://www.linkedin.com/company/vanderspekvianen/,https://www.afvalmanagement-recycling.nl/en/exhibitors/van-der-spek-vianen-bv-247548/,2026,https://www.afvalmanagement-recycling.nl/en/exhibitors/
Van Happen Containers,pitchbook.com,,,,,Stand G23,Van Happen Containers,Working together on a circular future with smart waste and recycling solutions.,,,,,https://www.linkedin.com/company/van-happen-containers/,https://www.afvalmanagement-recycling.nl/en/exhibitors/van-happen-containers-250917/,2026,https://www.afvalmanagement-recycling.nl/en/exhibitors/
Van Laecke Group,vanlaeckegroup.com,,,,,Stand DE1,Van Laecke Group,"Van Laecke Group is a family-owned SME with years of experience and expertise in specialised machinery for the recycling, construction and agricultural sectors. Its wide range includes mobile and stationary recycling machines for processing soil and stone waste of various origins, as well as demolition and green wood. From Zedelgem, near Bruges, they provide maintenance and customer service. We also have a service point near Houten.",,,,,,https://www.afvalmanagement-recycling.nl/en/exhibitors/van-laecke-group-229919/,2026,https://www.afvalmanagement-recycling.nl/en/exhibitors/
Van Pelt Recycling BV,stichting-open.org,,,,,Stand D21,Van Pelt Recycling BV,"Reliable partner in E-waste: accurate sorting, transparent processes, and clear communication.",,,,,,https://www.afvalmanagement-recycling.nl/en/exhibitors/van-pelt-recycling-bv-229869/,2026,https://www.afvalmanagement-recycling.nl/en/exhibitors/
Vandoren BV,rockwellautomation.com,,,,,Stand E16,Vandoren BV,Vandoren is the specialist when it comes to the automation of recycling machines and sorting lines.,,,,,https://nl.linkedin.com/in/andre-jansen-78a1a1258,https://www.afvalmanagement-recycling.nl/en/exhibitors/vandoren-bv-230275/,2026,https://www.afvalmanagement-recycling.nl/en/exhibitors/
VAV Conveyor Components & Solutions,rocketreach.co,,,,,Stand D16,VAV Conveyor Components & Solutions,"VAV is based in Katwijk, at the coast of the Netherlands. As from 1973 VAV is active as supplier of spare parts for chain conveyors, bucket elevators and screw conveyors. In all these years VAV has grown into the expert in the fields of conveyor chains, screw conveyors and elevators. A large stock of standard products guarantee a prompt service.",,,,,https://www.linkedin.com/company/mullerbeltex/,https://www.afvalmanagement-recycling.nl/en/exhibitors/vav-conveyor-components-solutions-229817/,2026,https://www.afvalmanagement-recycling.nl/en/exhibitors/
VDL Containersystemen BV,portstrategy.com,,,,,Stand DE6,VDL Containersystemen BV,,,,,,https://nl.linkedin.com/in/maikel-bloks-231b4126,https://www.afvalmanagement-recycling.nl/en/exhibitors/vdl-containersystemen-bv-248771/,2026,https://www.afvalmanagement-recycling.nl/en/exhibitors/
VDM Industrial Solutions,vdm-industrial.com,,,,,Stand H26,VDM Industrial Solutions,,,,,,,https://www.afvalmanagement-recycling.nl/en/exhibitors/vdm-industrial-solutions-252564/,2026,https://www.afvalmanagement-recycling.nl/en/exhibitors/
VERAS Vereniging voor Aannemers in de Sloop,lek-sloopwerken.nl,,,,,Stand Grondstof7,VERAS Vereniging voor Aannemers in de Sloop,"VERAS is the trade association for demolition contractors and asbestos removal companies. With more than 100 members and 20 donors, we represent an important segment of the demolition and asbestos removal branch. Our main objectives are: - representing the interests of the demolition and asbestos removal branch; -promoting the professionalism, the quality level and the good image of the branch; - optimal information provision and service to our members and other parties. We are committed to: - a healthy market structure for demolition and asbestos removal companies; - adequate and workable rules and regulations and standards and guidelines; - safeguarding safe and environmentally responsible demolition and safe and healthy working; - contributing to the circular economy by promoting the high-grade reuse of released demolition materials; acting as a responsible client and contractor. We represent our interests in various forms of consultation and commissions. There are also intensive contacts with the departments involved and relevant societal organisations. Another important activity of VERAS is the provision of information and the helpdesk for members. A membership should also deliver individual benefits for member companies. VERAS is a member of Aannemersfederatie Nederland (AFNL, the Netherlands Contractors' Federation) and of the European Demolition Association (EDA). There is also regular consultation and coordination with colleague branch organisations.",,,,,https://nl.linkedin.com/in/asbestsaneringbv,https://www.afvalmanagement-recycling.nl/en/exhibitors/veras-vereniging-voor-aannemers-in-de-sloop-251623/,2026,https://www.afvalmanagement-recycling.nl/en/exhibitors/
Vogelsang B.V.,recyclingvakbeurs.nl,,,,,Stand D08,Vogelsang B.V.,"Vogelsang B.V. is a specialist in the fields of pump, maceration, shredding and separation technology, which are implemented successfully in a multitude of segments: industry, wastewater, biogas, agricultural technology and infrastructure. Visit our website for more detailed information: vogelsang.info",,,,,https://ie.linkedin.com/company/vogelsang-ireland-limited,https://www.afvalmanagement-recycling.nl/en/exhibitors/vogelsang-bv-232735/,2026,https://www.afvalmanagement-recycling.nl/en/exhibitors/
Waste Robotics,wasterobotic.com,,,,,Stand H23,Waste Robotics,,,,,,,https://www.afvalmanagement-recycling.nl/en/exhibitors/waste-robotics-252610/,2026,https://www.afvalmanagement-recycling.nl/en/exhibitors/
Wear Parts Europe,shop.wearpartseurope.com,,,,,Stand B04,Wear Parts Europe,"Specialist in wear-resistant solutions for maximum service life, reduced downtime, and lower maintenance costs.",,,,,https://nl.linkedin.com/company/wearpartseurope,https://www.afvalmanagement-recycling.nl/en/exhibitors/wear-parts-europe-253423/,2026,https://www.afvalmanagement-recycling.nl/en/exhibitors/
"Wecycle voor bedrijven, een merk van Stichting OPEN",storage.pubble.nl,,,,,Stand D18,"Wecycle voor bedrijven, een merk van Stichting OPEN","Elektrisch afval recyclen. Met elkaar krijgen we het voor elkaar! Stichting OPEN geeft invulling aan de wettelijke producentenverantwoordelijkheid voor afgedankte apparaten, batterijen en lampen. Dit doen we namens de importeurs en producenten van deze producten. Wil je als bedrijf elektrisch afval afdanken? Op wecyclevoorbedrijven.nl staan de mogelijkheden die bedrijven hebben om elektrisch afval, zoals printers, lichtarmaturen, computers, lampen, airco’s, bewakingssystemen, batterijen, ventilatoren etc. af te danken. Wanneer je het elektrisch afval wegbrengt naar een Wecycle voor bedrijven-inleverpunt krijg je soms een vergoeding. Bekijk -voor het wegbrengen- altijd op de site van het inleverpunt voor informatie over openingstijden en eventuele aanvullende informatie. Laten ophalen kan in sommige gevallen ook. Of kies voor een combinatie. Als je demontage uitvoert, kun je ook zelf CENELEC-verwerker worden. Afgedankte apparaten vrijwel geheel benut Wanneer elektrisch afval op de juiste manier wordt ingeleverd, wordt dit gerecycled of krijgt dit een nuttige toepassing. Emissie van gevaarlijke stoffen wordt daarmee vermeden en (kritische) grondstoffen teruggewonnen. Wij vertellen je graag meer over alle mogelijkheden en voordelen. Graag tot in onze stand D18. De koffie staat klaar! Kijk op stichting-open.org of wecyclevoorbedrijven.nl",,,,,,https://www.afvalmanagement-recycling.nl/en/exhibitors/wecycle-voor-bedrijven-een-merk-van-stichting-open-247753/,2026,https://www.afvalmanagement-recycling.nl/en/exhibitors/
WEIR,bobweir.net,,,,,Stand G24,WEIR,"Accelerating the path to smart, efficient and sustainable processing.",,,,,,https://www.afvalmanagement-recycling.nl/en/exhibitors/weir-252379/,2026,https://www.afvalmanagement-recycling.nl/en/exhibitors/
Wirtgen Nederland BV,wirtgen-group.com,,,,,Stand A13,Wirtgen Nederland BV,,,,,,,https://www.afvalmanagement-recycling.nl/en/exhibitors/wirtgen-nederland-bv-246690/,2026,https://www.afvalmanagement-recycling.nl/en/exhibitors/
Zakelijke Energietarieven,zakelijkeenergietarieven.nl,,,,,Stand I25,Zakelijke Energietarieven,,,,,,,https://www.afvalmanagement-recycling.nl/en/exhibitors/zakelijke-energietarieven-253155/,2026,https://www.afvalmanagement-recycling.nl/en/exhibitors/
"ŽDAS, a.s.",zdas.com,,,,,Stand B08,"ŽDAS, a.s.",,,,,,https://www.linkedin.com/company/zdasas,https://www.afvalmanagement-recycling.nl/en/exhibitors/das-as-245971/,2026,https://www.afvalmanagement-recycling.nl/en/exhibitors/
