exhibitor_name,domain,contact,address,location
22 VATIOS SL,22vatios.com,info@22vatios.com | +34912620457,"Avenida de los Pirineos 9, San Sebastián de los Reyes, M, 28703, Spain","San Sebastián de los Reyes, Spain"
3M,3m.com,,"Juan I. Luca de Tena, 19-25, MADRID, MADRID, 28027, Spain","Madrid, Spain"
ABB,new.abb.com,,"Calle de San Romualdo 13, Madrid, 28037, Spain","Madrid, Spain"
ACAI DEPURACION SLU,acaidepuracion.com,info@acaidepuracion.com,"Calle Valle de Plan P21, MONZON, Huesca, 22400, Spain","Monzon, Spain"
Accesfluid,accesfluid.com,comercial@accesfluid.com | +34937811612,"CALLE SEVA (L'AMETLLA PARK) 2, L'AMETLLA DEL VALLES, Barcelona, 08480, Spain","L'Ametlla Del Valles, Spain"
ACT (Intronics),intronics.es,,"Calle Eslovenia 15, Málaga, 29004, Spain","Málaga, Spain"
AEP GLOBAL,globaleye-ssow.com,,"Lothing House
7 Quay View Business Park, Lowestoft, Suffolk, NR32 2HD, United Kingdom","Lowestoft, United Kingdom"
AGR Integral Engineering Solutions,grupoagr.es,,"Ronda de Narcís Monturiol y Estarriol 5 Planta 3, Valencia, 46980, Spain","Valencia, Spain"
Anord Mardix,anordmardix.com,,"Castle Mills
Aynam Road, Kendal, Cumbria, LA9 7DE, United Kingdom","Kendal, United Kingdom"
AOKLY,,,"Unit 2508, DFC, Huli District, Xiamen, Fujian, 361000, China","Xiamen, China"
APP CONSULTORIA DE GESTION DE PROYECTOS SL,app-consultoria.com,academy@app-consultoria.com | +19297927676,"Paseo de la Castellana, Madrid, M, 28046, Spain","Madrid, Spain"
ASELCOM,aselcom.com,924276850,"Plgo. Ind. El Nevero, Complejo La Mar, Nº6, Badajoz, 06007, Spain","Badajoz, Spain"
Austin Hughes,austin-hughes.com,inquiry-americas@austin-hughes.com | +1 (510) 656 2888,"Unit 1, Chancery Gate Business Centre
Manor House Avenue, Southampton, Hampshire, SO15 0AE, United Kingdom","Southampton, United Kingdom"
BAC,baltimoreaircoil.eu,europe@baltimoreaircoil.com,"Industriepark Zone A1, Heist op den berg, 2220, Belgium","Heist op den berg, Belgium"
Balmoral Tanks,balmoral-group.com,group-website@balmoral.co.uk,"Barrowfield Road, ROTHERHAM, South Yorkshire, S63 0EW, United Kingdom","Rotherham, United Kingdom"
Barco,barco.com,,"Beneluxpark 21, Kortrijk, 8500, Belgium","Kortrijk, Belgium"
BARPA,barpa.eu,info@barpa.eu,"473 Rua Noé Pereira, Fânzeres, 4510-706, Portugal","Fânzeres, Portugal"
Belimo,belimo.com,datacenters@belimo.com | +91 7828013266,"CALLE SAN ROMUALDO, 12 - 14 2ª-PTA. 2, Madrid, 28037, Spain","Madrid, Spain"
Bender Iberia,bender.es,info@bender.es | +34 91 3751202,"Calle de Fuerteventura 4, San Sebastián de los Reyes, 28703, Spain","San Sebastián de los Reyes, Spain"
Bergvik Sweden AB,bergvik.com,,"Fabriksvägen 9, Bergvik, 826 67, Sweden","Bergvik, Sweden"
Blygold España,blygold.es,comercial@blygold.es | 968554881,"Calle Luis de Góngora 51, Balsapintada, 30332, Spain","Balsapintada, Spain"
BOX INTEGRATION SYSTEMS S.L.,boxis.es,press@boxis.es,"Calle de Felipe Sanclemente, Zaragoza, Z, 50001, Spain","Zaragoza, Spain"
Brother Iberia,brother.es,,"Julian Camarillo 57, Madrid, 28037, Spain","Madrid, Spain"
CAP INGELEC,capingelec.com,contact@capingelec.com,"18 Rue Pythagore
33, Merignac, 33700, France","Merignac, France"
Carrier,carrier.com,,"Route de Thil, Montluel, 01120, France","Montluel, France"
CGH Group,cgh.com.pl,info@cgh.com.pl | +48 (52) 370 66 66,"39 Srebrna, Bydgoszcz, M. Bydgoszcz, 85-461, Poland","Bydgoszcz, Poland"
CIMC Digital Power,cimc.com,,"Shajiao Industrial Zone, Da'ao Town, Xinhui District,, Da'ao Town, Xinhui District,, Jiangmen City, 529144, China","Da'ao Town, Xinhui District,, China"
CLIVET TECNA,tecna.es,comercial@tecna.es | 91%20628%2020%2056,"Carretera de Fuente el Saz, ALGETE, Madrid, 28110, Spain","Algete, Spain"
Cobra,,,"Calle de Cardenal Marcelo Spínola 10, Madrid, 28016, Spain","Madrid, Spain"
Comaple,comaple.com,colombia@comaple.com,"AVENIDA CASTILLOS (URB. VILLAFRANCA DEL CASTILLO) 1, VILLANUEVA DE LA CAÑADA, Madrid, 28692, Spain","Villanueva De La Cañada, Spain"
Commscope,commscope.com,,"Avenida de Europa 19, Alcobendas, Madrid, 28108, Spain","Alcobendas, Spain"
Condair,condair.es,es.info@condair.com | +34915318218,"Calle de Baracaldo 37, Madrid, Madrid, 28029, Spain","Madrid, Spain"
Consolis Tecnyconta,tecnyconta.es,,"Carretera Gallur 11, Tauste, 50660, Spain","Tauste, Spain"
CSB Battery,sercoba.com,,"Gran Canaria 37  Humanes De Madrid,, Madrid, Madrid, 28970, Spain","Madrid, Spain"
DAIKIN,daikin.es,900324546,"Calle Vía de los Poblados 1, Madrid, M, 28033, Spain","Madrid, Spain"
DConcept,dconceptgroup.com,,"Pº de la Castellana, 194, Madrid, 28046, Spain","Madrid, Spain"
DELTA,eltek.com,,"Zandsteen 15, Hoofddorp, Hoofddorp, 2132 MZ, Netherlands","Hoofddorp, Netherlands"
DFUN,acethemarketing.com,,"Room 1701, Block A, Longhua District Digital Innovation Center (Hongruiyuan Beizhan Center), Beizhan Community, Minzhi Subdistrict,, (Hongruiyuan Beizhan Center), Beizhan Community, Minzhi Subdistrict,, Longhua District, China","(Hongruiyuan Beizhan Center), Beizhan Community, Minzhi Subdistrict,, China"
Digatel Telecomunicaciones,digateltelecom.com,digatel@digateltelecom.com | 918255358,"AVENIDA REAL DE PINTO, 91 - A 16, MADRID, Madrid, 28021, Spain","Madrid, Spain"
DJK Europe GmbH,djkeurope.com,+36 1 235 0323,"Mergenthalerallee 79-81, Eschborn, HE, 65760, Germany","Eschborn, Germany"
Dorlet,dorlet.com,,"Albert Einstein 34, Miñano Mayor, Alava, 01510, Spain","Miñano Mayor, Spain"
DOW,dow.es,,"Calle de José Abascal 56 - Planta 5, Madrid, Madrid, 28760, Spain","Madrid, Spain"
EAE FRANCE SAS,eaeitalia.it,info@eaeitalia.it,"Via Andegari 4, Milano, 20121, Italy","Milano, Italy"
Eaton,eaton.com,,"Plaça d'Europa 9-11, L'Hospitalet de Llobregat, 08908, Spain","L'Hospitalet de Llobregat, Spain"
ebm-papst,ebmpapst.com,,"Avenida del Sistema Solar 29, San Fernando de Henares, Madrid, 28830, Spain","San Fernando de Henares, Spain"
EMERSON,emerson.com,,"Fosse House 6 Smith Way Grove Park Enderby, Leicester, LE19 1USX, United Kingdom","Leicester, United Kingdom"
EMKA Beschlagteile Ibérica S.L.,emka.com,,"Polígono Industrial Planarresano 78, Arnedo, La Rioja, 26580, Spain","Arnedo, Spain"
Energetus,energetus.pt,energetus@energetus.com,"R. Castilho 1, 6th floor, Lisboa, Portugal, 1250-096, Portugal","Lisboa, Portugal"
EQUIFAB,equifab.es,croyo@equifab.es,"C. Motors 6 (Pol. Ind. Comte de Sert), Castellbisbal, Barcelona, 08755, Spain","Castellbisbal, Spain"
Equinsa Networking,equinsanetworking.com,eqnw@equinsa.es,"C/ Primavera, 14.
28850 - Torrejón de Ardoz (MADRID), Torrejón de Ardoz (MADRID), Madrid, 28850, Spain","Torrejón de Ardoz (MADRID), Spain"
EUROCONNEX,electronicgrup.com,info@euroconnex.eu | +34972468380,"Polígon industrial Pla de l’Illa, Nave 1, Quart d'Onyar, GIRONA, 17242, Spain","Quart d'Onyar, Spain"
Evernex,evernex.com,,"Calle de Emilio Muñoz 3, Madrid, Madrid, 28037, Spain","Madrid, Spain"
Exide Technologies Energy Solution S.L.U.,exidegroup.com,,"A-2 41, Alcalá de Henares, M, 28805, Spain","Alcalá de Henares, Spain"
Fibratel,fibratel.com,hola@fibratel.com | +34902488499,"Calle Xaudaró, 11, 28034 Madrid, Madrid, Barcerlona, 28034, Spain","Madrid, Spain"
FLYTECH,flytech.es,aalarcon@flytech.es,"Sardenya, 286, BARCELONA, 08013, Spain","Barcelona, Spain"
FNT Software,fntsoftware.com,+1 862 437 0682,"IT-Campus 2-4, Ellwangen, 73479, Germany","Ellwangen, Germany"
Gaestopas,gaestopas.com,,"Poligono Akarregi - Parcela 6, Hernani, Guipuzcoa, 20120, Spain","Hernani, Spain"
GERFLOR,gerflor.es,,,
GESAB,gesab.com,info@gesab.com,"AVENIDA DEL MOGENT 68, LLINARS DEL VALLES, Barcelona, 08450, Spain","Llinars Del Valles, Spain"
Gespasa,gespasa.es,34973451072,"Horta d'Amunt, s/n, BALAGUER, LLEIDA, 25600, Spain","Balaguer, Spain"
Grupo Datesa - Datesa Soluciones - Datesa Seguridad,datesasoluciones.es,,"Avenida de la Democracia 7, Madrid, 28031, Spain","Madrid, Spain"
GRUPO SECOEX,gruposecoex.com,info@gruposecoex.com,"CALLE NEVERO DOCE, 6 NAVE A17, Badajoz, 06006, Spain","Badajoz, Spain"
GS YUASA ESPAÑA,yuasaiberia.com,,"Calle Alcañiz, 23 2ª Planta, 28042 Madrid, Madrid, 28042, Spain","Madrid, Spain"
HIDROTEN,hidroten.com,,"Poligono Industrial Pla De La Vallonga  C/ Agua, 28, 03006 Alicante, ALICANTE, 03006, Spain","Alicante, Spain"
Hilti,hilti.es,,"Camino de la Fuente de la Mora 1, Madrid, M, 28050, Spain","Madrid, Spain"
HIMOINSA,himoinsa.com,,"C/EDISON, 57 PARCELA 8 P.I. LAS MEZQUITAS, Getafe, Madrid, 28906, Spain","Getafe, Spain"
HMS Networks,hms-networks.com,,"Carrer Milà i Fontanals, 7, Igualada, Barcelona, 08700, Spain","Igualada, Spain"
Hoppecke,hoppecke.com,info@hoppecke.com,"Logistyczna 10, Srodka, 63-006, Poland","Srodka, Poland"
Hovmand A/S,hovmand.com,info@hovmand.com | +45 57 83 33 00,"15 A Sandvadsvej, Køge, Køge, 4600, Denmark","Køge, Denmark"
Huurre,huurreiberica.com,huurre@huurreiberica.com | (+34) 972 463 085,"Carrer Serinyà 43, Polígono Industrial El Trust, Cassà de la Selva, Girona, 17244, Spain","Polígono Industrial El Trust, Spain"
IBERICA Energy & Data Centers,ibericaenergy.es,,"Calle Picos de Europa 1, Paracuellos de Jarama, Madrid, 28860, Spain","Paracuellos de Jarama, Spain"
Iberternic,ibertecnic.com,info@ibertecnic.com | +34934739137,"Llobregat, 6-8 Nave 2 Pol.Ind.El Pla, MOLINS DE REI, BARCELONA, 08750, Spain","Molins De Rei, Spain"
ICOTEK IBERIA,icotek.com,info@icotek.com,"Carrer de la Ciència 19, Gavà, BARCELONA, 08850, Spain","Gavà, Spain"
IGIC,,,"Calle Manuel Altolaguirre 1, Almonte, 21730, Spain","Almonte, Spain"
IN-QUATTRO,in-quattro.com,info@in-quattro.com,"VIA DEGLI OLMETTI 39 E, FORMELLO, ROMA, 00060, Italy","Formello, Italy"
INAEL,inael.com,inael@inael.com,"CALLE RIO JARAMA (POL IND SANTA MARIA BENQUERENCIA) 7, (POL IND SANTA MARIA BENQUERENCIA), TOLEDO, Toledo, 45007, Spain","(Pol Ind Santa Maria Benquerencia), Spain"
Inserty,inserty.com,inserty.madrid@inserty.net | +34911623460,"Carrer del Progrés 7, Montcada i Reixac, Barcelona, 08110, Spain","Montcada i Reixac, Spain"
Intercel,intercel.eu,sales-electrification@intercel.eu | +310885149900,"Bonner Straße 365, Düsseldorf, NRW, 40589, Germany","Düsseldorf, Germany"
Interplast SA,interplast.gr,%2B30210.6204400,"Industrial Area of Komotini, Komotini, Greece, 69100, Greece","Komotini, Greece"
ISOPAN,isopan.es,isopan@isopan.es,"POLIGONO INDUSTRIAL CONSTANTI (AVDA DE LES PUNTES), Parcela 2, CONSTANTI, Tarragona, 43120, Spain","Constanti, Spain"
ITALSAN,italsan.com,atencionalcliente@italsan.com | +34918060723,"Carrer de la Màquina 8b, pol ind. el regas, Gavà, Barcelona, 08850, Spain","Gavà, Spain"
Itercon - Cyclus Group,grupocyclus.com,,"Carrer de Jesús 81, València, Valencia, 46007, Spain","València, Spain"
JIANGSU ETERN COMPANY LIMITED,jsnewexpo.com,,"50 Zhonghua Road, 5th Floor, Sub-Building of International Trade Mansion,, Nanjing, 210000, China","Nanjing, China"
JOHN COCKERILL SA,johncockerill.com,(+8610) 52659708,"1 Rue Jean Potier, Seraing, 4100, Belgium","Seraing, Belgium"
Johnson Controls,johnsoncontrols.com,inquiry@jci.com | (800) 289-2647,"Het Hofveld 6e, Dilbeek, 1702, Belgium","Dilbeek, Belgium"
Keynet Systems,,,"Calle F Oeste Poligono Industrial Malpica, Zaragoza, Zaragoza, 50016, Spain","Zaragoza, Spain"
KSB Spain,ksb.com,,"Urteta Bidea s/n, Zarautz, SS, 20800, Spain","Zarautz, Spain"
KX LOAD,,,"Unit 2508, DFC, Huli District, Xiamen, Fujian, 361000, China","Xiamen, China"
Lazzen,lazzen.com,,"Rm A 20/F WANG CHEONG BLDG, 251 RECLAMATION ST, Yau Ma Tei, Kowloon, Hong Kong","Yau Ma Tei, Hong Kong"
LEGRAND,legrand.co.uk,,"128 Avenue Marechal de Lattre de Tassigny, Northumberland Business Park, Limoges, Northumberland, 87000, France","Northumberland Business Park, France"
LEOCH BATTERIES,leoch.eu,info@leoch.fr | 00302105760318,"Camino de Pinares Llanos 9, Villaviciosa de Odón, 28670, Spain","Villaviciosa de Odón, Spain"
Lindapter International,lindapter.com,enquiries@lindapter.com | +441274521444,"Brackenbeck Road, Bradford, West Yorkshire, BD7 2NF, United Kingdom","Bradford, United Kingdom"
LINDNER,surias.eus,,"Calle Lauaxeta Olerkaria 52A, Mungia (Bizkaia), Pais Vasco, 48100, Spain","Mungia (Bizkaia), Spain"
LMSI Engineering,lmsi.pt,geral@lmsi.pt | +351 218 920 900,"R. Afonso Annes Penedo, 56, Lisboa, Portugal, 1950-014, Portugal","Lisboa, Portugal"
MARECHAL ELECTRIC,marechal.com,contact@marechal.com | +330145116000,"5 Avenue du Chemin de Presles, Saint Maurice, VAL-DE-MARNE, 94410, France","Saint Maurice, France"
MASTER BATTERY,masterbattery.es,info@masterbattery.es,"Paseo de Extremadura 39, Mostoles, Madrid, 28935, Spain","Mostoles, Spain"
Mayekawa,mayekawa.es,mayekawa@mayekawa.es,"CALLE MONTEVIDEO (PG INDUSTRIAL CAMPORROSO), 5 - NAVE 13, (PG INDUSTRIAL CAMPORROSO), ALCALA DE HENARES, Madrid, 28806, Spain","(Pg Industrial Camporroso), Spain"
"Mecca Power Co., Ltd.",meccagen.com,,"Room 11, 10th Floor, Building A1, Cangshan Wanda Plaza, No. 272 Pushang Avenue, Jinshan Street, Fuzhou, Fujian, Cangshan, China","Cangshan Wanda Plaza, No. 272 Pushang Avenue, Jinshan Street, China"
MEGMEET,megmeet.com,services@wangjiahuan.net | 400 666 2163,"No.63 Xuefu Road, Nanshan District,34th Floor, High-tech Zone Union Tower, Shenzhen, 518052, China","Shenzhen, China"
MIDEA FRIGICOLL HVAC,frigicoll.es,dpo@frigicoll.es,"Carrer Blasco de Garay 4, Sant Just Desvern, B, 08960, Spain","Sant Just Desvern, Spain"
Mitsubischi Electric,es.mitsubishielectric.com,,"P.E. San Fernando – Ed. Europa – Avda. de Castilla 2, 1ª planta, San Fernando de Henares, Madrid, 28830, Spain","San Fernando de Henares, Spain"
"Navarro Molina Instalaciones HV, S.L.",navarromolinaingenieria.com,info@navarromolinaingenieria.com,"Paseo Pedro Simón Abril 17, Entreplanta 02003 Albacete, Albacete, Castilla la Mancha, 02003, Spain","Albacete, Spain"
Nemix,nemix.es,comercial@nemix.es,"Avda. José Luis de Goyoaga, 32, of. 105-106, Erandio, Bizkaia, 48950, Spain","Erandio, Spain"
Netceed,netceed.com,8336382333,"Fuerteventura, 4 Bajo, San Sebastián de los Reyes, Madrid, 28703, Spain","San Sebastián de los Reyes, Spain"
Nexconec,nexconec.com,,"NEXCONEC Europe, 224 rue du champ du roy, Chasse-sur-Rhône, 38670, France","224 rue du champ du roy, France"
NORVENTO,norvento.com,,"Rúa Ramón María Aller Ulloa 23, Lugo, Lugo, 27003, Spain","Lugo, Spain"
nVent,nvent.com,,"Jules Verneweg 75, Tilburg, 5015 BG, Netherlands","Tilburg, Netherlands"
NÜO PLANET,nuoplanet.com,arco@by.com.es | +34918707193,"Calle Tomas Edison 5, Arganda del Rey, M, 28500, Spain","Arganda del Rey, Spain"
O9 DIRECTO IINDUSTRIA SLU,onueve.com,,"C/ HILANDERAS, 64
EDIFICIO BELASKO 64 
20303 IRUN GIPUZKOA, IRUN, GIPUZKOA, 20303, Spain","Irun, Spain"
Open Compute Project,opencompute.org,,"13785 N HWY 183, Suite 125, Austin, TX 78750, United States","Austin, United States"
Panduit Europe Ltd,panduit.com,appartners@panduit.com | 001-803-65-7571,"1 Oliver's Yard, 55 City Road, London, Greater London, EC1Y 1HQ, United Kingdom","London, United Kingdom"
Pemsa,pemsa-rejiband.com,atencionalcliente@pemsa-rejiband.com,"Galileo Galilei, 22-24
Alcalá de Henares, Madrid                                                       
España, Alcala de Henares, Madrid, 28806, Spain","Alcala de Henares, Spain"
Permastore Limited,permastore.com,,"Eye, IP23 7HS, United Kingdom","Ip23 7Hs, United Kingdom"
PHS West,phswest.com,ap@phswest.com | 1-763-498-7576,"6704 Bleck Drive, Rockford, MN, 55373, United States","Rockford, United States"
Portugal DC,portugaldc.pt,,"4 Rua dos Lusíadas, Lisboa, 1300-364, Portugal","Lisboa, Portugal"
Powershield,powershield.com,,"3A Target Court, Auckland, 0627, New Zealand","Auckland, New Zealand"
PROTEC FIRE DETECTION,protecspain.com,protec@protecspain.com | 902002550%20,"ARGENTONA, BARCELONA, 08310, Spain","Barcelona, Spain"
Prysmian,,,"Carretera C-15, km 2. Polígon Masia d'en Notari, Vilanova i la Geltrú, Barcelona, 08800, Spain","Vilanova i la Geltrú, Spain"
Purafil,comercialarbal.es,%20administracion@comercialarbal.es | +34985564137,"Calle de la Marcha del Hierro 9, Avilés, Asturias, 33401, Spain","Avilés, Spain"
Q SAFETY BY QUIRON PREVENCION,qsafety.quironprevencion.com,,"Calle de Valentín Beato 5, Madrid, 28037, Spain","Madrid, Spain"
REAL,rls.nl,info@rls.nl,"Röntgenweg 22, Alphen aan den Rijn, 2408 AB, Spain","Alphen aan den Rijn, Spain"
Reichle & De-Massari,,,"Calle Pollensa 2, Planta 1, Oficina 13, Las Rozas de Madrid, 28230, Spain","Las Rozas de Madrid, Spain"
Rentaload,rentaload.com,,"353 rue de la Chapelle,, Gleizé, 69400, France","Gleizé, France"
Riello,riello-enerdata.es,,"C/ Labradores, 11. Parque Empresarial Prado del Espino.
Boadilla del Monte, Madrid, Madrid, 28660, Spain","Madrid, Spain"
RISTER,rister.com,info@rister.com | 93 439 92 44 - 91 439 92 44,"Avinguda de Roma 97, Barcelona, 08029, Spain","Barcelona, Spain"
Rittal,rittal.com,info@rittal.de | +49 2772 – 505 1855,"Mas Baiona, 40
Pol. Ind. Can Roqueta, Sabadell, Barcelona, 08202, Spain","Sabadell, Spain"
Roxtec,roxtec.com,info@roxtec.com | +46 455 123 456,"AVENIDA CIUDAD DE BARCELONA, 81 - A 2 PLT, MADRID, Madrid, 28007, Spain","Madrid, Spain"
SANGFOR,sangfor.com,,"Calle de Ribadesella 7, Torrelodones, Madrid, 28250, Spain","Torrelodones, Spain"
SANSHENG,,,"Unit 2508, DFC, Huli District, Xiamen, Fujian, 361000, China","Xiamen, China"
SCC,es.scc.com,,"Teide nº 4 – Núcleo 2 – 1ª Planta – 28703 S.S de los Reyes (Madrid), Madrid, Madrid, 28703, Spain","Madrid, Spain"
Scneider Electric,schneiderelectric.es,,"Carrer de Bac de Roda 52, Barcelona, Barcelona, 08019, Spain","Barcelona, Spain"
Sevilla Datacenter & Comvive,,,"Calle Nicolás Copérnico 18, La Rinconada, 41300, Spain","La Rinconada, Spain"
SINEXCEL,,,"Unit 2508, DFC, Huli District, Xiamen, Fujian, 361000, China","Xiamen, China"
"Sistemas de Control CV, S. L.",sicocv.es,sico@sicocv.es,"C/ Riu Vinalopó 15-17, Nave C4Polígono Industrial Fonpor, Quart de Poblet, VALENCIA, 46930, Spain","Quart de Poblet, Spain"
sitsSpain,sitspain.com,info@sitspain.com | +34916710608,"Calle José Gárate 11, Coslada, M, 28823, Spain","Coslada, Spain"
SME Soluciones,sme-soluciones.es,,"Calle Acero 18, Colmenar Viejo, 28770, Spain","Colmenar Viejo, Spain"
Socomec,socomec.com,,"Polígon Industrial Guixeres, Avinguda del Guix, 31, 08915 Badalona, Barcelona,, Badalona, 08915, Spain","Badalona, Spain"
Socored,socored.es,,"Calle de la mare pilar franquet 26, Sitges, Barecelona, 08870, Spain","Sitges, Spain"
Solventia Solutions,solventia-solutions.com,,"Calle Pintores 5, Villaviciosa de Odon, Madrid, 28670, Spain","Villaviciosa de Odon, Spain"
STALFLEX,jmtradeevents.com,,"Piaskowa 134A, Tomaszów Mazowiecki, Łódzkie, 97-200, United Kingdom","Tomaszów Mazowiecki, United Kingdom"
Starline,seencogroup.com,,"Torre Europa, P.º de la Castellana, 95, Madrid, Madrid, 28046, Spain","Madrid, Spain"
Steelnet Sistemas,steelnetsistemas.com,steelnet@steelnetsistemas.com,"Calle Noruega 9, Griñón, M, 28971, Spain","Griñón, Spain"
Stulz,stulz.com,,"C/ Cara baña s/n
P.I. Ventorro del Cano, Alcorcón, Madrid, 28925, Spain","Alcorcón, Spain"
SUNCO,,,"Unit 2508, DFC, Huli District, Xiamen, Fujian, 361000, China","Xiamen, China"
TATE,tateinc.com,info.amer@tateglobal.com | +1 410 799 4200,"Unit 2, Kylemore Park, 
Ballyfermot West, Dublin, Leinster, D10 KH30, Ireland","Dublin, Ireland"
TECKENTRUP DOOR SOLUTIONS,teckentrup.biz,05246 504-0,"Industriestrasse 50, Verl, NRW, 33415, Germany","Verl, Germany"
TECNOWARE,tecnoware.com,info@tecnoware.com,"Carrer de Pujades 51, Barcelona, Barcelona, 08005, Spain","Barcelona, Spain"
"TEMPEL,S.A.",tempelgroup.com,,"Cobalto, 4, L'HOSPITALET DE LLOBREGAT, BARCELONA, 08907, Spain","L'Hospitalet De Llobregat, Spain"
TF Systems,tfsystems.es,,"Pasai San Pedro Hiribidea 19, Planta 3, Oficina 18, Donostia, 20016, Spain","Donostia, Spain"
TOP CABLE,topcable.com,,"C/LEONARDO DA VINCI NO1, Rubi Barcelona, Barcelona, 08191, Spain","Rubi Barcelona, Spain"
Trilux Iluminacion,trilux.com,info.es@trilux.com | +34 976 46 22 00,"Carretera Madrid, S/n, Km 315 700
Plt 1 Lo P 2., ZARAGOZA, Zaragoza, 50012, Spain","Zaragoza, Spain"
TTK / SSI Seguridad,ssiseguridad.com,,"Calle de los Reyes Católicos 6 (Bloque C), Alcobendas, 28108, Spain","Alcobendas, Spain"
Valdinox,valdinox.es,,"Bº El campo s/n,, San Miguel De Meruelo, Cantabria, 39192, Spain","San Miguel De Meruelo, Spain"
Vertiv,vertiv.com,salescloudsupport@vertivco.com | 1800 209 6070,"C/Proción, 1-3 Edificio Oficor, Madrid, 28023, Spain","Madrid, Spain"
Victaulic,victaulic.com,610-559-3300,"36 Prijkelstraat, Nazareth-De Pinte, 9810, Belgium","Nazareth-De Pinte, Belgium"
WALRAVEN,walraven.com,,"Avinguda de Sentmenat 47, Polinyà, B, 08213, Spain","Polinyà, Spain"
Watts Water,watts.eu,,"Kollergang 14, Eerbeek, 6961 LZ, Netherlands","Eerbeek, Netherlands"
Weiss Klimatechnik,weiss-klimatechnik.com,,"Greizer Straße 41-49, Reiskirchen-Lindenstruth, 35447, Germany","Reiskirchen-Lindenstruth, Germany"
WILO,wilo.com,,"CALLE TALES DE MILETO (POL. INDUSTRIAL EUCLIDES) 32, (POL. INDUSTRIAL EUCLIDES), ALCALA DE HENARES, Madrid, 28806, Spain","(Pol. Industrial Euclides), Spain"
xFusion,xfusion.com,,Spain,Spain
