exhibitor_name,domain,contact_number,mail,location,,address,country
Abaxx Exchange,abaxx.exchange,+1 647-490-1590,contact@abaxx.exchange,"188 University Ave, Suite 503, Toronto, ON M5H 3Y1",,"188 University Ave, Suite 503, Toronto, ON M5H 3Y1",Canada
Algo-Logic Systems,algo-logic.com,(408) 707-3740,solutions@algo-logic.com,"1995 El Camino Real, Santa Clara, CA, 95050",,"1995 El Camino Real, Santa Clara, CA, 95050",United States
"B3 (Brasil, Bolsa, Balcão)",b3.com.br,+55 11 2565-4000,faleconosco@b3.com.br,"Praça Antonio Prado, 48, Centro Histórico, São Paulo, SP 01010-901",,"Praça Antonio Prado, 48, Centro Histórico, São Paulo, SP 01010-901",Brazil
QuantHouse,quanthouse.com,+44 20 7205 4300,contact@quanthouse.com,"60 Monument Street, 5th Floor, London EC3R 8AJ",,"60 Monument Street, 5th Floor, London EC3R 8AJ",United Kingdom
Barchart,barchart.com,+1 312-283-2420,solutions@barchart.com,"209 W Jackson Blvd, 2nd Floor, Chicago, IL 60606",,"209 W Jackson Blvd, 2nd Floor, Chicago, IL 60606",United States
Borsa Istanbul,borsaistanbul.com,+90 212 298 21 00,iletisim@borsaistanbul.com,"Resitpasa Mahallesi, Borsa Istanbul Caddesi No:4, Sariyer, Istanbul 34467",,"Resitpasa Mahallesi, Borsa Istanbul Caddesi No:4, Sariyer, Istanbul 34467",Turkey
CQG / Broadridge,broadridge.com,18003530103,info@broadridge.com,"5 Dakota Drive, Suite 300, Lake Success, NY, 11042",,"5 Dakota Drive, Suite 300, Lake Success, NY, 11042",United States
BSE India (Bombay Stock Exchange),bseindia.com,+91 22 2272 1233,corp.comm@bseindia.com,"Phiroze Jeejeebhoy Towers, Dalal Street, Mumbai, Maharashtra 400001",,"Phiroze Jeejeebhoy Towers, Dalal Street, Mumbai, Maharashtra 400001",India
BTG Pactual,btgpactual.us,+1 212 652 7200,customersupportUS@btgpactual.com,"601 Lexington Avenue, 57th Floor, New York, NY 10022",,"601 Lexington Avenue, 57th Floor, New York, NY 10022",United States
Cboe Global Markets,cboe.com,+1 312-786-5600,servicedesk@cboe.com,"433 W Van Buren St, Chicago, IL 60607",,"433 W Van Buren St, Chicago, IL 60607",United States
Clear Street,clearstreet.io,(646) 845-0036,hello@clearstreet.io,"4 World Trade Center, 150 Greenwich St, 45th Floor, New York, NY 10007",,"4 World Trade Center, 150 Greenwich St, 45th Floor, New York, NY 10007",United States
CME Group,cmegroup.com,+1 312-930-1000,info@cmegroup.com,"20 South Wacker Drive, Chicago, IL 60606",,"20 South Wacker Drive, Chicago, IL 60606",United States
Copp Clark,coppclark.com,19052382882,info@coppclark.com,"27 Simcoe St, Toronto, ON M5J 1W9",,"27 Simcoe St, Toronto, ON M5J 1W9",Canada
Cumulus9,cumulus9.com,4.42072E+11,info@cumulus9.com,"33 St James's Square, London SW1Y 4JS",,"33 St James's Square, London SW1Y 4JS",United Kingdom
D4 Solutions,d-4solutions.com,+1 312-226-0900,hello@d-4solutions.com,"201 S Swift Rd, Addison, IL 60101",,"201 S Swift Rd, Addison, IL 60101",United States
Devexperts,devexperts.com,+44 (20) 3095 2920,pport@devexperts.com,"5410 S University Dr, Suite 201, Davie, FL 33328",,"5410 S University Dr, Suite 201, Davie, FL 33328",United States
Eurex,eurex.com,+49 69 211 10,eurextrading@eurex.com,"Mergenthalerallee 61, 65760 Eschborn, Frankfurt",,"Mergenthalerallee 61, 65760 Eschborn, Frankfurt",Germany
Exa Infrastructure,exainfra.net,+44 333 444 1018,info@exainfra.net,"40 Strand, 5th Floor, London WC2N 5RW",,"40 Strand, 5th Floor, London WC2N 5RW",United Kingdom
Exchange Data International,exchange-data.com,+44 207 324 0020,info@exchange-data.com,"Suite 1, 5 Rochester Mews, London NW1 9JB",,"Suite 1, 5 Rochester Mews, London NW1 9JB",United Kingdom
FIA Markets Academy,fia.org,20.7929.0081,memberservices@fia.org,"2001 K Street NW, Suite 725, North Tower, Washington, DC 20006",,"2001 K Street NW, Suite 725, North Tower, Washington, DC 20006",United States
FIS Global,fisglobal.com,+1 888-323-3118,getinfo@fisglobal.com,"347 Riverside Ave, Jacksonville, FL 32202",,"347 Riverside Ave, Jacksonville, FL 32202",United States
Hong Kong Exchanges and Clearing (HKEX),hkex.com.hk,+852 2522 1122,trd@hkex.com.hk,"8/F, Two Exchange Square, 8 Connaught Place, Central, Hong Kong",,"8/F, Two Exchange Square, 8 Connaught Place, Central, Hong Kong",Hong Kong
Huatai Financial Holdings,htfc.com.hk,+852 3916 1666,cs@htfc.com.hk,"21/F, The Center, 99 Queen's Road Central, Hong Kong",,"21/F, The Center, 99 Queen's Road Central, Hong Kong",Hong Kong
Illinois Tech (Stuart School of Business),iit.edu,+1 312-906-6500,communications@stuart.iit.edu,"565 West Adams Street, Chicago, IL, 60661",,"565 West Adams Street, Chicago, IL, 60661",United States
Intercontinental Exchange (ICE),ice.com,+1 212 748 4008,info@theice.com,"5660 New Northside Drive NW, 3rd Floor, Atlanta, GA 30328",,"5660 New Northside Drive NW, 3rd Floor, Atlanta, GA 30328",United States
ITRS Group,itrsgroup.com,+44 20 7638 6700,apply@itrsgroup.com,"The Bonhill Building, 15 Bonhill Street, London EC2A 4DN",,"The Bonhill Building, 15 Bonhill Street, London EC2A 4DN",United Kingdom
Korea Exchange (KRX),global.krx.co.kr,+82 1577-0088,global@krx.co.kr,"40, Munhyeongeumyung-ro, Nam-gu, Busan 48400",,"40, Munhyeongeumyung-ro, Nam-gu, Busan 48400",South Korea
Magmio,magmio.com,4.20531E+11,info@magmio.com,"Sochorova 3226/40, Brno-Žabovresky, 616 00",,"Sochorova 3226/40, Brno-Žabovresky, 616 00",Czech Republic
McKay Brothers,mckay-brothers.com,+1 312 948 9188,contact@mckay-brothers.com,"6250 Claremont Avenue, Suite 300, Oakland, CA 94618",,"6250 Claremont Avenue, Suite 300, Oakland, CA 94618",United States
MexDer (Mercado Mexicano de Derivados),mexder.com.mx,+52 55 5342-9999,timexder@grupobmv.com.mx,"Paseo de la Reforma 255, Piso 10, Col. Cuauhtémoc, 06500 Mexico City",,"Paseo de la Reforma 255, Piso 10, Col. Cuauhtémoc, 06500 Mexico City",Mexico
MIAX Exchange Group,miaxglobal.com,609-897-7300,TradingOperations@miaxglobal.com,"7 Roszel Road, Suite 1A, Princeton, NJ 08540",,"7 Roszel Road, Suite 1A, Princeton, NJ 08540",United States
Nanhua USA,nanhua-usa.com,+1 (312) 374-4885,info@nanhua-usa.com,"30 South Wacker Drive, Suite 3850, Chicago, IL 60606",,"30 South Wacker Drive, Suite 3850, Chicago, IL 60606",United States
National Futures Association (NFA),nfa.futures.org,312-781-1410,information@nfa.futures.org,"320 South Canal, #2400, Chicago, IL 60606",,"320 South Canal, #2400, Chicago, IL 60606",United States
Japan Exchange Group (JPX),jpx.co.jp,+81 3-3666-1361,servicedesk@jpx.co.jp,"2-1 Nihombashi Kabutocho, Chuo-ku, Tokyo 103-8224",,"2-1 Nihombashi Kabutocho, Chuo-ku, Tokyo 103-8224",Japan
OSTTRA,osttra.com,+44 20 7260 2000,info@osttra.com,"10 Brushfield Street, London E1 6AA",,"10 Brushfield Street, London E1 6AA",United Kingdom
Pico Quantitative Trading,pico.net,16467016120,sales@pico.net,"32 Old Slip, 16th Floor, New York, NY, 10005",,"32 Old Slip, 16th Floor, New York, NY, 10005",United States
Quod Financial,quodfinancial.com,4.4208E+11,sales@quodfinancial.com,"17 Dominion Street, Moorgate, London, EC2M 2EF, United Kingdom",,"17 Dominion Street, Moorgate, London, EC2M 2EF, United Kingdom",United Kingdom
Ragnarok Systems,ragnerock.com,+1 312-858-8300,support@ragnerock.com,"20 N Wacker Drive, Suite 1000, Chicago, IL 60606",,"20 N Wacker Drive, Suite 1000, Chicago, IL 60606",United States
Scila,scila.se,+46 733 47 87 10,info@scila.se,"Sveavägen 17, SE-111 57 Stockholm",,"Sveavägen 17, SE-111 57 Stockholm",Sweden
Shengli Technologies,shenglisoft.com,0571-87809027,service@shenglisoft.com,"4th Floor, New Century Building, 3766 Nanhuan Road, Binjiang District, Hangzhou, Zhejiang",,"4th Floor, New Century Building, 3766 Nanhuan Road, Binjiang District, Hangzhou, Zhejiang",China
Solidus Labs,soliduslabs.com,+1 646-450-6718,hello@soliduslabs.com,"New York, NY",,"New York, NY",United States
Stellar Trading Systems,stellartradingsystems.com,+44 20 7664 6450,support@stellartradingsystems.com,"46 Bow Lane, London EC4M 9DL",,"46 Bow Lane, London EC4M 9DL",United Kingdom
Take Profit Trader,takeprofittrader.com,+1 904-895-4782,support@takeprofittrader.com,"9100 Conroy Windermere Rd, Suite 200, Windermere, FL 34786",,"9100 Conroy Windermere Rd, Suite 200, Windermere, FL 34786",United States
Montréal Exchange (TMX Group),m-x.ca,+1 514-871-2424,info@m-x.ca,"1800-1190 Avenue des Canadiens-de-Montréal, Montréal, QC, H3B 0G7",,"1800-1190 Avenue des Canadiens-de-Montréal, Montréal, QC, H3B 0G7",Canada
Trading Technologies (TT),tradingtechnologies.com,+1 312 476 1000,info@tradingtechnologies.com,"222 S Riverside Plaza, Suite 1100, Chicago, IL 60606",,"222 S Riverside Plaza, Suite 1100, Chicago, IL 60606",United States
TS Imagine,tsimagine.com,+1 212-359-4100,info@tsimagine.com,"1 Penn Plaza, 49th Floor, New York, NY 10119",,"1 Penn Plaza, 49th Floor, New York, NY 10119",United States
Webull,webull.com,+1 (888) 828-0618,support@webull.com,"44 Wall Street, Suite 501, New York, NY 10005",,"44 Wall Street, Suite 501, New York, NY 10005",United States
Zayo Group,zayo.com,866.364.6033,contact@zayo.com,"1401 Wynkoop St, Suite 500, Denver, CO 80202",,"1401 Wynkoop St, Suite 500, Denver, CO 80202",United States
Zhengzhou Commodity Exchange (CZCE),czce.com.cn,+86 371 65610800,query@czce.com.cn,"Futures Mansion, No. 30 Shangwu Waihuan Road, Zhengdong New District, Zhengzhou, Henan 450018",,"Futures Mansion, No. 30 Shangwu Waihuan Road, Zhengdong New District, Zhengzhou, Henan 450018",China
