company_name,booth_number,country,official_website
"A-One Medical Co., Ltd.",F21,KOREA,
Acime Frame SAS,C38,FRANCE,
AerDiag Limited,N14,CHINA,
"Affacare Medical (Beijing) Co., Ltd.",C56,CHINA,
AGAPPE Diagnostics Switzerland GmbH,P09,INDIA,
"Aimagine Care Technology Co.,Ltd",D61,CHINA,
ALCOR Scientific,R19,USA,
"All Integration Supply Co., Ltd.",C40,THAILAND,
Ameco Medical Industries,D55,EGYPT,
AMT Medical Inc.,D56,CHINA,
ANALYTICON BIOTECHNOLOGIES GMBH,P25,GERMANY,
Anbio Biotechnology,J12,CHINA,
ANDREAS HETTICH GMBH & CO. KG,P27,GERMANY,
"ANHUI DEEPBLUE MEDICAL TECHNOLOGY CO.,LTD.",G10,CHINA,
"Anhui Harmory Medical Packaging Material Co., Ltd.",J64,CHINA,
"Anhui MedPurest Medical Technology Co., Ltd",K24,CHINA,
"ANK MEDICAL PRODUCT (THAILAND) Co.,LTD.",C46,THAILAND,
"ANQING BAOJIE PACKAGING CO., LTD",J62,CHINA,
"Antre Medical Technology Co., Ltd.",C63,CHINA,
"ARPI, Inc",J73,KOREA,
"ASG Wellness&Innovation Co.,Ltd.",A30,THAILAND,
"Assay Specialist Laboratories (Jiangsu) Co.,Ltd",J63,CHINA,
"Assure Tech(Hangzhou) Co.,Ltd",M26,CHINA,
Astel Inc.,F43,KOREA,
"Auckland Medical Polymer (Tianjin) Co., Ltd",G29,CHINA,
"B&E Bio-technology Co., Ltd.",H56,CHINA,
Balaji International,L04,INDIA,
"BANGKOK BOTANICA Co., Ltd.",A22,THAILAND,
Beijing Amberdale Trade Ltd,Q45,CHINA,
"Beijing Bohui Innovation Biotechnology Group Co., Ltd",P44,CHINA,
"BEIJING GREENLAND CO., LTD",D72,CHINA,
"Beijing Longwood Valley MedTech Co., Ltd.",L72,CHINA,
"Beijing North Biotechnology Institute Co., Ltd.",P73,CHINA,
"Beijing Ruicheng Medical Supplies Co.,Ltd",N43,CHINA,
"Beijing SynsorBio Technology Co., Ltd",P55,CHINA,
"Beijing Wanliandaxinke Instruments Co.,Ltd",G65,CHINA,
"Beijing Wantai Biological Pharmacy Enterprise Co.,Ltd",C02,CHINA,
"BEING TECHNOLOGY CO., LTD.",J24,CHINA,
"Bioantibody Biotechnology Co., Ltd.",L42,CHINA,
"Biobase Biotech Co.,Ltd",G02,CHINA,
Biocheck GmbH,P23,GERMANY,
Bioclass Company Limited,B01,THAILAND,
Biolot Medikal Malzemeleri ith. ihr. A.Ş.,D25,TÜRKİYE,
"BION DIAGNOSTICS CO., LTD",Q05,KOREA,
BIOSTEC,D26,CHINA,
Biotech GmbH,Q23,GERMANY,
Blue Neem Medical Devices Private Limited,B23,INDIA,
"Blueray Medical Technologies, Ltd",H41,CHINA,
"BSI Group (Thailand) Co., Ltd",B30,THAILAND,
"Buheung Medical Co., Ltd.",E05,KOREA,
BURKLUND-IVD LLC,Q22,USA,
"C.C. Autopart Co., Ltd.",L07,THAILAND,
"CANGZHOU FUKANG MEDICAL SUPPLIES CO.,LTD",P46,CHINA,
"Cangzhou JKJ Medical Devices Co.,Ltd",G66,CHINA,
"CapitalBiotech Co., Ltd.",Q03,CHINA,
CarePump/ BardoMed Sp. z o. o.,H38-1,POLAND,
"CHANGCHUN WANCHENG BIO-ELECTRON CO., LTD.",K43,CHINA,
"Changsha Xiangchen Medical Technology Co., Ltd.",L25,CHINA,
"Changzhou Meditech Technology Co.,Ltd.",G28,CHINA,
"Chaozhou Rongzhou Medical Technology Co.,Ltd.",L47,CHINA,
Chema Diagnostics,N16,ITALY,
Chemence Sp. z o.o .,K19,POLAND,
"CHINA EXHIBITION WORLD CO.,LTD",,CHINA,
Chongqing Isia Bio-Technology Co Ltd.,N25,CHINA,
"Chongqing New World Co.,Ltd",F66,CHINA,
"Chongqing Sanfeng Medical Device Co., Ltd.",Q47,CHINA,
"CHONGQING XISHAN SCIENCE & TECHNOLOGY CO., LTD.",G11,CHINA,
"Chugai Use (Thailand) Co., Ltd",B65,THAILAND,
"Co-Innovation Biotech Co.,Ltd.",H62,CHINA,
Coei Biotech Co.Ltd.,N66,CHINA,
"CONSULTAC EXPO CO., LTD.",B56,CHINA,
"CONTEC MEDICAL SYSTEMS CO., LTD.",K46,CHINA,
Cosmy - ASKMIGHT,B24,THAILAND,
"Cworld Co., Ltd.",E22,KOREA,
"Cygnus Biosciences(Beijing) Co., Ltd.",N23,CHINA,
"Da Chung Medical Co., Ltd.",A24,TAIWAN,
"Dakewe (Shenzhen) Medical Equipment Co., Ltd.",N56,CHINA,
"Dextrous Engineering Co., Ltd.",B46,THAILAND,
Diagnostics Biochem Canada Inc.,H09,CANADA,
DiaSys Diagnostic Systems GmbH,P20,GERMANY,
"DIATRUST MEDICAL CO., LTD",K11,CHINA,
DJO ASIA PACIFIC LIMTED,D28,CHINA,
"Dongguan Aituo Medical Equipment Co.,LTD",G56,CHINA,
Dr. Turk Tibbi Medikal Malzemeleri Ithalat Ihracat San. Tic. Ltd.Sti.,E29,TÜRKİYE,
Dr.BOO Company Limited,H24,THAILAND,
DRG Instruments GmbH,Q21,GERMANY,
DRM-Pharma & Diagnostik GmBH - Germany,P26,GERMANY,
"East Wain(Beijing) Co., Ltd.",M45,CHINA,
Easy Disposble Hygienic Supplies Ltd,L44,CHINA,
"Edan Instruments,Inc.",J11,CHINA,
Edif Instruments S.r.l.,Q66,ITALY,
EGZOTech,H38-2,POLAND,
Eiger Diagnostics,N67,USA,
EKF Diagnostics Holdings plc,K27,USA,
EM Med,H38-5,POLAND,
Enovis,D28,HONG KONG,
ESKAY IODINE PVT.LTD,E77,INDIA,
Eurospital S.p.A.,N71,ITALY,
EXIAS Medical GmbH,N28,AUSTRIA,
FAMED ŁÓDŹ S.A.,H38-6,POLAND,
"FEATHER SAFETY RAZOR CO., LTD.",M24,JAPAN,
"Foshan Ancheng Medical Equipment Technology Co.,Ltd",K38,CHINA,
"Fosun Diagnostics (Shanghai) Co., LTD.",F46,CHINA,
"Fotonmedix Medical Laser Co., LTD.",K41,CHINA,
Four-O LAB,E07,KOREA,
"Future Decoration Group Co., Ltd.",C29,THAILAND,
GenBody Inc.,P72,KOREA,
General Biologicals Corporation,M23,TAIWAN,
GeneReach Biotechnology Corp.,F44,TAIWAN,
GenSure Biotech Inc.,Q43,CHINA,
Gesan Production srl,M66,ITALY,
Getein Biotech Inc.,Q37,CHINA,
"GHBIO Co.,Ltd.",D29,KOREA,
Gold Standard Diagnostics Frankfurt GmbH,P24,GERMANY,
"Goldbov Photoelectronics Co., Ltd",C55,CHINA,
Goldsite Diagnostics Inc.,M06,CHINA,
Good Future Biomed. Inc.,R43,TAIWAN,
"GQ Pro MED - Nitita Co., Ltd.",F24,THAILAND,
"Grandworld Expo Co., Ltd",,CHINA,
Granulab Sdn Bhd,D45,MALAYSIA,
Greens Surgicals Pvt. Ltd.,A64,INDIA,
"Grena (Qingdao) Medical Devices.,Ltd.",J22,CHINA,
"Guangdong Dayang Medical Technology Co.,Ltd",M65,CHINA,
"GUANGDONG GEREKE AUTOMATION TECHNOLOGY CO.,LTD",K63,CHINA,
"Guangzhou Improve Medical Instruments Co., Ltd",D06,CHINA,
"Guangzhou Kapha Electronic Technology Co.,Ltd (KAPHAPHYSIO)",K56,CHINA,
"Guangzhou Labsim Biotech Co.,Ltd",F56,CHINA,
"Guangzhou LBP Medicine Science and Technology Co., Ltd",M10,CHINA,
"GUANGZHOU MEDISYS TECHNOLOGY CO., LTD",K39,CHINA,
"GUANGZHOU NEW DESIGN BIOTECHNOLOGY CO.,LTD",D62,CHINA,
"GUANGZHOU RAINHOME PHARM & TECH CO.,LTD",P41,CHINA,
"GUANGZHOU WONDFO BIOTECH CO., LTD",E02,CHINA,
"Haier Biomedical Technology (Suzhou) Co., Ltd",C62,CHINA,
"HAIMEN ROTEST LABWARE MANUFACTURING CO., LTD",J55,CHINA,
"Hangzhou Alltest Biotech Co.,Ltd.",H12,CHINA,
"Hangzhou Bioeast Biotech. Co., Ltd.",B12,CHINA,
"Hangzhou Fanttest Biotech Co., Ltd.",J28,CHINA,
"Hangzhou Frenovo Biotech Co.,Ltd.",G05,CHINA,
"Hangzhou Genesis Biodetection and Biocontrol Co., Ltd.",J05,CHINA,
"Hangzhou Laihe Biotech Co., Ltd.",H64,CHINA,
"Hangzhou Medconn Diagnostics Technology Co., Ltd.",L20,CHINA,
"Hangzhou Nanyu Medical Instrument Co., Ltd",G63,CHINA,
"HANGZHOU SINGCLEAN MEDICAL PRODUCTS CO., LTD",K23,CHINA,
"Hangzhou Testsea Biotechnology Co., Ltd.",H02,CHINA,
"Hangzhou Tongzhou Biotechnology Co., Ltd.",K25,CHINA,
"HANGZHOU WEIZE IMP&EXP CO.,LTD",N61,CHINA,
"Hangzhou Yituo Exhibition Co.,Ltd",TBA,CHINA,
"Harbin Howell Medical Apparatus and Instruments Co.,Ltd",N55,CHINA,
"Health Medic Co., Ltd.",A20,THAILAND,
"Hebei Boxin Recovery Equipment CO.,LTD",E56,CHINA,
"Hebei Dingli Medical Apparatus and Instrument Co., LTD",G06,CHINA,
"Hebei Kangji Medical Instrument Co.,Ltd.",E61,CHINA,
"Hebei Tianyi Hygiene Co., Ltd",B64,CHINA,
"Hebei Xiangyuan Medical Devices Co., Ltd",G61,CHINA,
"Hefei Youshui Mechanical Electric Equipment Co., Ltd",P04,CHINA,
"Henan Chaoya Medical Equipment Co., Ltd.",L41,CHINA,
"Hengshui Shuntai Kangyuan Medical Equipment Co.,Ltd",K45,CHINA,
"High Technology, Inc.",R29,USA,
Hindland Equipment,F22,INDIA,
"Hipro Biotechnology Co., Ltd.",Q26,USA,
HONGHU TECHNOLOGY,C66,CHINA,
Horiba India Private limited,R55,INDIA,
"HOSPITAL & HOMECARE IMP. & EXP. CO., LTD. NANJING",L37,CHINA,
Hospital Equipment Mfg.co.,G24,INDIA,
HOSPITECH MANUFACTURING SERVICES SDN. BHD.,B19,MALAYSIA,
"HTDK (Shanghai) Co., Ltd",M41,CHINA,
"Hunan HengNuo Instrument Equipment Co., Ltd.",B77,CHINA,
"Hunan Keren Medical Technology Co., Ltd.",F61,CHINA,
"Hunan Lituo Biotechnology Co., Ltd.",N09,CHINA,
"Hunan Runmei Gene Technology Co., Ltd.",Q04,CHINA,
Huntex Corporation,C26,TAIWAN,
Hycor Biomedical,K20,USA,
"Hynaut Group Co., Ltd",P37,CHINA,
"Hyundai Medical Co., Ltd.",D19,KOREA,
i+Med Laboratories Company Limited,R03,THAILAND,
"i-SENS, Inc.",L28,KOREA,
Immundiagnostik AG,N24,GERMANY,
"In Fung Co., Ltd. & Lion Power Co., Ltd.",Q06,TAIWAN,
INSTAND e.V.,N20,GERMANY,
"InTec PRODUCTS, INC.",B11,CHINA,
"International Healthcare Products Co., Ltd.",R05,THAILAND,
"IS Software Co., Ltd.",F73,THAILAND,
"Jiangmen New Era External Use Drug Co., Ltd.",G64,CHINA,
"Jiangsu Apon Medical Technology Co., Ltd.",J61,CHINA,
"Jiangsu Confidence Medical Technology Co., Ltd",F10,CHINA,
"JIANGSU DENGGUAN MEDICAL TREATMENT INSTRUMENT CO., LTD.",L61,CHINA,
"JIANGSU HUIDA MEDICAL INSTRUMENTS CO.,LTD (YANCHENG HUIDA)",M42,CHINA,
Jiangsu Jinyi Instrument Technology Company Limited,H66,CHINA,
"JIANGSU JINZHUN BIOTECH CO., LTD.",E65,CHINA,
"Jiangsu Macro & Micro-Test Med-Tech Co., Ltd.",H27,CHINA,
"Jiangsu Shenxing Photoelectricity Medical Apparatus Co.,Ltd",J38,CHINA,
"Jiangsu Solicitude Medical Technology (Group）Co., Ltd.",K64,CHINA,
"JIANGSU TRADE PROMOTION INTERNATIONAL CONFERENCE&EXHIBITION CO.,LTD.",,CHINA,
Jiangsu Weihe Biotechnology INC.,N41,CHINA,
"Jiangsu Xinkang Medical Instrument Co.,Ltd",F62,CHINA,
JiHua Medical,G47,CHINA,
"Jinan Deheng Medical Technology Co., Ltd.",D74,CHINA,
"Jinhua Yidi Medical Appliance Co.,Ltd",H06,CHINA,
"JOINSTAR BIOMEDICAL TECHNOLOGY CO., LTD.",K71,CHINA,
"Junyue Medical Science and Technology Co., Ltd",H63,CHINA,
Kangfu Medical Equipment Factory,F30,CHINA,
"Kongsak X-ray Medical Industry CO., LTD.",D37,THAILAND,
"Kontour (Xi'an) Medical Technology Co., Ltd.",H39,CHINA,
"Korea Body Information Co., Ltd",F25,KOREA,
Korea Medical Devices Association (KMDA),E24,KOREA,
"LANGZHI Digital Medical & Nursing Care Technology Co., Ltd.",K55,CHINA,
Lasotronix,H38-4,POLAND,
LDN Labor Diagnostika Nord GmbH & Co. KG,Q25,GERMANY,
Leapmed Healthcare Corporation,A12,CHINA,
Lepu Medical,L23,CHINA,
"Lingen Precision Medical Products (Shanghai) Co., Ltd.",P48,CHINA,
"Lishui Kangli Medical Devices Co., Ltd.",F64,CHINA,
LivzonDx,H74,CHINA,
"LONGFIAN SCITECH CO.,LTD",H61,CHINA,
"Luoyang Geneture Medical Technology Co.,Ltd.",M55,CHINA,
"M.I.ONE Co., Ltd.",F27,KOREA,
"Maccura Biotechnology Co., Ltd.",E10,CHINA,
Maihub Corp.,E46,KOREA,
"MAIKANG MEDICAL EQUIPMENT (HEBEI) CO.,LTD.",J71,CHINA,
MALAYSIA EXTERNAL TRADE DEVELOPMENT CORPORATION (MATRADE),D38,MALAYSIA,
Manman India,K26,INDIA,
"MDT MANUFACTURING CO., LTD.",K08,THAILAND,
MED SOLLUTION MEDICAL TRADING CO. L.L.C. (DNA-Technology),P02,ARMENIA,
Medical Sterilization Systems - Formica,C27,THAILAND,
Medicalgorithmics,H38-3,POLAND,
"MEDICALSYSTEM BIOTECHNOLOGY CO.,LTD",H20,CHINA,
MEDIPEAU Inc,D27,KOREA,
"Medotex Biotech (Hangzhou) Co.,Ltd",H05,CHINA,
"Mei Zhou Cornley Hi-Tech Co., Ltd.",J26,CHINA,
Meril Diagnostic Private Limited,B55,INDIA,
MGl Tech Singapore Pte. Ltd.,L02,CHINA,
Microgen Healthcare Private Limited,A55,INDIA,
Montex Swiss AG,M56,SWITZERLAND,
MRET By Pegasus Aqua,B42,MALAYSIA,
"MT Innotrex Co., Ltd.",L26,THAILAND,
"Nanjing Balan International Exhibition Co.,Ltd",TBA,CHINA,
"Nanjing Chenwei Medical Equipment Co.,Ltd",F55,CHINA,
"NANJING MEIDI MEDICAL TECHNOLOGY CO.,LTD",L65,CHINA,
"Nanjing Norman Biological Technology Co., Ltd.",P38,CHINA,
"Nanjing Poclight Biotechnology Co., Ltd.",J65,CHINA,
"Nanjing Yameng Intelligent Technology Co., Ltd",E66,CHINA,
"Nanodigmbio (Nanjing) Biotechnology Co., Ltd.",Q38,CHINA,
"NANOOMTECH Co., Ltd.",C30,KOREA,
"Nantong Hailun Bio-Medical Apparatuses Manufacturing Co.,Ltd (NANTONG HAILUN BIO-MEDICAL)",L55,CHINA,
National Innovation Agency,J02,THAILAND,
Nebula Surgical Private Limited,C11,INDIA,
Nihon Kohden Singapore Pte Ltd,R45,SINGAPORE,
"Ningbo Greatcare Trading Co., Ltd",J66,CHINA,
"Ningbo Hecai Medical Equipment Co.,Ltd.",B05,CHINA,
"Ningbo Sintrue Medical Instruments Co., Ltd.",K42,CHINA,
"NODFORD INTERNATIONAL CO.,LTD",Q09,CHINA,
"Novamedic Co., Ltd.",L05,THAILAND,
NR Pattana - TC Greenpine,N72,THAILAND,
NUTRISENS,G19,FRANCE,
O2 Capsule Box Malaysia Sdn. Bhd.,D43,MALAYSIA,
"Ofan Intelligent Technology (guangzhou) Co., Ltd.",F65,CHINA,
Official Equipment Manufacturing,H19,THAILAND,
OK Medinet Korea,E40,KOREA,
"ONI WORLDWIDE TRADING CO., LTD.",L11,THAILAND,
"Orthopeasia Co., Ltd.",B61,THAILAND,
Orthosyn Medikal Sanayi Ticaret Limited Sirketi,C05,TÜRKİYE,
"OSANG Healthcare Co., Ltd.",Q10,KOREA,
OsteoSys,E44,KOREA,
OUR UNITED Corporation,G44,CHINA,
OZELLE GMBH,P06,GERMANY,
"P&F Cares Co., Ltd",C19,KOREA,
Packwell Technologies Pvt. Ltd.,N05,INDIA,
"Panelesmatic Solutions Public Co.,Ltd",A06,THAILAND,
"Peter Mediphar Co., Ltd.",R38,THAILAND,
pfm medical gmbh,P22,GERMANY,
PINE BM,C28,KOREA,
Pinyuan Medical (Jiangsu) Co.Ltd,D71,CHINA,
Polska Agencja Inwestycji I Handlu S.A,H38,POLAND,
Precision Medical Inc,C22,USA,
"Pride Medical Instruments Technology Co., Ltd.",K72,CHINA,
Promedius Inc.,E42,KOREA,
PT Inspiry Indonesia Konsultan,R09,INDONESIA,
"Qingdao Kersai Medical Devices Co., Ltd.",E62,CHINA,
Quantamatrix Inc.,N19,KOREA,
"Quanzhou Tianjiao Lady & Baby's Hygiene Supply Co., Ltd.",L62,CHINA,
Rapid Labs Ltd,G27,UK,
"S2 Thailand Co., Ltd",B32,THAILAND,
"Safecare Biotech(Hangzhou)Co., Ltd",P65,CHINA,
"Saikang Medical (Thailand) Co.,Ltd.",D20,THAILAND,
Samson Scientifics & Surgicals Pvt. Ltd,E06,INDIA,
Sansure Biotech Inc.,M02,CHINA,
"Sarawin Medical Supply Co., Ltd.",K12,THAILAND,
"SDA Medical Co.,Ltd",Q71,THAILAND,
"Seamaty Diagnostic Co.,Ltd",F74,CHINA,
"Seawon Meditech Co., Ltd.",F23,KOREA,
Sendai City,C06,JAPAN,
"SGHealthCare Co., Ltd.",F19,KOREA,
"Shaanxi Feiyu Technology Co.,Ltd.",H45,CHINA,
"Shaanxi Foreign Economic and Trade International Exhibition Co.,Ltd",TBA,CHINA,
"Shaanxi Ma Ke Medical Technology Co., Ltd.",E72,CHINA,
"Shaanxi Mingxin Medical Technology Co., Ltd.",G38,CHINA,
"Shandong Dermcosy Medical Supplies Co.,Ltd",G55,CHINA,
"Shandong Lianfa Medical Plastic Products Co.,Ltd",H65,CHINA,
"Shanghai Aimic Medical Electronics Co., Ltd",Q46,CHINA,
"Shanghai Bojin Electric Instrument & Device Co., Ltd",G23,CHINA,
"Shanghai Dongsin Exhibition Co., Ltd",,CHINA,
"Shanghai Eco Polymer Sci & Tech Co., Ltd.",M37,CHINA,
"Shanghai Janzy Biotechnology Co.,Ltd.",P43,CHINA,
"Shanghai Orsin Medical Technology Co.,Ltd",F28,CHINA,
"Shanghai Shengqian Industrial Co.,Ltd.",G62,CHINA,
"Shanghai Shiyin Import & Export Trading Co., Ltd.",A56,CHINA,
"Shanghai Shuangshen Medical Instrument Co., Ltd.",L38,CHINA,
"Shanghai Sun Biotech Co.,Ltd",G20,CHINA,
SHANGHAI WINSHA MEDICAL CO LTD,K72,CHINA,
"Shanghai Xunda Medical Instrument Co.,Ltd.",J42,CHINA,
"SHANTOU WEALY MEDICAL INSTRUMENT CO.,LTD",K44,CHINA,
"Shenzhen Drawray Biotech Co., Ltd",J27,CHINA,
"Shenzhen Dymind Biotechnology Co., Ltd",F02,CHINA,
"Shenzhen Heto Medical Tech Co., Ltd.",C12,CHINA,
"Shenzhen Kingfocus Biomedical Engineering Co., Ltd.",J56,CHINA,
"Shenzhen Lantise Technology Co., Ltd.",M63,CHINA,
"Shenzhen Lvshiyuan Biotechnology Co.,Ltd",Q42,CHINA,
"Shenzhen PRUNUS Medical Co., Ltd.",D65,CHINA,
"Shenzhen Reetoo Biotechnology Co., Ltd.",F06,CHINA,
Shenzhen Wgsj Medical Tech Co.，Ltd.,C61,CHINA,
"Shenzhen Xilaiheng Medical Electronics Co.,Ltd. (Horron)",H25,CHINA,
"Shenzhen YHLO Biotech Co., Ltd.",D02,CHINA,
"Siam Intermagnate Co., Ltd.",C45,THAILAND,
"Sichuan Chenanhui Technology Co., Ltd.",C65,CHINA,
"SINO PROTECTION HOLDINGS CO.,LTD",H72,CHINA,
SIRIM BERHAD,S25,MALAYSIA,
"Skill Development Co.,Ltd",R67,THAILAND,
SNUKE Medical,B66,CHINA,
Spectrum for Diagnostic industries,F05,EGYPT,
Sri Trang Gloves (Thailand) Public Company Limited,K06,THAILAND,
Sterile Safequip & Chemicals Limited,L24,INDIA,
Sumer A.S.,B20,TÜRKİYE,
"Super Health Medical(Qingdao) Co., Ltd",M46,CHINA,
"Surginus Co., Ltd.",E28,KOREA,
"SUZHOU KAHO POLYMER TECHNOLOGY CO., LTD.",P71,CHINA,
"SUZHOU LONWIN MEDICAL SYSTEM CO., LTD",F63,CHINA,
"Suzhou Molarray Co., Ltd.",H55,CHINA,
"SUZHOU SUNING UNDERPAD CO.,LTD",M25,CHINA,
"SUZHOU YAXIN MEDICAL PRODUCTS CO.,LTD.",L63,CHINA,
"SYFM Co., Ltd.",D10,KOREA,
"Taian Dalu Medical Instrument Co., Ltd.",L67,CHINA,
Taiwan External Trade Development Council (TAITRA),G43,TAIWAN,
Taiwan External Trade Development Council (TAITRA),G41,TAIWAN,
"Taizhou Cowingene Biotech Co., Ltd.",D05,CHINA,
TargetingOne Technology (Beijing) Corporation,L46,CHINA,
"Tebah Korea Co., Ltd",E26,KOREA,
Technology and Innovation in Life Sciences National Agency (Public Organization),A42,THAILAND,
The First Affiliated Hospital of Guangxi Medical University,L64,CHINA,
THOROUGH FUTURE,M61,CHINA,
"TIANJIN BAI LIXIN BIO-TECH CO., LTD",M27,CHINA,
"Tianjin Era Biology Technology Co.,Ltd.",P15,CHINA,
"Tianjin LOCMEDT Technologies Co., Ltd",Q20,CHINA,
"TIANJIN WHOLESOME HYGIENE PRODUCTS CO.,LTD",N38,CHINA,
TONS INTERNATIONAL LIMITED,L56,CHINA,
Top Corporation,K02,JAPAN,
TOP PRODUCTS SARL,A62,MADAGASCAR (DEM REP OF),
TURKUAZ BIYOMEDIKAL TEKNOLOJILER VE SAG. HIZM. LTD. STI.,B02,TÜRKİYE,
Tuttnauer,M74,NETHERLANDS,
Tynor Orthotics Private Limited,H44,INDIA,
"UNION EXHIBITION CO.,LTD",K38,CHINA,
"Union Micronclean Co., Ltd.",J23,THAILAND,
"Universal Quality Co.,Ltd.",A28,THAILAND,
URIT Medical,Q02,CHINA,
Uzman Konteyner Sistemleri Ltd.Sti,C01,TÜRKİYE,
Vida Lifesciences Pvt. Ltd.,E73,INDIA,
"Visbody Intelligent Technology Co., Ltd",H43,CHINA,
Vissco Rehabilitation Aids Pvt Ltd,B21,INDIA,
Vitaltec Corporation,F42,TAIWAN,
"WEGO Medical (Thailand) Co., Ltd",C41,CHINA,
Wiener lab.,P10,ARGENTINA,
Wonju Medical Industry Institute of Technology,E38,KOREA,
"Wuhan Ammunition Life-tech Co.,Ltd.",N37,CHINA,
"Wuhan ATANG Technology Co., Ltd.",D64,CHINA,
"Wuhan Pioon Technology Co., Ltd",P45,CHINA,
"Wuhu Ruijin Medical instrument & Device Co., Ltd",K48,CHINA,
X.NOV Medical Technology,G71,SWITZERLAND,
"Xi'an Haiye Medical Equipment Co., Ltd",G46,CHINA,
"Xi'an Kaydee Medical Appliances Co., Ltd",G42,CHINA,
"Xi'an Tianlong Science and Technology Co., Ltd",G40,CHINA,
"Xiamen Biotime Biotechnology Co.,Ltd.",L27,CHINA,
"XIAMEN NEWCLEARS DAILY PRODUCTS CO., LTD.",A02,CHINA,
"Xinland Laser Co., Ltd",F71,CHINA,
"Xi’an Surgical Medical Technology Co.,Ltd",G38,CHINA,
XUHUA MEDICAL,K65,CHINA,
"XUZHOU AKX ELECTRONIC SCIENCE AND TECHNOLOGY CO.,LTD (IKEDA)",K66,CHINA,
YASEE BIOMEDICAL INC.,N46,CHINA,
"Ycellbio Medical Co., Ltd.",F45,KOREA,
"Yuwon Meditech Co., Ltd.",C77,KOREA,
"Zenith T Co., Ltd.",E20,KOREA,
"Zhejiang Heli Refrigeration Equipment Co., Ltd",D66,CHINA,
"ZHEJIANG KEHAO SANITARY WARE CO.,LTD",B09,CHINA,
"Zhejiang Orient Gene Biotech Co.,Ltd.",J46,CHINA,
"Zhejiang QL Biotech Co., Ltd.",M38,CHINA,
"ZHEJIANG QUARK BIOTECHNOLOGYCO,.LTD",E25,CHINA,
"ZHEJIANG TIMES INTERNATIONAL EXHIBITION AND SERVICE CO.,LTD","E63, E64",CHINA,
"Zhengzhou Dison Instrument and Meter Co., Ltd",D11,CHINA,
"Zhengzhou Fortune Bioscience Co., Ltd.",L48,CHINA,
"Zhengzhou Langyi Biotech CO.,LTD",K61,CHINA,
"Zhengzhou Minter Medical Devices Co.,Ltd",L45,CHINA,
Zhongchuang Shihang Robot,H47,CHINA,
"Zhongshan First Medical Equipment Co., Ltd",E55,CHINA,
"Zhuhai DL Biotech Co., Ltd.",N10,CHINA,
"Zhuhai Encode Medical Engineering Co., Ltd",K28,CHINA,
ZHUHAI LIVZON DIAGNOSTICS INC.,H74,CHINA,
