exhibitor_name,domain,contact_number,mail,location,country,name,desc,email,phone,address,city,linkedin_url,profile_url,source_year,postal_code,categories,source_url
A. POHLHAMMER Wasseraufbereitung Ecowater Lindsay,lindsay-austria.at,+43 7612 663 59,info@lindsay-austria.at,"4812, Pinsdorf",Austria,A. POHLHAMMER Wasseraufbereitung Ecowater Lindsay,"Warensortiment: Entkalkungsanlagen , Filteranlagen , Wasseraufbereitung",info@lindsay-austria.at,+43 7612 663 59,,Pinsdorf,,https://www.hausundbau.at/ausstellerverzeichnis/#exhibitor-a.-pohlhammer-wasseraufbereitung-ecowater-lindsay,2026,4812,"Warensortiment: Entkalkungsanlagen , Filteranlagen , Wasseraufbereitung",https://www.hausundbau.at/ausstellerverzeichnis/
ACCURAT GmbH,derstandard.at,,,"1060, Wien",Austria,ACCURAT GmbH,"Warensortiment: Abdichtungen , Bauberatung , Mauertrockenlegung , Sanierung",,,,Wien,,https://www.hausundbau.at/ausstellerverzeichnis/#exhibitor-accurat-gmbh,2026,1060,"Warensortiment: Abdichtungen , Bauberatung , Mauertrockenlegung , Sanierung",https://www.hausundbau.at/ausstellerverzeichnis/
AGU GmbH,agu-verlegung.at,0043722965300,of%66i%63e@m%77-motor%73%2Eat,"4050, Traun",Austria,AGU GmbH,"Warensortiment: Bodenbeläge , Gartengestaltung , Naturstein , Terrassenbeläge",of%66i%63e@m%77-motor%73%2Eat,0043722965300,,Traun,,https://www.hausundbau.at/ausstellerverzeichnis/#exhibitor-agu-gmbh,2026,4050,"Warensortiment: Bodenbeläge , Gartengestaltung , Naturstein , Terrassenbeläge",https://www.hausundbau.at/ausstellerverzeichnis/
AGU Relax GmbH,agu-relax.at,0043722965300,%69nfo%40m%65%74a%6Cl-w%69rt%68.at,"4050, Traun",Austria,AGU Relax GmbH,"Warensortiment: Garten , Wellness , Whirlpools",%69nfo%40m%65%74a%6Cl-w%69rt%68.at,0043722965300,,Traun,,https://www.hausundbau.at/ausstellerverzeichnis/#exhibitor-agu-relax-gmbh,2026,4050,"Warensortiment: Garten , Wellness , Whirlpools",https://www.hausundbau.at/ausstellerverzeichnis/
ALPENRELAX GmbH,alpenrelax.at,+43-6562-8319,info@alpenrelax.at,"5730, Mittersill",Austria,ALPENRELAX GmbH,"Warensortiment: Inneneinrichtungen , Matratzen , Möbel , Schlafsysteme , Zirbenbetten , Zirbenkleinprodukte",info@alpenrelax.at,+43-6562-8319,,Mittersill,,https://www.hausundbau.at/ausstellerverzeichnis/#exhibitor-alpenrelax-gmbh,2026,5730,"Warensortiment: Inneneinrichtungen , Matratzen , Möbel , Schlafsysteme , Zirbenbetten , Zirbenkleinprodukte",https://www.hausundbau.at/ausstellerverzeichnis/
ALTERNATIV INSTALLATIONEN,a-i.at,07734 34014,office@a-i.at,"Bergstraße 5, 4716 Hofkirchen/Trattnach",Austria,ALTERNATIV INSTALLATIONEN,"Warensortiment: Heizungen - Biomasse , Heizungen - Hackschnitzel , Heizungen - Kombiheizungen , Heizungen - Pellets , Pufferspeicher",office@a-i.at,07734 34014,"Bergstraße 5, 4716 Hofkirchen/Trattnach",Hofkirchen an der Trattnach,,https://www.hausundbau.at/ausstellerverzeichnis/#exhibitor-alternativ-installationen,2026,4716,"Warensortiment: Heizungen - Biomasse , Heizungen - Hackschnitzel , Heizungen - Kombiheizungen , Heizungen - Pellets , Pufferspeicher",https://www.hausundbau.at/ausstellerverzeichnis/
ALUCLIP – Sanieren mit Stil,aluclip.at,2026-08-25,office@aluclip.at,"4613, Mistelbach bei Wels",Austria,ALUCLIP – Sanieren mit Stil,"Warensortiment: Fassadensanierung , Fenstersanierung , Insektenschutz , Wintergartensanierung",office@aluclip.at,2026-08-25,,Mistelbach bei Wels,https://www.linkedin.com/company/102749163/admin/dashboard/,https://www.hausundbau.at/ausstellerverzeichnis/#exhibitor-aluclip-–-sanieren-mit-stil,2026,4613,"Warensortiment: Fassadensanierung , Fenstersanierung , Insektenschutz , Wintergartensanierung",https://www.hausundbau.at/ausstellerverzeichnis/
ARMSTARK GmbH,armstark.com,+49853292570,info@armstark.de,"4782, St. Florian am Inn",Austria,ARMSTARK GmbH,"Warensortiment: Whirlpools , Infrarotkabinen , Sauna",info@armstark.de,+49853292570,,St. Florian am Inn,,https://www.hausundbau.at/ausstellerverzeichnis/#exhibitor-armstark-gmbh,2026,4782,"Warensortiment: Whirlpools , Infrarotkabinen , Sauna",https://www.hausundbau.at/ausstellerverzeichnis/
AUINGER GmbH – Ideenreich für schönes Wohnen,auinger-raum.at,004377197503,office@auinger-raum.at,"4775, Taufkirchen an der Pram",Austria,AUINGER GmbH – Ideenreich für schönes Wohnen,"Warensortiment: Estrich , Holzböden , Raumausstattung",office@auinger-raum.at,004377197503,,Taufkirchen an der Pram,,https://www.hausundbau.at/ausstellerverzeichnis/#exhibitor-auinger-gmbh-–-ideenreich-für-schönes-wohnen,2026,4775,"Warensortiment: Estrich , Holzböden , Raumausstattung",https://www.hausundbau.at/ausstellerverzeichnis/
AUSTROSLEEP GmbH,austrosleep.at,0043662234915,office@austrosleep.at,"5071, Wals-Siezenheim",Austria,AUSTROSLEEP GmbH,Warensortiment: Matratzen,office@austrosleep.at,0043662234915,,Wals-Siezenheim,,https://www.hausundbau.at/ausstellerverzeichnis/#exhibitor-austrosleep-gmbh,2026,5071,Warensortiment: Matratzen,https://www.hausundbau.at/ausstellerverzeichnis/
AUSTROVAC – WOHNPERFEKTION GmbH & Co KG,austrovac.at,+43621520875,office@austrovac.at,"5204, Straßwalchen",Austria,AUSTROVAC – WOHNPERFEKTION GmbH & Co KG,"Warensortiment: Staubsauger/ -anlagen , Wäscheabwurfschächte",office@austrovac.at,+43621520875,,Straßwalchen,,https://www.hausundbau.at/ausstellerverzeichnis/#exhibitor-austrovac-–-wohnperfektion-gmbh-&-co-kg,2026,5204,"Warensortiment: Staubsauger/ -anlagen , Wäscheabwurfschächte",https://www.hausundbau.at/ausstellerverzeichnis/
AUSTROZELL GmbH,austrozell.at,43072248834,office@austrozell.at,"4491, Niederneukirchen",Austria,AUSTROZELL GmbH,"Warensortiment: Sanierung , Dämmstoffe , Ökologisch bauen , Wärmedämmung",office@austrozell.at,43072248834,,Niederneukirchen,,https://www.hausundbau.at/ausstellerverzeichnis/#exhibitor-austrozell-gmbh,2026,4491,"Warensortiment: Sanierung , Dämmstoffe , Ökologisch bauen , Wärmedämmung",https://www.hausundbau.at/ausstellerverzeichnis/
BAU BAST GmbH,baubast.at,+43 7723 6500,info@company.com,"4951, Polling im Innkreis",Austria,BAU BAST GmbH,"Warensortiment: Naturstein , Terrassenbeläge , Bäder , Fliesen",info@company.com,+43 7723 6500,,Polling im Innkreis,,https://www.hausundbau.at/ausstellerverzeichnis/#exhibitor-bau-bast-gmbh,2026,4951,"Warensortiment: Naturstein , Terrassenbeläge , Bäder , Fliesen",https://www.hausundbau.at/ausstellerverzeichnis/
BAU- & MONTAGETISCHLEREI GATTERMAIER,tischlerei-gattermaier.at,0043772444064,info@%74i%73c%68lerei-ga%74ter%6Daie%72%2Eat,"5272, Treubach",Austria,BAU- & MONTAGETISCHLEREI GATTERMAIER,"Warensortiment: Fenstersanierung , Fenster , Tischlerei , Türen",info@%74i%73c%68lerei-ga%74ter%6Daie%72%2Eat,0043772444064,,Treubach,,https://www.hausundbau.at/ausstellerverzeichnis/#exhibitor-bau--&-montagetischlerei-gattermaier,2026,5272,"Warensortiment: Fenstersanierung , Fenster , Tischlerei , Türen",https://www.hausundbau.at/ausstellerverzeichnis/
BAUBIOLOGISCHES INSTITUT Österreich,baubiologie.or.at,0732 776044,institut@baubiologie.or.at,"4030, Linz",Austria,BAUBIOLOGISCHES INSTITUT Österreich,Warensortiment: Baubiologie,institut@baubiologie.or.at,0732 776044,,Linz,,https://www.hausundbau.at/ausstellerverzeichnis/#exhibitor-baubiologisches-institut-österreich,2026,4030,Warensortiment: Baubiologie,https://www.hausundbau.at/ausstellerverzeichnis/
BAUMEISTER HUMER GmbH,humer-bau.at,004372762141,office@humer-bau.at,"4722, Peuerbach",Austria,BAUMEISTER HUMER GmbH,"Warensortiment: Bauunternehmen , Häuser - Ziegelhäuser , Planung , Zimmerei",office@humer-bau.at,004372762141,,Peuerbach,,https://www.hausundbau.at/ausstellerverzeichnis/#exhibitor-baumeister-humer-gmbh,2026,4722,"Warensortiment: Bauunternehmen , Häuser - Ziegelhäuser , Planung , Zimmerei",https://www.hausundbau.at/ausstellerverzeichnis/
BAURECHTSKANZLEI – RA DR. GEORG WATSCHINGER,baurechtskanzlei.at,+43775222622,office@baurechtskanzlei.at,"4910, Ried im Innkreis",Austria,BAURECHTSKANZLEI – RA DR. GEORG WATSCHINGER,"Warensortiment: Bauberatung , Immobilien , Rechtsberatung , Vorträge",office@baurechtskanzlei.at,+43775222622,,Ried im Innkreis,https://at.linkedin.com/in/watschinger,https://www.hausundbau.at/ausstellerverzeichnis/#exhibitor-baurechtskanzlei-–-ra-dr.-georg-watschinger,2026,4910,"Warensortiment: Bauberatung , Immobilien , Rechtsberatung , Vorträge",https://www.hausundbau.at/ausstellerverzeichnis/
BAUSATZHAUS c/o HAUSVERSTAND BAU GmbH,bausatzhaus.at,,,"4863, Seewalchen",Austria,BAUSATZHAUS c/o HAUSVERSTAND BAU GmbH,"Warensortiment: Bauelemente , Häuser - Holzhäuser , Häuser - Niedrigenergiehäuser , Häuser - Passivhäuser",,,,Seewalchen,,https://www.hausundbau.at/ausstellerverzeichnis/#exhibitor-bausatzhaus-c/o-hausverstand-bau-gmbh,2026,4863,"Warensortiment: Bauelemente , Häuser - Holzhäuser , Häuser - Niedrigenergiehäuser , Häuser - Passivhäuser",https://www.hausundbau.at/ausstellerverzeichnis/
BAUSPARKASSE WÜSTENROT AG,wuestenrot.at,+4357070-555,office@wuestenrot.at,"4910, Ried im Innkreis",Austria,BAUSPARKASSE WÜSTENROT AG,"Warensortiment: Sanierung , Banken , Versicherungen",office@wuestenrot.at,+4357070-555,,Ried im Innkreis,https://www.linkedin.com/company/1370568/,https://www.hausundbau.at/ausstellerverzeichnis/#exhibitor-bausparkasse-wüstenrot-ag,2026,4910,"Warensortiment: Sanierung , Banken , Versicherungen",https://www.hausundbau.at/ausstellerverzeichnis/
BENETSEDER GmbH,benetseder.at,07732/4382-0,info@benetseder.at,"4680, Haag am Hausruck",Austria,BENETSEDER GmbH,"Warensortiment: Möbel , Tischlerei , Balkone , Treppen",info@benetseder.at,07732/4382-0,,Haag am Hausruck,,https://www.hausundbau.at/ausstellerverzeichnis/#exhibitor-benetseder-gmbh,2026,4680,"Warensortiment: Möbel , Tischlerei , Balkone , Treppen",https://www.hausundbau.at/ausstellerverzeichnis/
BETTEN AMMERER,ammerer.com,+43 (0)7752 82401,,"4910, Ried im Innkreis",Austria,BETTEN AMMERER,"Warensortiment: Schlafsysteme , Raumausstattung",,+43 (0)7752 82401,,Ried im Innkreis,,https://www.hausundbau.at/ausstellerverzeichnis/#exhibitor-betten-ammerer,2026,4910,"Warensortiment: Schlafsysteme , Raumausstattung",https://www.hausundbau.at/ausstellerverzeichnis/
BEZIRKSPOLIZEIKOMMANDO RIED,polizei.gv.at,122,lpd-b@polizei.gv.at,"4910, Ried im Innkreis",Austria,BEZIRKSPOLIZEIKOMMANDO RIED,,lpd-b@polizei.gv.at,122,,Ried im Innkreis,,https://www.hausundbau.at/ausstellerverzeichnis/#exhibitor-bezirkspolizeikommando-ried,2026,4910,,https://www.hausundbau.at/ausstellerverzeichnis/
BHFS Bodenheizungsfrässervice,burgkirchen.ooe.gv.at,,,"5270, Burgkirchen",Austria,BHFS Bodenheizungsfrässervice,"Warensortiment: Sanierung , Altbausanierung , Haustechnik",,,,Burgkirchen,,https://www.hausundbau.at/ausstellerverzeichnis/#exhibitor-bhfs-bodenheizungsfrässervice,2026,5270,"Warensortiment: Sanierung , Altbausanierung , Haustechnik",https://www.hausundbau.at/ausstellerverzeichnis/
BOSCOM s.r.o.,boscom.cz,,,"16000, Praha 6",Czech Republic,BOSCOM s.r.o.,"Warensortiment: Dämmstoffe , Wärmedämmung , Isolierungen , Schimmelbehandlung",,,,Praha 6,,https://www.hausundbau.at/ausstellerverzeichnis/#exhibitor-boscom-s.r.o.,2026,16000,"Warensortiment: Dämmstoffe , Wärmedämmung , Isolierungen , Schimmelbehandlung",https://www.hausundbau.at/ausstellerverzeichnis/
BREITSCHOPF GesmbH & Co KG,breitschopf.at,0043725238711,kuechenzentrum@breitschopf.at,"4407, Dietach",Austria,BREITSCHOPF GesmbH & Co KG,"Warensortiment: Einbaugeräte , Küchen",kuechenzentrum@breitschopf.at,0043725238711,,Dietach,https://www.linkedin.com/company/37899619/,https://www.hausundbau.at/ausstellerverzeichnis/#exhibitor-breitschopf-gesmbh-&-co-kg,2026,4407,"Warensortiment: Einbaugeräte , Küchen",https://www.hausundbau.at/ausstellerverzeichnis/
BRENTER BALKONE GmbH,brenter.at,+4362727777,info@brenter.at,"5110, Oberndorf",Austria,BRENTER BALKONE GmbH,"Warensortiment: Balkone , Balkonbelege , Photovoltaikanlagen & Solar , Zäune",info@brenter.at,+4362727777,,Oberndorf,,https://www.hausundbau.at/ausstellerverzeichnis/#exhibitor-brenter-balkone-gmbh,2026,5110,"Warensortiment: Balkone , Balkonbelege , Photovoltaikanlagen & Solar , Zäune",https://www.hausundbau.at/ausstellerverzeichnis/
BRUNTHALER HOLZBAU GmbH,brunthaler.bayern,,,"84385, Egglham",Germany,BRUNTHALER HOLZBAU GmbH,"Warensortiment: Zimmerei , Häuser - Holzhäuser , Häuser - Niedrigenergiehäuser",,,,Egglham,,https://www.hausundbau.at/ausstellerverzeichnis/#exhibitor-brunthaler-holzbau-gmbh,2026,84385,"Warensortiment: Zimmerei , Häuser - Holzhäuser , Häuser - Niedrigenergiehäuser",https://www.hausundbau.at/ausstellerverzeichnis/
BRÜDER RATH STEINBRÜCHE GmbH,natursteine-rath.at,,,"8510, Stainz",Austria,BRÜDER RATH STEINBRÜCHE GmbH,"Warensortiment: Gartengestaltung , Terrassenbeläge , Steinbau",,,,Stainz,,https://www.hausundbau.at/ausstellerverzeichnis/#exhibitor-brüder-rath-steinbrüche-gmbh,2026,8510,"Warensortiment: Gartengestaltung , Terrassenbeläge , Steinbau",https://www.hausundbau.at/ausstellerverzeichnis/
BUCHNER Der Holzbaumeister,buchner.at,004379567411,office@buchner.at,"4273, Unterweißenbach",Austria,BUCHNER Der Holzbaumeister,"Warensortiment: Sanierung , Zimmerei , Häuser - Holzhäuser , Häuser - Niedrigenergiehäuser , Häuser - Passivhäuser , Carports , Häuser - Fertighäuser , Wintergärten",office@buchner.at,004379567411,,Unterweißenbach,,https://www.hausundbau.at/ausstellerverzeichnis/#exhibitor-buchner-der-holzbaumeister,2026,4273,"Warensortiment: Sanierung , Zimmerei , Häuser - Holzhäuser , Häuser - Niedrigenergiehäuser , Häuser - Passivhäuser , Carports , Häuser - Fertighäuser , Wintergärten",https://www.hausundbau.at/ausstellerverzeichnis/
BÖGL BAU GmbH,boegl-bau.at,+430775320360,bssvpr@obrty-onh.ng,"4926, St. Marienkirchen am Hausruck",Austria,BÖGL BAU GmbH,Warensortiment: Bauunternehmen,bssvpr@obrty-onh.ng,+430775320360,,St. Marienkirchen am Hausruck,,https://www.hausundbau.at/ausstellerverzeichnis/#exhibitor-bögl-bau-gmbh,2026,4926,Warensortiment: Bauunternehmen,https://www.hausundbau.at/ausstellerverzeichnis/
BÜRKL Ofenbau,ofenbau-buerkl.at,+43(0)7751/8310,8@X.Ԏ,Osternach 14 4974 Ort im Innkreis Österreich Mail: Tel.: Web: www.ofenbau-buerkl.at,Austria,BÜRKL Ofenbau,"Warensortiment: Heizungen - Heizkamine , Heizungen - Kachelöfen , Herde , Öfen",8@X.Ԏ,+43(0)7751/8310,Osternach 14 4974 Ort im Innkreis Österreich Mail: Tel.: Web: www.ofenbau-buerkl.at,Ort im Innkreis,,https://www.hausundbau.at/ausstellerverzeichnis/#exhibitor-bürkl-ofenbau,2026,4974,"Warensortiment: Heizungen - Heizkamine , Heizungen - Kachelöfen , Herde , Öfen",https://www.hausundbau.at/ausstellerverzeichnis/
CHRISTIAN STRASSER – DER MESSEGASTRONOM,dermessegastronom.at,,,"4910, Ried im Innkreis",Austria,CHRISTIAN STRASSER – DER MESSEGASTRONOM,Warensortiment: Gastronomie,,,,Ried im Innkreis,,https://www.hausundbau.at/ausstellerverzeichnis/#exhibitor-christian-strasser-–-der-messegastronom,2026,4910,Warensortiment: Gastronomie,https://www.hausundbau.at/ausstellerverzeichnis/
DACHEXPRESS,dachexpress2000.de,00491723954497,info@dachexpress2000.de,"63477, Maintail",Germany,DACHEXPRESS,"Warensortiment: Abdichtungen , Sanierung , Terrassenbeläge , Balkonbelege , Dächer , Dachsanierung , Garagen , Kaminsanierung , Spengler , Terrassenüberdachungen , Treppenbeschichtungen , Überdachungen",info@dachexpress2000.de,00491723954497,,Maintail,,https://www.hausundbau.at/ausstellerverzeichnis/#exhibitor-dachexpress,2026,63477,"Warensortiment: Abdichtungen , Sanierung , Terrassenbeläge , Balkonbelege , Dächer , Dachsanierung , Garagen , Kaminsanierung , Spengler , Terrassenüberdachungen , Treppenbeschichtungen , Überdachungen",https://www.hausundbau.at/ausstellerverzeichnis/
DER EDER Bad – Heizung,der-eder.at,%20+43%207752%208%2055%2066,office@der-eder.at,"4970, Eitzing",Austria,DER EDER Bad – Heizung,"Warensortiment: Heizungen - Biomasse , Heizungen - Hackschnitzel , Heizungen - Kombiheizungen , Heizungen - Pellets , Pufferspeicher",office@der-eder.at,%20+43%207752%208%2055%2066,,Eitzing,,https://www.hausundbau.at/ausstellerverzeichnis/#exhibitor-der-eder-bad-–-heizung,2026,4970,"Warensortiment: Heizungen - Biomasse , Heizungen - Hackschnitzel , Heizungen - Kombiheizungen , Heizungen - Pellets , Pufferspeicher",https://www.hausundbau.at/ausstellerverzeichnis/
DIE EINRICHTER,dieeinrichter.at,+43775270388,office@dieeinrichter.at,"4910, Ried im Innkreis",Austria,DIE EINRICHTER,"Warensortiment: Möbel , Einbaugeräte , Küchen , Innenarchitektur",office@dieeinrichter.at,+43775270388,,Ried im Innkreis,,https://www.hausundbau.at/ausstellerverzeichnis/#exhibitor-die-einrichter,2026,4910,"Warensortiment: Möbel , Einbaugeräte , Küchen , Innenarchitektur",https://www.hausundbau.at/ausstellerverzeichnis/
DILA Fenstersanierung,dila-sanieren.at,0043775335424,,"4906, Eberschwang",Austria,DILA Fenstersanierung,"Warensortiment: Fenstersanierung , Wintergartensanierung , Türsanierungen",,0043775335424,,Eberschwang,,https://www.hausundbau.at/ausstellerverzeichnis/#exhibitor-dila-fenstersanierung,2026,4906,"Warensortiment: Fenstersanierung , Wintergartensanierung , Türsanierungen",https://www.hausundbau.at/ausstellerverzeichnis/
DREIHANS GmbH,dreihans.at,0043503250,office@dreihans.at,"4161, Ulrichsberg",Austria,DREIHANS GmbH,"Warensortiment: Häuser - Ziegelhäuser , Planung , Zimmerei , Häuser - Holzhäuser , Häuser - Fertighäuser , Generalunternehmer , Häuser - Rohbau",office@dreihans.at,0043503250,,Ulrichsberg,https://www.linkedin.com/company/dreihans-gmbh/,https://www.hausundbau.at/ausstellerverzeichnis/#exhibitor-dreihans-gmbh,2026,4161,"Warensortiment: Häuser - Ziegelhäuser , Planung , Zimmerei , Häuser - Holzhäuser , Häuser - Fertighäuser , Generalunternehmer , Häuser - Rohbau",https://www.hausundbau.at/ausstellerverzeichnis/
DUSWALD-Bau GmbH,duswald.com,,,"4720, Neumarkt im Hausruckkreis",Austria,DUSWALD-Bau GmbH,"Warensortiment: Bauunternehmen , Häuser - Ziegelhäuser , Planung , Zimmerei",,,,Neumarkt im Hausruckkreis,,https://www.hausundbau.at/ausstellerverzeichnis/#exhibitor-duswald-bau-gmbh,2026,4720,"Warensortiment: Bauunternehmen , Häuser - Ziegelhäuser , Planung , Zimmerei",https://www.hausundbau.at/ausstellerverzeichnis/
EAV Technik,eavtechnik.at,+436609099000,office@eavtechnik.at,"4753, Taiskirchen",Austria,EAV Technik,"Warensortiment: Photovoltaikanlagen & Solar , Elektroinstallation , Haushaltsgeräte , Smart Home",office@eavtechnik.at,+436609099000,,Taiskirchen,,https://www.hausundbau.at/ausstellerverzeichnis/#exhibitor-eav-technik,2026,4753,"Warensortiment: Photovoltaikanlagen & Solar , Elektroinstallation , Haushaltsgeräte , Smart Home",https://www.hausundbau.at/ausstellerverzeichnis/
EGGINGER NATURBAUSTOFFE GmbH,egginger-naturbaustoffe.de,+498533918980,info@egginger-naturbaustoffe.de,"94094, Malching",Germany,EGGINGER NATURBAUSTOFFE GmbH,"Warensortiment: Holzböden , Dämmstoffe , Ökologisch bauen , Lehmbaustoffe",info@egginger-naturbaustoffe.de,+498533918980,,Malching,,https://www.hausundbau.at/ausstellerverzeichnis/#exhibitor-egginger-naturbaustoffe-gmbh,2026,94094,"Warensortiment: Holzböden , Dämmstoffe , Ökologisch bauen , Lehmbaustoffe",https://www.hausundbau.at/ausstellerverzeichnis/
EICHINGER Wintergarten GmbH & Co.KG,eicor.de,,,"94152, Neuhaus am Inn",Germany,EICHINGER Wintergarten GmbH & Co.KG,"Warensortiment: Wintergärten , Glasfassaden",,,,Neuhaus am Inn,,https://www.hausundbau.at/ausstellerverzeichnis/#exhibitor-eichinger-wintergarten-gmbh-&-co.kg,2026,94152,"Warensortiment: Wintergärten , Glasfassaden",https://www.hausundbau.at/ausstellerverzeichnis/
ELKE STEIN Architektur,elkestein.at,+436504149955,architektin@elkestein.at,"4910, Ried im Innkreis",Austria,ELKE STEIN Architektur,"Warensortiment: Ökologisch bauen , Planung , Architektur , Renovierung",architektin@elkestein.at,+436504149955,,Ried im Innkreis,,https://www.hausundbau.at/ausstellerverzeichnis/#exhibitor-elke-stein-architektur,2026,4910,"Warensortiment: Ökologisch bauen , Planung , Architektur , Renovierung",https://www.hausundbau.at/ausstellerverzeichnis/
EMPRECHTINGER Tischlerei,,,,"4924, Waldzell",Austria,EMPRECHTINGER Tischlerei,"Warensortiment: Inneneinrichtungen , Türen",,,,Waldzell,,https://www.hausundbau.at/ausstellerverzeichnis/#exhibitor-emprechtinger-tischlerei,2026,4924,"Warensortiment: Inneneinrichtungen , Türen",https://www.hausundbau.at/ausstellerverzeichnis/
ENdorado GmbH,endorado.at,+4306606434555,,Wiesenberg 45 4742 Pram Österreich Mail: Tel.: +43(0)660 - 64 34 555 Web: www.endorado.at,Austria,ENdorado GmbH,"Warensortiment: Photovoltaikanlagen & Solar , Dachsanierung , Überdachungen , Erneuerbare Energie",,+4306606434555,Wiesenberg 45 4742 Pram Österreich Mail: Tel.: +43(0)660 - 64 34 555 Web: www.endorado.at,Pram,,https://www.hausundbau.at/ausstellerverzeichnis/#exhibitor-endorado-gmbh,2026,4742,"Warensortiment: Photovoltaikanlagen & Solar , Dachsanierung , Überdachungen , Erneuerbare Energie",https://www.hausundbau.at/ausstellerverzeichnis/
ENERGIE AG Oberösterreich Vertrieb GmbH,energieag.at,0800 81 8000,service@energieag.at,"4020, Linz",Austria,ENERGIE AG Oberösterreich Vertrieb GmbH,"Warensortiment: Erneuerbare Energie , Energieberatung , Internet",service@energieag.at,0800 81 8000,,Linz,,https://www.hausundbau.at/ausstellerverzeichnis/#exhibitor-energie-ag-oberösterreich-vertrieb-gmbh,2026,4020,"Warensortiment: Erneuerbare Energie , Energieberatung , Internet",https://www.hausundbau.at/ausstellerverzeichnis/
ERLER BAU GmbH,erler-haus.at,+43%206582 76120,office@erler-haus.at,"5760, Saalfelden",Austria,ERLER BAU GmbH,"Warensortiment: Ökologisch bauen , Häuser - Holzhäuser , Häuser - Fertighäuser , Generalunternehmer",office@erler-haus.at,+43%206582 76120,,Saalfelden,,https://www.hausundbau.at/ausstellerverzeichnis/#exhibitor-erler-bau-gmbh,2026,5760,"Warensortiment: Ökologisch bauen , Häuser - Holzhäuser , Häuser - Fertighäuser , Generalunternehmer",https://www.hausundbau.at/ausstellerverzeichnis/
ERNST WINNINGER GmbH,winninger.at,+437672727250,office@winninger.at,"4844, Regau",Austria,ERNST WINNINGER GmbH,"Warensortiment: Heizungen - Wärmepumpen , Klimaanlagen",office@winninger.at,+437672727250,,Regau,,https://www.hausundbau.at/ausstellerverzeichnis/#exhibitor-ernst-winninger-gmbh,2026,4844,"Warensortiment: Heizungen - Wärmepumpen , Klimaanlagen",https://www.hausundbau.at/ausstellerverzeichnis/
ETA Heiztechnik GmbH,eta.co.at,0043773422880,info@eta.co.at,"4716, Hofkirchen an der Trattnach",Austria,ETA Heiztechnik GmbH,"Warensortiment: Heizungen - Biomasse , Heizungen - Hackschnitzel , Heizungen - Kombiheizungen , Heizungen - Pellets , Pufferspeicher",info@eta.co.at,0043773422880,,Hofkirchen an der Trattnach,,https://www.hausundbau.at/ausstellerverzeichnis/#exhibitor-eta-heiztechnik-gmbh,2026,4716,"Warensortiment: Heizungen - Biomasse , Heizungen - Hackschnitzel , Heizungen - Kombiheizungen , Heizungen - Pellets , Pufferspeicher",https://www.hausundbau.at/ausstellerverzeichnis/
exclusive Bauen & Wohnen – WBS Werbe & VerlagsgesmbH,exclusive-bauen-wohnen.at,00432073220905990,office@wbs-team.at,"4020, Linz",Austria,exclusive Bauen & Wohnen – WBS Werbe & VerlagsgesmbH,"Warensortiment: Bauberatung , Zeitungen und Zeitschriften",office@wbs-team.at,00432073220905990,,Linz,,https://www.hausundbau.at/ausstellerverzeichnis/#exhibitor-exclusive-bauen-&-wohnen-–-wbs-werbe-&-verlagsgesmbh,2026,4020,"Warensortiment: Bauberatung , Zeitungen und Zeitschriften",https://www.hausundbau.at/ausstellerverzeichnis/
FENSTER RACHBAUER,fenster-rachbauer.at,+436648548078,office@fenster-rachbauer.at,"4910, Ried im Innkreis",Austria,FENSTER RACHBAUER,"Warensortiment: Fenster , Türen , Sonnenschutz",office@fenster-rachbauer.at,+436648548078,,Ried im Innkreis,,https://www.hausundbau.at/ausstellerverzeichnis/#exhibitor-fenster-rachbauer,2026,4910,"Warensortiment: Fenster , Türen , Sonnenschutz",https://www.hausundbau.at/ausstellerverzeichnis/
FLIESEN HUEMER GmbH,fliesen-huemer.at,,,"4844, Regau",Austria,FLIESEN HUEMER GmbH,Warensortiment: Fliesen,,,,Regau,,https://www.hausundbau.at/ausstellerverzeichnis/#exhibitor-fliesen-huemer-gmbh,2026,4844,Warensortiment: Fliesen,https://www.hausundbau.at/ausstellerverzeichnis/
FOX Boden GmbH,fox.at,+437752702220,office@fox.at,"4912, Neuhofen im Innkreis",Austria,FOX Boden GmbH,"Warensortiment: Bodenbeläge , Holzböden , Treppen , Teppiche",office@fox.at,+437752702220,,Neuhofen im Innkreis,,https://www.hausundbau.at/ausstellerverzeichnis/#exhibitor-fox-boden-gmbh,2026,4912,"Warensortiment: Bodenbeläge , Holzböden , Treppen , Teppiche",https://www.hausundbau.at/ausstellerverzeichnis/
FRANZESKO Stein mit System GmbH,stein-franzesko.at,%20+43%207732%2045145,%20office@franzesko.at,"4742, Pram",Austria,FRANZESKO Stein mit System GmbH,"Warensortiment: Naturstein , Terrassenbeläge , Balkonbelege , Fensterbänke , Küchenarbeitsplatten",%20office@franzesko.at,%20+43%207732%2045145,,Pram,,https://www.hausundbau.at/ausstellerverzeichnis/#exhibitor-franzesko-stein-mit-system-gmbh,2026,4742,"Warensortiment: Naturstein , Terrassenbeläge , Balkonbelege , Fensterbänke , Küchenarbeitsplatten",https://www.hausundbau.at/ausstellerverzeichnis/
FRAUSCHER Ferdinand,wohnkeramik.at,+43 7755 / 51 30,office@wohnkeramik.at,"5251, Höhnhart",Austria,FRAUSCHER Ferdinand,Warensortiment: Fliesen,office@wohnkeramik.at,+43 7755 / 51 30,,Höhnhart,,https://www.hausundbau.at/ausstellerverzeichnis/#exhibitor-frauscher-ferdinand,2026,5251,Warensortiment: Fliesen,https://www.hausundbau.at/ausstellerverzeichnis/
FRÖLING,froeling.com,,,"4710, Grieskirchen",Austria,FRÖLING,"Warensortiment: Heizungen - Holz , Heizungen - Biomasse , Heizungen - Hackschnitzel , Heizungen - Pellets",,,,Grieskirchen,,https://www.hausundbau.at/ausstellerverzeichnis/#exhibitor-fröling,2026,4710,"Warensortiment: Heizungen - Holz , Heizungen - Biomasse , Heizungen - Hackschnitzel , Heizungen - Pellets",https://www.hausundbau.at/ausstellerverzeichnis/
FÜHRER Holzbau GmbH,fuehrer-holzbau.at,,,"5252, Aspach",Austria,FÜHRER Holzbau GmbH,"Warensortiment: Sanierung , Häuser - Holzhäuser , Wintergärten , Terrassenüberdachungen",,,,Aspach,,https://www.hausundbau.at/ausstellerverzeichnis/#exhibitor-führer-holzbau-gmbh,2026,5252,"Warensortiment: Sanierung , Häuser - Holzhäuser , Wintergärten , Terrassenüberdachungen",https://www.hausundbau.at/ausstellerverzeichnis/
G & S HandelsgmbH DICHTUNGSPROFI,dichtungsprofi.at,+4372727166,office@dichtungsprofi.at,"4070, Eferding",Austria,G & S HandelsgmbH DICHTUNGSPROFI,"Warensortiment: Fensterdichtungen , Abdichtungen , Fenstersanierung , Türsanierungen",office@dichtungsprofi.at,+4372727166,,Eferding,https://at.linkedin.com/company/dichtungsprofi,https://www.hausundbau.at/ausstellerverzeichnis/#exhibitor-g-&-s-handelsgmbh-dichtungsprofi,2026,4070,"Warensortiment: Fensterdichtungen , Abdichtungen , Fenstersanierung , Türsanierungen",https://www.hausundbau.at/ausstellerverzeichnis/
GENBÖCK HAUS – Genböck & Möseneder GmbH,genboeck.at,0043773236510,info@genboeck.at,"4680, Haag am Hausruck",Austria,GENBÖCK HAUS – Genböck & Möseneder GmbH,"Warensortiment: Bauunternehmen , Häuser - Holzhäuser , Häuser - Niedrigenergiehäuser , Häuser - Passivhäuser , Häuser - Fertighäuser",info@genboeck.at,0043773236510,,Haag am Hausruck,,https://www.hausundbau.at/ausstellerverzeichnis/#exhibitor-genböck-haus-–-genböck-&-möseneder-gmbh,2026,4680,"Warensortiment: Bauunternehmen , Häuser - Holzhäuser , Häuser - Niedrigenergiehäuser , Häuser - Passivhäuser , Häuser - Fertighäuser",https://www.hausundbau.at/ausstellerverzeichnis/
GERAUER GmbH,gerauer.at,+436505611223,info@gerauer.at,"4784, Schardenberg",Austria,GERAUER GmbH,"Warensortiment: Glas/Verglasungen , Insektenschutz , Terrassenüberdachungen , Sonnenschutz",info@gerauer.at,+436505611223,,Schardenberg,,https://www.hausundbau.at/ausstellerverzeichnis/#exhibitor-gerauer-gmbh,2026,4784,"Warensortiment: Glas/Verglasungen , Insektenschutz , Terrassenüberdachungen , Sonnenschutz",https://www.hausundbau.at/ausstellerverzeichnis/
GITTMAIER GmbH,gittmaier.at,07752/82391,office@gittmaier.at,"4910, Ried im Innkreis",Austria,GITTMAIER GmbH,"Warensortiment: Bodenbeläge , Terrassenbeläge , Inneneinrichtungen , Türen",office@gittmaier.at,07752/82391,,Ried im Innkreis,,https://www.hausundbau.at/ausstellerverzeichnis/#exhibitor-gittmaier-gmbh,2026,4910,"Warensortiment: Bodenbeläge , Terrassenbeläge , Inneneinrichtungen , Türen",https://www.hausundbau.at/ausstellerverzeichnis/
GLAS Tischlerei GmbH,tischlerei-glas.at,+4377177410,office@tischlerei-glas.at,"4725, St. Aegidi",Austria,GLAS Tischlerei GmbH,"Warensortiment: Möbel , Tischlerei , Türen , Küchen",office@tischlerei-glas.at,+4377177410,,St. Aegidi,,https://www.hausundbau.at/ausstellerverzeichnis/#exhibitor-glas-tischlerei-gmbh,2026,4725,"Warensortiment: Möbel , Tischlerei , Türen , Küchen",https://www.hausundbau.at/ausstellerverzeichnis/
GREIL BAU GmbH,greilbau.at,07751 82 39 0,office@greilbau.at,"4973, St. Martin im Innkreis",Austria,GREIL BAU GmbH,"Warensortiment: Häuser , Bauunternehmen , Planung , Zimmerei",office@greilbau.at,07751 82 39 0,,St. Martin im Innkreis,,https://www.hausundbau.at/ausstellerverzeichnis/#exhibitor-greil-bau-gmbh,2026,4973,"Warensortiment: Häuser , Bauunternehmen , Planung , Zimmerei",https://www.hausundbau.at/ausstellerverzeichnis/
GROSSBÖTZL Baumschule-Gartengestaltung GmbH,grossboetzl.com,+43775183170,bssvpr@x-tebffobrgmy.ng,"4974, Ort im Innkreis",Austria,GROSSBÖTZL Baumschule-Gartengestaltung GmbH,"Warensortiment: Gartengestaltung , Garten",bssvpr@x-tebffobrgmy.ng,+43775183170,,Ort im Innkreis,,https://www.hausundbau.at/ausstellerverzeichnis/#exhibitor-grossbötzl-baumschule-gartengestaltung-gmbh,2026,4974,"Warensortiment: Gartengestaltung , Garten",https://www.hausundbau.at/ausstellerverzeichnis/
GRÜNBECK AG,gruenbeck.de,+49 9074 41-0,info@gruenbeck.de,"89420, Höchstädt",Austria,GRÜNBECK AG,"Warensortiment: Wasseraufbereitung , Whirlpools",info@gruenbeck.de,+49 9074 41-0,,Höchstädt,https://www.linkedin.com/company/gruenbeck-ag,https://www.hausundbau.at/ausstellerverzeichnis/#exhibitor-grünbeck-ag,2026,89420,"Warensortiment: Wasseraufbereitung , Whirlpools",https://www.hausundbau.at/ausstellerverzeichnis/
GUNTAMATIC Heiztechnik,guntamatic.com,+43727624410,office@guntamatic.com,"4722, Peuerbach",Austria,GUNTAMATIC Heiztechnik,"Warensortiment: Heizungen - Holz , Heizungen - Biogas , Heizungen - Hackschnitzel , Heizungen - Pellets",office@guntamatic.com,+43727624410,,Peuerbach,,https://www.hausundbau.at/ausstellerverzeichnis/#exhibitor-guntamatic-heiztechnik,2026,4722,"Warensortiment: Heizungen - Holz , Heizungen - Biogas , Heizungen - Hackschnitzel , Heizungen - Pellets",https://www.hausundbau.at/ausstellerverzeichnis/
GUSCHLBAUER GmbH,guschlbauer.at,,,"4762, St. Willibald",Austria,GUSCHLBAUER GmbH,Warensortiment: Süßwaren,,,,St. Willibald,,https://www.hausundbau.at/ausstellerverzeichnis/#exhibitor-guschlbauer-gmbh,2026,4762,Warensortiment: Süßwaren,https://www.hausundbau.at/ausstellerverzeichnis/
HABERL Massivholztüren – Markus Haberl e.U.,haberltueren.at,+4376668062,office@haberltueren.at,Oberdorf 13 4865 Nußdorf am Attersee,Austria,HABERL Massivholztüren – Markus Haberl e.U.,"Warensortiment: Tischlerei , Türen",office@haberltueren.at,+4376668062,Oberdorf 13 4865 Nußdorf am Attersee,Nußdorf,,https://www.hausundbau.at/ausstellerverzeichnis/#exhibitor-haberl-massivholztüren-–-markus-haberl-e.u.,2026,4865,"Warensortiment: Tischlerei , Türen",https://www.hausundbau.at/ausstellerverzeichnis/
HANSEL.Kraus Metalltechnik GmbH,hansel.co.at,+43774628577,info@hansel.co.at,"5211, Friedburg",Austria,HANSEL.Kraus Metalltechnik GmbH,"Warensortiment: Tore , Balkone , Zäune , Terrassenüberdachungen",info@hansel.co.at,+43774628577,,Friedburg,,https://www.hausundbau.at/ausstellerverzeichnis/#exhibitor-hansel.kraus-metalltechnik-gmbh,2026,5211,"Warensortiment: Tore , Balkone , Zäune , Terrassenüberdachungen",https://www.hausundbau.at/ausstellerverzeichnis/
HARGASSNER Ges mbH,hargassner.at,+4377235274,,"4952, Weng",Austria,HARGASSNER Ges mbH,"Warensortiment: Heizungen - Holz , Heizungen - Biomasse , Heizungen - Hackschnitzel , Heizungen - Pellets , Heizungen - Wärmepumpen",,+4377235274,,Weng,https://www.linkedin.com/company/hargassner,https://www.hausundbau.at/ausstellerverzeichnis/#exhibitor-hargassner-ges-mbh,2026,4952,"Warensortiment: Heizungen - Holz , Heizungen - Biomasse , Heizungen - Hackschnitzel , Heizungen - Pellets , Heizungen - Wärmepumpen",https://www.hausundbau.at/ausstellerverzeichnis/
HARTL HAUS Holzindustrie GmbH,hartlhaus.at,+43 2849 8332-0,info@hartlhaus.at,"3903, Echsenbach",Austria,HARTL HAUS Holzindustrie GmbH,"Warensortiment: Tischlerei , Küchen , Häuser - Fertighäuser",info@hartlhaus.at,+43 2849 8332-0,,Echsenbach,https://www.linkedin.com/company/hartl-haus,https://www.hausundbau.at/ausstellerverzeichnis/#exhibitor-hartl-haus-holzindustrie-gmbh,2026,3903,"Warensortiment: Tischlerei , Küchen , Häuser - Fertighäuser",https://www.hausundbau.at/ausstellerverzeichnis/
HEIM & HAUS – Vertriebsges. für Kunststofffenster u. -rolläden mbH,heimhaus.de,+49 (0) 203 / 40 64 40,,"91207, Lauf",Germany,HEIM & HAUS – Vertriebsges. für Kunststofffenster u. -rolläden mbH,"Warensortiment: Markisen , Rollläden , Fenster , Überdachungen",,+49 (0) 203 / 40 64 40,,Lauf,,https://www.hausundbau.at/ausstellerverzeichnis/#exhibitor-heim-&-haus-–-vertriebsges.-für-kunststofffenster-u.--rolläden-mbh,2026,91207,"Warensortiment: Markisen , Rollläden , Fenster , Überdachungen",https://www.hausundbau.at/ausstellerverzeichnis/
HIAG Balkonbau GmbH,balkone.at,+43485264164,info@balkone.at,"9990, Nußdorf-Debant",Austria,HIAG Balkonbau GmbH,"Warensortiment: Sanierung , Balkone , Zäune",info@balkone.at,+43485264164,,Nußdorf-Debant,,https://www.hausundbau.at/ausstellerverzeichnis/#exhibitor-hiag-balkonbau-gmbh,2026,9990,"Warensortiment: Sanierung , Balkone , Zäune",https://www.hausundbau.at/ausstellerverzeichnis/
HIRTH Gesellschaft m.b.H.,hirth.eu,+4328472253,,"3812, Groß Siegharts",Austria,HIRTH Gesellschaft m.b.H.,Warensortiment: Terrassen,,+4328472253,,Groß Siegharts,,https://www.hausundbau.at/ausstellerverzeichnis/#exhibitor-hirth-gesellschaft-m.b.h.,2026,3812,Warensortiment: Terrassen,https://www.hausundbau.at/ausstellerverzeichnis/
HOLZBAU-MEISTER Rauchenecker & Partner GmbH,holzbau-meister.at,2025-10-20,office@holzbau-meister.at,"4980, Antiesenhofen",Austria,HOLZBAU-MEISTER Rauchenecker & Partner GmbH,"Warensortiment: Bauunternehmen , Häuser - Fertighäuser , Generalunternehmer",office@holzbau-meister.at,2025-10-20,,Antiesenhofen,,https://www.hausundbau.at/ausstellerverzeichnis/#exhibitor-holzbau-meister-rauchenecker-&-partner-gmbh,2026,4980,"Warensortiment: Bauunternehmen , Häuser - Fertighäuser , Generalunternehmer",https://www.hausundbau.at/ausstellerverzeichnis/
HUBER BAU GmbH,huber-bau.at,%20+437753250825,%20office@huber-bau.at,"4906, Eberschwang",Austria,HUBER BAU GmbH,"Warensortiment: Häuser , Hallenbau , Sanierung , Bauunternehmen",%20office@huber-bau.at,%20+437753250825,,Eberschwang,,https://www.hausundbau.at/ausstellerverzeichnis/#exhibitor-huber-bau-gmbh,2026,4906,"Warensortiment: Häuser , Hallenbau , Sanierung , Bauunternehmen",https://www.hausundbau.at/ausstellerverzeichnis/
HYLA,mein-gesundes-leben.com,+436609460113,harald-ecker@gmx.at,"4310, Mauthausen",Austria,HYLA,"Warensortiment: Reinigung , Reinigungsprodukte",harald-ecker@gmx.at,+436609460113,,Mauthausen,,https://www.hausundbau.at/ausstellerverzeichnis/#exhibitor-hyla,2026,4310,"Warensortiment: Reinigung , Reinigungsprodukte",https://www.hausundbau.at/ausstellerverzeichnis/
HYPO OBERÖSTERREICH,hypo.at,+4373276390,office@hypo.at,"4010, Linz",Austria,HYPO OBERÖSTERREICH,"Warensortiment: Finanzierung , Förderungen , Wohnbauförderung , Sanierung",office@hypo.at,+4373276390,,Linz,https://www.linkedin.com/company/hypo-ooe/,https://www.hausundbau.at/ausstellerverzeichnis/#exhibitor-hypo-oberösterreich,2026,4010,"Warensortiment: Finanzierung , Förderungen , Wohnbauförderung , Sanierung",https://www.hausundbau.at/ausstellerverzeichnis/
HÖRMANSEDER DIE WINTERGARTENBAUER GmbH,diewintergartenbauer.at,+43 7732 47913,info@die-wintergartenbauer.at,"4680, Haag am Hausruck",Austria,HÖRMANSEDER DIE WINTERGARTENBAUER GmbH,"Warensortiment: Fenster , Wintergärten , Terrassenüberdachungen , Sonnenschutz",info@die-wintergartenbauer.at,+43 7732 47913,,Haag am Hausruck,,https://www.hausundbau.at/ausstellerverzeichnis/#exhibitor-hörmanseder-die-wintergartenbauer-gmbh,2026,4680,"Warensortiment: Fenster , Wintergärten , Terrassenüberdachungen , Sonnenschutz",https://www.hausundbau.at/ausstellerverzeichnis/
HÖRMANSEDER GmbH,hoermanseder-bau.at,+43 7732 2290,office@hoermanseder-bau.at,"4680, Haag am Hausruck",Austria,HÖRMANSEDER GmbH,"Warensortiment: Häuser , Hallenbau , Dächer",office@hoermanseder-bau.at,+43 7732 2290,,Haag am Hausruck,,https://www.hausundbau.at/ausstellerverzeichnis/#exhibitor-hörmanseder-gmbh,2026,4680,"Warensortiment: Häuser , Hallenbau , Dächer",https://www.hausundbau.at/ausstellerverzeichnis/
HÖRMANSEDER Stefan Hafnermeister,hoermanseder.co.at,+4377646149,bssvpr@ubreznafrqre.pb.ng,"4755, Zell an der Pram",Austria,HÖRMANSEDER Stefan Hafnermeister,"Warensortiment: Heizungen - Heizkamine , Heizungen - Kachelöfen , Herde , Öfen",bssvpr@ubreznafrqre.pb.ng,+4377646149,,Zell an der Pram,,https://www.hausundbau.at/ausstellerverzeichnis/#exhibitor-hörmanseder-stefan-hafnermeister,2026,4755,"Warensortiment: Heizungen - Heizkamine , Heizungen - Kachelöfen , Herde , Öfen",https://www.hausundbau.at/ausstellerverzeichnis/
ILLUMINA Licht & Service GmbH,illumina.at,0043775287778,office@illumina.at,"4910, Ried im Innkreis",Austria,ILLUMINA Licht & Service GmbH,"Warensortiment: Lichttechnik , Planung",office@illumina.at,0043775287778,,Ried im Innkreis,https://www.linkedin.com/company/illumina-licht-&-service-gmbh/,https://www.hausundbau.at/ausstellerverzeichnis/#exhibitor-illumina-licht-&-service-gmbh,2026,4910,"Warensortiment: Lichttechnik , Planung",https://www.hausundbau.at/ausstellerverzeichnis/
INFINA – Die Wohnbau-Finanz-Experten,infina.at,+43 512 584 380,office@infina.at,Brixner Straße 2/4 6020 Innsbruck T +43 512 584380 office@infina.at,Austria,INFINA – Die Wohnbau-Finanz-Experten,Warensortiment: Finanzierung,office@infina.at,+43 512 584 380,Brixner Straße 2/4 6020 Innsbruck T +43 512 584380 office@infina.at,Ort im Innkreis,https://www.linkedin.com/company/678847/,https://www.hausundbau.at/ausstellerverzeichnis/#exhibitor-infina-–-die-wohnbau-finanz-experten,2026,4974,Warensortiment: Finanzierung,https://www.hausundbau.at/ausstellerverzeichnis/
INNVIERTLER OFENBAU Anton Lischka,innviertler-ofenbau.at,00436607707891,of%66i%63e@innvie%72t%6Cer-of%65nbau.a%74,"4753, Taiskirchen",Austria,INNVIERTLER OFENBAU Anton Lischka,"Warensortiment: Kamine , Fliesen , Heizungen - Heizkamine , Heizungen - Kachelöfen",of%66i%63e@innvie%72t%6Cer-of%65nbau.a%74,00436607707891,,Taiskirchen,,https://www.hausundbau.at/ausstellerverzeichnis/#exhibitor-innviertler-ofenbau-anton-lischka,2026,4753,"Warensortiment: Kamine , Fliesen , Heizungen - Heizkamine , Heizungen - Kachelöfen",https://www.hausundbau.at/ausstellerverzeichnis/
J. LEDERHILGER GmbH,lederhilger.co.at,,,"4621, Sipbachzell",Austria,J. LEDERHILGER GmbH,"Warensortiment: Türen , Bäder , Treppen , Küchen",,,,Sipbachzell,,https://www.hausundbau.at/ausstellerverzeichnis/#exhibitor-j.-lederhilger-gmbh,2026,4621,"Warensortiment: Türen , Bäder , Treppen , Küchen",https://www.hausundbau.at/ausstellerverzeichnis/
JARADESIGN e.U.,jaradesign.at,00436642101800,offi%63e%40jarade%73%69%67n%2Eat,"4784, Schardenberg",Austria,JARADESIGN e.U.,"Warensortiment: Terrassen , Terrassenverbauten , Gartengestaltung , Terrassenbeläge",offi%63e%40jarade%73%69%67n%2Eat,00436642101800,,Schardenberg,,https://www.hausundbau.at/ausstellerverzeichnis/#exhibitor-jaradesign-e.u.,2026,4784,"Warensortiment: Terrassen , Terrassenverbauten , Gartengestaltung , Terrassenbeläge",https://www.hausundbau.at/ausstellerverzeichnis/
KASBERGER PETER Baustoff GmbH,kasberger-baustoffe.at,(+43) 7712/4646-0,info@kasberger.de,"4782, St. Florian am Inn",Austria,KASBERGER PETER Baustoff GmbH,"Warensortiment: Kamine , Baustoffe , Fenster , Bauelemente",info@kasberger.de,(+43) 7712/4646-0,,St. Florian am Inn,,https://www.hausundbau.at/ausstellerverzeichnis/#exhibitor-kasberger-peter-baustoff-gmbh,2026,4782,"Warensortiment: Kamine , Baustoffe , Fenster , Bauelemente",https://www.hausundbau.at/ausstellerverzeichnis/
KATZLBERGER GmbH,katzlberger.at,07755/7171-0,office@katzlberger.at,"4931, Mettmach",Austria,KATZLBERGER GmbH,Warensortiment: Baumaschinen,office@katzlberger.at,07755/7171-0,,Mettmach,https://www.linkedin.com/in/wolfgang-katzlberger-557510120/,https://www.hausundbau.at/ausstellerverzeichnis/#exhibitor-katzlberger-gmbh,2026,4931,Warensortiment: Baumaschinen,https://www.hausundbau.at/ausstellerverzeichnis/
KIEMESWENGER Tischlerfachwerkstatt GmbH,kiemeswenger.at,+43 7734 2023,office@kiemeswenger.at,KIEMESWENGER TISCHLERFACHWERKSTATT HauptstraÃe 29 4716 Hofkirchen/Tr. +43 7734 2023 office@kiemeswenger.at,Austria,KIEMESWENGER Tischlerfachwerkstatt GmbH,"Warensortiment: Inneneinrichtungen , Möbel , Tischlerei , Küchen",office@kiemeswenger.at,+43 7734 2023,KIEMESWENGER TISCHLERFACHWERKSTATT HauptstraÃe 29 4716 Hofkirchen/Tr. +43 7734 2023 office@kiemeswenger.at,Hofkirchen an der Trattnach,,https://www.hausundbau.at/ausstellerverzeichnis/#exhibitor-kiemeswenger-tischlerfachwerkstatt-gmbh,2026,4716,"Warensortiment: Inneneinrichtungen , Möbel , Tischlerei , Küchen",https://www.hausundbau.at/ausstellerverzeichnis/
KOBE Fenster-Türen-Sonnenschutz GmbH,kobe-fenster.at,+43772344420,office@kobe-fenster.at,"4950, Altheim",Austria,KOBE Fenster-Türen-Sonnenschutz GmbH,"Warensortiment: Markisen , Rollläden , Terrassenverbauten , Fenster , Türen , Wintergärten , Sonnenschutz",office@kobe-fenster.at,+43772344420,,Altheim,,https://www.hausundbau.at/ausstellerverzeichnis/#exhibitor-kobe-fenster-türen-sonnenschutz-gmbh,2026,4950,"Warensortiment: Markisen , Rollläden , Terrassenverbauten , Fenster , Türen , Wintergärten , Sonnenschutz",https://www.hausundbau.at/ausstellerverzeichnis/
KOFLER POOL GmbH,koflerpool.at,+43761344240,office@koflerpool.at,"4664, Oberweis",Austria,KOFLER POOL GmbH,"Warensortiment: Pools , Poolüberdachungen",office@koflerpool.at,+43761344240,,Oberweis,,https://www.hausundbau.at/ausstellerverzeichnis/#exhibitor-kofler-pool-gmbh,2026,4664,"Warensortiment: Pools , Poolüberdachungen",https://www.hausundbau.at/ausstellerverzeichnis/
KONZEPTMÜHLE GmbH,immobaer.at,‭‭+436601198219‬,info@immobaer.at,"4701, Bad Schallerbach",Austria,KONZEPTMÜHLE GmbH,Warensortiment: Immobilien,info@immobaer.at,‭‭+436601198219‬,,Bad Schallerbach,,https://www.hausundbau.at/ausstellerverzeichnis/#exhibitor-konzeptmühle-gmbh,2026,4701,Warensortiment: Immobilien,https://www.hausundbau.at/ausstellerverzeichnis/
KRONOTECH Wärmepumpen GmbH,kronotech.at,+43 7674 64311,office@kronotech.at,"4800, Attnang-Puchheim",Austria,KRONOTECH Wärmepumpen GmbH,"Warensortiment: Heizungen - Erdwärme , Sanierung , Heizungen - Wärmepumpen",office@kronotech.at,+43 7674 64311,,Attnang-Puchheim,,https://www.hausundbau.at/ausstellerverzeichnis/#exhibitor-kronotech-wärmepumpen-gmbh,2026,4800,"Warensortiment: Heizungen - Erdwärme , Sanierung , Heizungen - Wärmepumpen",https://www.hausundbau.at/ausstellerverzeichnis/
LEDERBAUER Andreas,stiegenbau.at,004377532316,lederbauer@stiegenbau.at,"4906, Eberschwang",Austria,LEDERBAUER Andreas,"Warensortiment: Geländer , Möbel , Treppen , Treppenbeschichtungen",lederbauer@stiegenbau.at,004377532316,,Eberschwang,,https://www.hausundbau.at/ausstellerverzeichnis/#exhibitor-lederbauer-andreas,2026,4906,"Warensortiment: Geländer , Möbel , Treppen , Treppenbeschichtungen",https://www.hausundbau.at/ausstellerverzeichnis/
LEITNER BAU GmbH,leithner-bau.at,+43771232870,office@leithner-bau.at,"4782, St. Florian am Inn",Austria,LEITNER BAU GmbH,"Warensortiment: Häuser , Hallenbau , Dachstühle , Fundamente , Gerüste , Keller , Sanierung , Bauunternehmen , Planung , Zimmerei , Altbausanierung , Carports , Garagen , Generalunternehmer",office@leithner-bau.at,+43771232870,,St. Florian am Inn,,https://www.hausundbau.at/ausstellerverzeichnis/#exhibitor-leitner-bau-gmbh,2026,4782,"Warensortiment: Häuser , Hallenbau , Dachstühle , Fundamente , Gerüste , Keller , Sanierung , Bauunternehmen , Planung , Zimmerei , Altbausanierung , Carports , Garagen , Generalunternehmer",https://www.hausundbau.at/ausstellerverzeichnis/
LG ELECTRONICS Deutschland GmbH,lg.com,86) - 249,serviceindia@lge.com,"1110, Wien",Austria,LG ELECTRONICS Deutschland GmbH,"Warensortiment: Heizungen - Wärmepumpen , Klimaanlagen",serviceindia@lge.com,86) - 249,,Wien,https://www.linkedin.com/company/lgindia/,https://www.hausundbau.at/ausstellerverzeichnis/#exhibitor-lg-electronics-deutschland-gmbh,2026,1110,"Warensortiment: Heizungen - Wärmepumpen , Klimaanlagen",https://www.hausundbau.at/ausstellerverzeichnis/
M-TEC Energie.Innovativ GmbH,m-tec.at,+4372827009,info@m-tec.at,"4122, Arnreit",Austria,M-TEC Energie.Innovativ GmbH,"Warensortiment: Installationen , Lüftungen , Sanitär , Heizungen - Wärmepumpen",info@m-tec.at,+4372827009,,Arnreit,https://www.linkedin.com/company/m-tec-energie.innovativ-gmbh/,https://www.hausundbau.at/ausstellerverzeichnis/#exhibitor-m-tec-energie.innovativ-gmbh,2026,4122,"Warensortiment: Installationen , Lüftungen , Sanitär , Heizungen - Wärmepumpen",https://www.hausundbau.at/ausstellerverzeichnis/
MALEREI GROSSBÖTZL GmbH,grossboetzl.at,0043775285634,office@grossboetzl.at,"4910, Ried im Innkreis",Austria,MALEREI GROSSBÖTZL GmbH,"Warensortiment: Farbberatung/ -gestaltung , Fassaden , Fassadenbegrünung , Malerei",office@grossboetzl.at,0043775285634,,Ried im Innkreis,https://www.linkedin.com/in/michael-großbötzl-b2129856,https://www.hausundbau.at/ausstellerverzeichnis/#exhibitor-malerei-grossbötzl-gmbh,2026,4910,"Warensortiment: Farbberatung/ -gestaltung , Fassaden , Fassadenbegrünung , Malerei",https://www.hausundbau.at/ausstellerverzeichnis/
MANDL Wolfgang,baeckerei-mandl.at,07752 82530,office@baeckerei-mandl.at,"4910, Ried im Innkreis",Austria,MANDL Wolfgang,Warensortiment: Cafe,office@baeckerei-mandl.at,07752 82530,,Ried im Innkreis,,https://www.hausundbau.at/ausstellerverzeichnis/#exhibitor-mandl-wolfgang,2026,4910,Warensortiment: Cafe,https://www.hausundbau.at/ausstellerverzeichnis/
MARASOLAR GmbH,marasolar.at,+43775830500,info@marasolar.at,"4974, Reichersberg",Austria,MARASOLAR GmbH,"Warensortiment: Speichersysteme , Photovoltaikanlagen & Solar , Erneuerbare Energie",info@marasolar.at,+43775830500,,Reichersberg,,https://www.hausundbau.at/ausstellerverzeichnis/#exhibitor-marasolar-gmbh,2026,4974,"Warensortiment: Speichersysteme , Photovoltaikanlagen & Solar , Erneuerbare Energie",https://www.hausundbau.at/ausstellerverzeichnis/
MARKUS EIBLHUBER e.U.,eiblhuber.com,0664 / 9482948,tischlermeister@eiblhuber.com,"4675, Weibern",Austria,MARKUS EIBLHUBER e.U.,"Warensortiment: Badmöbel , Inneneinrichtungen , Möbel , Schlafsysteme , Holzböden , Tischlerei , Türen , Küchen",tischlermeister@eiblhuber.com,0664 / 9482948,,Weibern,,https://www.hausundbau.at/ausstellerverzeichnis/#exhibitor-markus-eiblhuber-e.u.,2026,4675,"Warensortiment: Badmöbel , Inneneinrichtungen , Möbel , Schlafsysteme , Holzböden , Tischlerei , Türen , Küchen",https://www.hausundbau.at/ausstellerverzeichnis/
MASSIVHOLZ FESSL GmbH,massivholz-fessl.at,+4367761042910,office@massivholz-fessl.at,"5242, St. Johann am Walde",Austria,MASSIVHOLZ FESSL GmbH,"Warensortiment: Fassaden , Terrassenbeläge , Holzböden , Balkonbelege",office@massivholz-fessl.at,+4367761042910,,St. Johann am Walde,,https://www.hausundbau.at/ausstellerverzeichnis/#exhibitor-massivholz-fessl-gmbh,2026,5242,"Warensortiment: Fassaden , Terrassenbeläge , Holzböden , Balkonbelege",https://www.hausundbau.at/ausstellerverzeichnis/
MAVIDA Johannes Költringer,mavida-vital.at,,,"5020, Salzburg",Austria,MAVIDA Johannes Költringer,"Warensortiment: Erdstrahlen , E-Smog , Wellness",,,,Salzburg,,https://www.hausundbau.at/ausstellerverzeichnis/#exhibitor-mavida-johannes-költringer,2026,5020,"Warensortiment: Erdstrahlen , E-Smog , Wellness",https://www.hausundbau.at/ausstellerverzeichnis/
MAYRHOFER Vertriebs GmbH,dermayrhofer.at,0043722963550,info@dermayrhofer.at,"4173, St. Veit im Mühlkreis",Austria,MAYRHOFER Vertriebs GmbH,"Warensortiment: Möbel , Bäder , Küchen",info@dermayrhofer.at,0043722963550,,St. Veit im Mühlkreis,,https://www.hausundbau.at/ausstellerverzeichnis/#exhibitor-mayrhofer-vertriebs-gmbh,2026,4173,"Warensortiment: Möbel , Bäder , Küchen",https://www.hausundbau.at/ausstellerverzeichnis/
MEMON memon bionic instruments,fuchs.memonpartner.com,,,"4950, Altheim",Austria,MEMON memon bionic instruments,"Warensortiment: E-Smog , Handy-Strahlung , Wasseraufbereitung",,,,Altheim,,https://www.hausundbau.at/ausstellerverzeichnis/#exhibitor-memon-memon-bionic-instruments,2026,4950,"Warensortiment: E-Smog , Handy-Strahlung , Wasseraufbereitung",https://www.hausundbau.at/ausstellerverzeichnis/
MHM MASSIV-HOLZBAU GmbH,meissnitzer.at,0043%206548%208720,office@meissnitzer.at,"5722, Niedernsill",Austria,MHM MASSIV-HOLZBAU GmbH,"Warensortiment: Fassaden , Häuser - Holzhäuser , Häuser - Niedrigenergiehäuser , Häuser - Passivhäuser , Häuser - Fertighäuser , Häuser - Rohbau",office@meissnitzer.at,0043%206548%208720,,Niedernsill,,https://www.hausundbau.at/ausstellerverzeichnis/#exhibitor-mhm-massiv-holzbau-gmbh,2026,5722,"Warensortiment: Fassaden , Häuser - Holzhäuser , Häuser - Niedrigenergiehäuser , Häuser - Passivhäuser , Häuser - Fertighäuser , Häuser - Rohbau",https://www.hausundbau.at/ausstellerverzeichnis/
MUSTERHAUSPARK GmbH,musterhauspark.at,0043622527127,%20office@musterhauspark.at,"5301, Eugendorf",Austria,MUSTERHAUSPARK GmbH,"Warensortiment: Häuser - Ziegelhäuser , Häuser - Holzhäuser , Häuser - Niedrigenergiehäuser , Häuser - Passivhäuser , Häuser - Fertighäuser",%20office@musterhauspark.at,0043622527127,,Eugendorf,https://www.linkedin.com/company/musterhauspark-gmbh/%20,https://www.hausundbau.at/ausstellerverzeichnis/#exhibitor-musterhauspark-gmbh,2026,5301,"Warensortiment: Häuser - Ziegelhäuser , Häuser - Holzhäuser , Häuser - Niedrigenergiehäuser , Häuser - Passivhäuser , Häuser - Fertighäuser",https://www.hausundbau.at/ausstellerverzeichnis/
M³SOLAR GmbH,m3solar.eu,+43 676 424 15 74,office@m3solar.eu,"4950, Altheim",Austria,M³SOLAR GmbH,"Warensortiment: Alarmanlagen , Elektroplanung , Planung , Photovoltaikanlagen & Solar , Carports , Elektroinstallation , Erneuerbare Energie , Energieberatung , Klimaanlagen",office@m3solar.eu,+43 676 424 15 74,,Altheim,,https://www.hausundbau.at/ausstellerverzeichnis/#exhibitor-m³solar-gmbh,2026,4950,"Warensortiment: Alarmanlagen , Elektroplanung , Planung , Photovoltaikanlagen & Solar , Carports , Elektroinstallation , Erneuerbare Energie , Energieberatung , Klimaanlagen",https://www.hausundbau.at/ausstellerverzeichnis/
MÜHLBÖCK RAUMAUSSTATTUNG,wohnen-muehlboeck.at,+4377646539,office@wohnen-muehlboeck.at,"4755, Zell an der Pram",Austria,MÜHLBÖCK RAUMAUSSTATTUNG,"Warensortiment: Markisen , Terrassenbeläge , Raumausstattung , Terrassenüberdachungen , Sonnenschutz",office@wohnen-muehlboeck.at,+4377646539,,Zell an der Pram,,https://www.hausundbau.at/ausstellerverzeichnis/#exhibitor-mühlböck-raumausstattung,2026,4755,"Warensortiment: Markisen , Terrassenbeläge , Raumausstattung , Terrassenüberdachungen , Sonnenschutz",https://www.hausundbau.at/ausstellerverzeichnis/
NASCHMAX GmbH,schaumrolle.at,0043775280216,office%40na%73chmax.%61t,"4971, Aurolzmünster",Austria,NASCHMAX GmbH,Warensortiment: Süßwaren,office%40na%73chmax.%61t,0043775280216,,Aurolzmünster,,https://www.hausundbau.at/ausstellerverzeichnis/#exhibitor-naschmax-gmbh,2026,4971,Warensortiment: Süßwaren,https://www.hausundbau.at/ausstellerverzeichnis/
OBERBANK RIED,oberbank.at,+4373278020,kundenservice@oberbank.at,"4910, Ried im Innkreis",Austria,OBERBANK RIED,"Warensortiment: Finanzierung , Förderungen , Banken",kundenservice@oberbank.at,+4373278020,,Ried im Innkreis,https://www.linkedin.com/company/oberbank,https://www.hausundbau.at/ausstellerverzeichnis/#exhibitor-oberbank-ried,2026,4910,"Warensortiment: Finanzierung , Förderungen , Banken",https://www.hausundbau.at/ausstellerverzeichnis/
OVB – Landesdirektion Weingartler,ovb.at,+436626285670,ovb@hv.ovb.at,"4020, Linz",Austria,OVB – Landesdirektion Weingartler,"Warensortiment: Finanzierung , Bausparen , Banken , Versicherungen",ovb@hv.ovb.at,+436626285670,,Linz,https://at.linkedin.com/organization-guest/company/ovboesterreich,https://www.hausundbau.at/ausstellerverzeichnis/#exhibitor-ovb-–-landesdirektion-weingartler,2026,4020,"Warensortiment: Finanzierung , Bausparen , Banken , Versicherungen",https://www.hausundbau.at/ausstellerverzeichnis/
OÖ ENERGIESPARVERBAND,energiesparverband.at,+43800205206,,"4020, Linz",Austria,OÖ ENERGIESPARVERBAND,"Warensortiment: Wohnbauförderung , Heizungen , Bauberatung , Dämmstoffe , Wärmedämmung , Photovoltaikanlagen & Solar , Energieberatung",,+43800205206,,Linz,,https://www.hausundbau.at/ausstellerverzeichnis/#exhibitor-oö-energiesparverband,2026,4020,"Warensortiment: Wohnbauförderung , Heizungen , Bauberatung , Dämmstoffe , Wärmedämmung , Photovoltaikanlagen & Solar , Energieberatung",https://www.hausundbau.at/ausstellerverzeichnis/
PAMALUX LEUCHTEN GmbH,pamalux.at,+436216208020,office@pamalux.at,"5204, Straßwalchen",Austria,PAMALUX LEUCHTEN GmbH,"Warensortiment: Lichttechnik , Architektur",office@pamalux.at,+436216208020,,Straßwalchen,https://www.linkedin.com/company/pamalux-leuchten/,https://www.hausundbau.at/ausstellerverzeichnis/#exhibitor-pamalux-leuchten-gmbh,2026,5204,"Warensortiment: Lichttechnik , Architektur",https://www.hausundbau.at/ausstellerverzeichnis/
PARGFRIEDER Strahltechnik GmbH,,,,"4971, Aurolzmünster",Austria,PARGFRIEDER Strahltechnik GmbH,"Warensortiment: Dienstleistungen , Dachsanierung",,,,Aurolzmünster,,https://www.hausundbau.at/ausstellerverzeichnis/#exhibitor-pargfrieder-strahltechnik-gmbh,2026,4971,"Warensortiment: Dienstleistungen , Dachsanierung",https://www.hausundbau.at/ausstellerverzeichnis/
PLANCO GmbH,planco.at,1234 567 89,office@domain.com,"4844, Regau",Austria,PLANCO GmbH,"Warensortiment: Häuser , Bauaufsicht , Planung , Architektur",office@domain.com,1234 567 89,,Regau,,https://www.hausundbau.at/ausstellerverzeichnis/#exhibitor-planco-gmbh,2026,4844,"Warensortiment: Häuser , Bauaufsicht , Planung , Architektur",https://www.hausundbau.at/ausstellerverzeichnis/
PLANET A Studio e.U.,planet-a.studio,+436508315019,angelika@planet-a.studio,"4973, Senftenbach",Austria,PLANET A Studio e.U.,"Warensortiment: Inneneinrichtungen , Möbel , Küchen , Innenarchitektur",angelika@planet-a.studio,+436508315019,,Senftenbach,,https://www.hausundbau.at/ausstellerverzeichnis/#exhibitor-planet-a-studio-e.u.,2026,4973,"Warensortiment: Inneneinrichtungen , Möbel , Küchen , Innenarchitektur",https://www.hausundbau.at/ausstellerverzeichnis/
POOLUNDMEER,poolundmeer.com,+436605910969,poolundmeer@gmail.com,"4261, Rainbach",Austria,POOLUNDMEER,"Warensortiment: Pools , Rohrleitung , Schwimmteiche , UV-Entkeimung , Wasseraufbereitung , Wellness , Sauna , Ökologisch bauen , Überdachungen , Renovierung , Heizungen - Wärmepumpen",poolundmeer@gmail.com,+436605910969,,Rainbach,,https://www.hausundbau.at/ausstellerverzeichnis/#exhibitor-poolundmeer,2026,4261,"Warensortiment: Pools , Rohrleitung , Schwimmteiche , UV-Entkeimung , Wasseraufbereitung , Wellness , Sauna , Ökologisch bauen , Überdachungen , Renovierung , Heizungen - Wärmepumpen",https://www.hausundbau.at/ausstellerverzeichnis/
PROHOLZ Oberösterreich,proholz-ooe.at,24.06.2026,,"4020, Linz",Austria,PROHOLZ Oberösterreich,Warensortiment: Ausstellung,,24.06.2026,,Linz,https://at.linkedin.com/company/proholz-ober%C3%B6sterreich?trk=public_profile_topcard-current-company,https://www.hausundbau.at/ausstellerverzeichnis/#exhibitor-proholz-oberösterreich,2026,4020,Warensortiment: Ausstellung,https://www.hausundbau.at/ausstellerverzeichnis/
RAIFFEISENBANK Oberösterreich,raiffeisen-ooe.at,+43 599 34898 989,info@raiffeisen.at,"4020, Linz",Austria,RAIFFEISENBANK Oberösterreich,,info@raiffeisen.at,+43 599 34898 989,,Linz,,https://www.hausundbau.at/ausstellerverzeichnis/#exhibitor-raiffeisenbank-oberösterreich,2026,4020,,https://www.hausundbau.at/ausstellerverzeichnis/
ÖKOFEN Vertrieb Österreich GmbH,oekofen.at,100 - 130,info@oekofen.com,"4132, Lembach im Mühlkreis",Austria,ÖKOFEN Vertrieb Österreich GmbH,"Warensortiment: Heizungen - Pellets , Pufferspeicher , Photovoltaikanlagen & Solar , Erneuerbare Energie , Heizungen - Wärmepumpen",info@oekofen.com,100 - 130,,Lembach im Mühlkreis,,https://www.hausundbau.at/ausstellerverzeichnis/#exhibitor-ökofen-vertrieb-österreich-gmbh,2026,4132,"Warensortiment: Heizungen - Pellets , Pufferspeicher , Photovoltaikanlagen & Solar , Erneuerbare Energie , Heizungen - Wärmepumpen",https://www.hausundbau.at/ausstellerverzeichnis/
