exhibitor_name,domain,contact_number,mail,location,country,company_name,booth,description,city,linkedin_url
ACRYLIC SIGNS MATERIAL,acrylicsm.com.my,0811-8828-529,acrylicjkt19@gmail.com,"JL. JEMBATAN III KAV. 36 BLOK. DZ & EA RT.004/RW.011, PENJARINGAN, PENJARINGAN, Kota Jakarta Utara, DKI Jakarta, Indonesia",Indonesia,ACRYLIC SIGNS MATERIAL,C3 N020,supplier and manufacturer of advertising products,Kota Jakarta Utara,
"AEBO SCIENCE TECH CO.,LTD",chinaaebo.com,+8618751831784,meyo@chinaaebo.com,"NO 11 HUANGMA RD MAQUN NANJING CHINA, NANJING, JIANGSU, China",China,"AEBO SCIENCE TECH CO.,LTD",B1 M008,THERMAL TRANSFER RIBBON BARCODE RIBBON,,
"AGANSA PRIMATAMA, PT",agansa.com,+62 271 657203,info@agansa.com,"Beteng Plaza Blok B-11 Jl. Mayor Sunaryo Solo 57133, Indonesia, Kota Surakarta, Jawa Tengah, 57133 Indonesia",Indonesia,"AGANSA PRIMATAMA, PT",C3 M015,Trading Textile Machinery,Kota Surakarta,
"ALAM SUKSES GEMILANG, PT",,021-29466560,info@unggulansuksesgemilang.com,"RUKO SYMPONY HX2 NO.19, PUSAKA RAKYAT TARUMA JAYA - BEKASI - JAWA BARAT 17214, Kabupaten Bekasi, Jawa Barat, 17214 Indonesia",Indonesia,"ALAM SUKSES GEMILANG, PT",C3 E007,distributor unggulan mesin LASER & cutting,Kabupaten Bekasi,
ALL COLOUR INTERNATIONAL,allcolourinternational.id,+62 821-2369-0953,allcolourinternational@gmail.com,"Jl. Wr. Gantung No.83V, RT.2/RW.6, Kalideres, Kec. Kalideres, Kota Jakarta Barat, Daerah Khusus Ibukota Jakarta 11840, Kota Jakarta Barat, DKI Jakarta, 11840 Indonesia",Indonesia,ALL COLOUR INTERNATIONAL,C3 P019,Supplyer,Kota Jakarta Barat,
"AMSKY INDONESIA, PT",,,,,Indonesia,"AMSKY INDONESIA, PT",B3 D027,,,
"ANEKA SAKTI BAKTI, PT (ASABA)",asaba.id,02180664499,dsales@asaba.id,"Jln. Ir. H. Juanda No. 7 Jakarta Pusat, Kota Jakarta Pusat, DKI Jakarta, 10120 Indonesia",Indonesia,"ANEKA SAKTI BAKTI, PT (ASABA)",B3 A007,"PT Aneka Sakti Bakti (ASABA) is the authorized distributor of DEVELOP, a German brand under Konica Minolta, delivering advanced multifunction printers and production printing solutions to support businesses with reliable document management and high-quality printing technology.",Kota Jakarta Pusat,
"ANEKA WARNA INDAH, PT",anekawarna.co.id,0214204545,marketing.support@anekawarna.co.id,"Jl. Gn. Sahari No.50A 1, RT.1/RW.1, Gn. Sahari Sel., Kec. Kemayoran, Kota Jakarta Pusat, Daerah Khusus Ibukota Jakarta 10610, Kota Jakarta Pusat, DKI Jakarta, 10610 Indonesia",Indonesia,"ANEKA WARNA INDAH, PT","C3 P007 (54), C3 D007 (108), C3 B007 (36)","PT Aneka Warna Indah adalah perusahaan penyedia perlengkapan industri digital printing dan fotografi (mesin, kamera, media paper/bahan baku, part dan service). Aneka Warna berpengalaman sejak 1980 dalam produk percetakan seperti mesin dan consumable sejak. Layanan dan penjualan kami menjangkau seluruh wilayah Indonesia (Medan, Pekanbaru, Palembang, Jakarta, Bandung, Semarang, Yogyakarta, Surabaya, Pontianak)",Kota Jakarta Pusat,
"Anhui Hengbo New Material Co., Ltd",ahhengbo.com,13511625745,286744300@qq.com,"No. 127, Zhongshan Road, Guangde County, Xuancheng City, Anhui Province, Xuancheng, Anhui, China",China,"Anhui Hengbo New Material Co., Ltd",B3 G008,"Founded in 2017,we specialize in supplying a full range of products including PET release film, release paper, paint protection film, car wrapping film, window film, transparent glass stickers, static film, crystal film and other related materials. We have an excellent R&D team to provide strong technical support for our customers. We implement strict quality control throughout the entire production process, covering raw material inspection, coating, slitting and final delivery.",,
"ANHUI XINTAO PHOTOELECTRIC TECHNOLOGY CO., LTD",xintaogroup.cn,+86-755-28227622,sales@xintaogroup.com,"NO. 2, TAIHU ROAD, LANGXI ECONOMICAL DEVELOPMENT ZONE, LANGXI COUNTY, XUANCHENG, ANHUI, CHINA, XUANCHENG, ANHUI, China",China,"ANHUI XINTAO PHOTOELECTRIC TECHNOLOGY CO., LTD",B3 H015,"Xintao is a professional manufacturer of acrylic sheet in China, established in the year 2001, we have 6 factories with 50 production lines and annual capacity more than 250,000 tons.",,
"ANHUI XINTAO PHOTOELECTRIC TECHNOLOGY CO.,LTD",,,,,China,"ANHUI XINTAO PHOTOELECTRIC TECHNOLOGY CO.,LTD",B3 H015,,,
"ANHUI YIHONG NEW MATERIAL TECHNOLOGY CO.,LTD",yihongbopp.com,+86-15060923889,jasmine@fjhongliyc.com,"SHUSHAN MODERN INDUSTRIAL PARK, HUAINAN CITY, ANHUI PROVINCE, HUAINAN, ANHUI, China",China,"ANHUI YIHONG NEW MATERIAL TECHNOLOGY CO.,LTD",tbc,"Our product categories include BOPP/PET thermal lamination film, metalized film, holographic film, soft-touch film, anti-scratch film, and more.",,
"ANTAC LABEL MATERIAL CO., LTD.",antaclabel.com,+86 769 23622360,johnson@antaclabel.com,"No.292, Fenxi Road, Wanjiang District, Dongguan City, Guangdong Province, P.R.C., Dongguan, Guangdong, China",China,"ANTAC LABEL MATERIAL CO., LTD.",B1 A008,"Self-adhesive label materials, stickers, poly bag, paper bag, bubble bag and so on.",,
"ANWIN TECHNOLOGY CO., LTD",anwin.en.alibaba.com,+886227173068,tracy@awint.com,"11-4FL, No. 171, Sec. 4, Nanking East Road., Taipei, Taiwan. R.O.C., Taipei city, Taiwan, Taiwan",Taiwan,"ANWIN TECHNOLOGY CO., LTD",AS 016,UV overprint varnishes Water-based coatings,,
APRIL,aprilasia.com,08129999708,salesboardid@aprilasia.com,"Jl. M.H. Thamrin No. 31, Kebon Melati, Tanah Abang, Jakarta Pusat 10230, Kota Jakarta Pusat, DKI Jakarta, Indonesia",Indonesia,APRIL,AA 006,"Asia Pacific Resources International Limited (APRIL) Group is one of the largest, most technologically advanced and efficient makers of pulp and paper products in the world. We make products that are used by millions of people every day in liquid packaging, printing and writing paper, tissues, shopping bags, food packaging, magazines and books. Our products, including our flagship PaperOne office paper and BoardOne paperboard, are proudly marketed and sold in more than 110 countries around.",Kota Jakarta Pusat,
"ASIA ELEKTRO TEKNOLOGI, PT",,08119308689,info.asiaelektro@gmail.com,"SEDAYU SQUARE, Jl. Outer Ringroad Lkr. Luar No.1 BLOK I20 - I21, RT.1/RW.12, Cengkareng Bar., Kecamatan Cengkareng, Kota Jakarta Barat, Daerah Khusus Ibukota Jakarta 11730, Kota Jakarta Barat, DKI Jakarta, Indonesia",Indonesia,"ASIA ELEKTRO TEKNOLOGI, PT",B1 D035,"PT Asia Elektro Teknologi adalah perusahaan yang bergerak dibidang penjualan, perakitan LED Videotron dan Distributor resmi NovaStar di Indonesia.",Kota Jakarta Barat,
"ASUN PAPER PRODUCTS CO.,LTD.",,,,,China,"ASUN PAPER PRODUCTS CO.,LTD.",tbc,,,
"AWLA SYNERGY ABADI, PT",awlasynergyabadi.com,081221699929,synergyabadii@gmail.com,"JALAN CIBOLERANG NO.89 BANDUNG, Kota Bandung, Jawa Barat, 40224 Indonesia",Indonesia,"AWLA SYNERGY ABADI, PT",B3 D007,"PT. Awla Synergy Abadi was founded in 2019 by starting its main business is paper importer and distributor. PT. Awla Synergy Abadi also known as ""Synergy Abadi"" and has a flagship product, namely ""ASA Premium Sublimation Paper"". PT. ASA operates by making direct sales to end users and also establish a 'Sales Channel' in some region in Indonesia, in order to establish and maintain a chain of synergistic distribution.",Kota Bandung,
"AZ TECS INDONESIA, PT",,078-303-2501,matsubara@kobex.co.jp,"4-2-12 Minatojima-Minamimachi, Chuo-ku, Kobe-shi, 650-0047, Japan, Kobe, Hyogo, Japan",Indonesia,"AZ TECS INDONESIA, PT",AS 035,・Solvent regenerating equipment ・Parts cleaning equipment ・Solvent deodorizer ・Sale of various solvents (poisonous and poisonous products) ・Development and sale of environmental and labor-saving equipment,,
"BEI LING PESONA ABADI, PT",,+886-4-2359-3830,info@kymc.com,"No.8 Jingke Rd., Nantun Dist., Taichung 408, Taiwan, Taichung, Taichung, Taiwan",Indonesia,"BEI LING PESONA ABADI, PT",AS 018,"Kuen Yuh Machinery Engineering Co., Ltd. (KYMC), founded in 1968, is a premier Taiwan-based manufacturer specializing in high-performance flexographic printing, coating, and laminating machinery for the flexible packaging and converting industries. KYMC will highlight its advanced coating applications seamlessly integrated with inline flexographic printing, empowering converters to streamline production workflows and significantly boost operational efficiency.",,
"BERKAT CEMERLANG MANDIRI, PT (PLANET PRINT)",planetprint.id,(021) 29430560,riyonlau1@gmail.com,"Ruko CIty Garden Block c3 no 9, Jakarta Barat, Kota Jakarta Barat, DKI Jakarta, 11720 Indonesia",Indonesia,"BERKAT CEMERLANG MANDIRI, PT (PLANET PRINT)",B3 E007,Planet Print adalah perusahaan yang bergerak di bidang Digital Printing yang menyediakan bahan baku dan mesin digital printing.,Kota Jakarta Barat,
"BEST COLOUR INDONESIA, PT",,0313822158,salesbestcolourindonesia@gmail.com,"Kawasan Pergudangan dan Industri Safe N Lock F1553, Sidoarjo, Kabupaten Sidoarjo, Jawa Timur, 61234 Indonesia",Indonesia,"BEST COLOUR INDONESIA, PT",B3 K002,Best Colour Indonesia is a Jetbest Corporation's subsidiary company in Indonesia as the largest public listed ink manufacture in Republic of China (RoC) or known as Taiwan. We accommodate the digital printing ink enhancement especially on the South East Asia market.,Kabupaten Sidoarjo,
"BESTINK DAN MESINOKE, PT",,081584534045,admkkbimo@gmail.com,"JL RAWA BAHAGIA RAYA NO.15 GROGOL, JAKARTA BARAT., Kota Jakarta Barat, DKI Jakarta, Indonesia",Indonesia,"BESTINK DAN MESINOKE, PT",B3 K012,"Bestink dan Mesinoke merupakan distributor yang menjual mesin digital printing, tinta, sparepart dan mesin pelengkap lainnya.",Kota Jakarta Barat,
"BFI FINANCE INDONESIA TBK, PT",bfi.co.id,02129650300,promotion@bfi.co.id,"BFI TOWER Jl. Sunburst CBD Jl. Kapten Soebijanto Djojohadikusumo No.Lot. 1, RW.2, Lengkong Gudang, Kec. Serpong, Kota Tangerang Selatan, Banten 15322, Kota Tangerang Selatan, Banten, 15322 Indonesia",Indonesia,"BFI FINANCE INDONESIA TBK, PT",C3 F015,"BFI Finance merupakan perusahaan pembiayaan yang berfokus pada pembiayaan dengan beragam tujuan seperti modal kerja, multiguna dan investasi, dengan jaminan berupa kendaraan bermotor roda empat dan roda dua, alat berat dan mesin, serta properti. Saat ini, BFI Finance tumbuh dengan jaringan dan cakupan produk terluas yang didukung oleh lebih dari 200 outlet di seluruh Indonesia. BFI Finance berizin dan diawasi oleh Otoritas Jasa Keuangan (OJK).",Kota Tangerang Selatan,
BINDWEL INDONESIA,,,,,Indonesia,BINDWEL INDONESIA,AS 028,,,
"BINTANG CAKRA KENCANA, PT",,0216506852,arirang.idn@gmail.com,"Jl. Nusantara Timur Block D no.44, Sacna Sunter, Jakarta Utara, Kota Jakarta Utara, DKI Jakarta, 14340 Indonesia",Indonesia,"BINTANG CAKRA KENCANA, PT","AC 006, AD 006","PT. BINTANG CAKRA KENCANA adalah Perusahaan trading yang telah berdiri pada tahun 2004. Perusahaan kami bergerak dengan menyediakan peralatan serta bahan seni grafis di Indonesia. Sedangkan konsep bisnis PT. Bintang Cakra Kencana adalah ""Total Solution! Good Price, Good Quality, & Good Services""",Kota Jakarta Utara,
BINTERJET,,082223636886,sales@binterjet.com,"JL. Sumpah Pemuda No. 111, Jebres, Mojosongo, Surakarta, Kota Surakarta, Jawa Tengah, 57136 Indonesia",Indonesia,BINTERJET,C3 P022,"Binterjet has been involved as a one-stop solution in the garment, textile, and sign graphic (advertising) industry for over 20 years. Binterjet aims to provide the most efficient technical support for after-sales service, specializing in Affordable Premium Solutions. We have been helping more than 5000 clients in home-based production and industrial-level processes to grow further",Kota Surakarta,
"CAHAYA PERMATA DUNIA, PT",,021-29028970,marketing@cpd-inko.com,"The Mansion At Dukuh Golf Kemayoran Tower Fontana Lt.1,Enville, Jl.Trembesi Blok D4Pademangan Timur,Pademangan,Kota ADM,Jakarta Utara,DKI Jakarta, Kota Jakarta Pusat, DKI Jakarta, 14410 Indonesia",Indonesia,"CAHAYA PERMATA DUNIA, PT",AB 020,Distributor Digital Printing,Kota Jakarta Pusat,
"CAIDA MACHINERY IMPORT & EXPORT (GUANGZHOU) CO., LTD.",caidamachinery.com,+86 20 36963067,annatang.caida@gmail.com,"Room 709, No. 66 Yingbin Avenue, Huadu District, Guangzhou, Guangzhou, GUANGDONG, China",China,"CAIDA MACHINERY IMPORT & EXPORT (GUANGZHOU) CO., LTD.",tbc,"Caida Machinery Import & Export (Guangzhou) Co., Ltd. is mainly specialized in a full range of corrugated board equipment, such as carton machine, stitching machine, gluing machine and other machines.",,
"CAKRAWALA MEGA INDAH, PT",,,,,Indonesia,"CAKRAWALA MEGA INDAH, PT",AP 006,,,
CELLO SUKSES BERDAYA,,,,,Indonesia,CELLO SUKSES BERDAYA,C3 B027,,,
"CELLO SUKSES BERDAYA, PT",,021-5679679,celloindo@gmail.com,"Komplek Ruko Grogol Permai Blok D No. 16 & 21, Jl. Prof. Dr. Latumenten Raya, Grogol - Jakarta Barat 11460, Kota Jakarta Barat, DKI Jakarta, Indonesia",Indonesia,"CELLO SUKSES BERDAYA, PT",C3 B027,Distributor Digital Printing,Kota Jakarta Barat,
CENTRAL SPS,,6221 5988008,sales.12@centralsps.com,"Jalan Raya Cukanggalih 1A, Curug, Kabupaten Tangerang, Banten, 15810, Indonesia, Kabupaten Tangerang, Banten, 15810 Indonesia",Indonesia,CENTRAL SPS,"C3 J027 (108), C3 I027 (54)",Digital & Screen Printing Supplier,Kabupaten Tangerang,
"CERAH AUDIO VISUAL TEHNIK, PT",,,,,Indonesia,"CERAH AUDIO VISUAL TEHNIK, PT",C3 N106,,,
"CHUAN TIAN PRINTING SUPPLIES INDONESIA, PT",,0 6 6 8 - 2 0 8 9 3 1 6,ptchuantianprintingsuppliesind@gmail.com,"12thsub-district, Nanhaieasternarea , Dianbai district, Maomingcity, Guangdong,China, Maoming, Guangdong, 525000 China",Indonesia,"CHUAN TIAN PRINTING SUPPLIES INDONESIA, PT",AS 017,"Our product has developed in the field of printing and packaging, dedicated to supplying eco-friendly printing materials. By selecting raw materials such as soybean oil, rosin resin, and organic pigments, the company adheres to ISO9001, ISO14001, and ISO45001 standards for production",,
"CIPTA WARNA SENTOSA (UTAMA RINJANI MULTITRADE, PT)",,0821-2200-1101,customyourbyd@gmail.com,"Jl. Danau Sunter Utara, Blok O-2. No: 5A, RT.10/RW.11, Sunter Jaya, Jakarta, Jkt Utara, Daerah Khusus Ibukota Jakarta 14310, Kota Jakarta Utara, DKI Jakarta, 14310 Indonesia",Indonesia,"CIPTA WARNA SENTOSA (UTAMA RINJANI MULTITRADE, PT)",B3 B015,"PT Cipta Warna Sentosa adalah perusahaan yang bergerak di lini bisnis perdagangan dan distribusi mesin cetak digital dan pemotongan (cutting), beserta jasa layanan pendukungnya. Berikut kami rincikan aktivitas : – Mempasarkan mesin cetak digital dan cutting dari merek internasional – Melayani wilayah Jawa dengan kantor di Jakarta, Semarang, Surabaya, dan Yogyakarta. - Layanan Purna Jual & Technical Support Memberikan layanan instalasi, perawatan, dan support teknis untuk mesin-mesin yang dijual",Kota Jakarta Utara,
"CITRA SUKSES PERSADA, PT",,021-6617746,lisacsp@yahoo.com,"JL.P.TUBAGUS ANGKE (JL.P.WIJAYA KUSUMA) KAV.3 NO.19, Kota Jakarta Utara, DKI Jakarta, Indonesia",Indonesia,"CITRA SUKSES PERSADA, PT",B3 L003,"HEAT TRANSFER LABEL,SILICONE PATCH.TPU EMBOSS",Kota Jakarta Utara,
DATASCRIP,,,,,Indonesia,DATASCRIP,C3 C015,,,
"DATASCRIP, PT",datascrip.com,(021) 6544 515,info@datascrip.co.id,"Gedung Datascrip Kav 9, Jl. Selaparang Blok B-15, RW.10, Gn. Sahari Sel., Kec. Kemayoran, Kota Jakarta Pusat, Daerah Khusus Ibukota Jakarta 10610, Kota Jakarta Pusat, DKI Jakarta, Indonesia",Indonesia,"DATASCRIP, PT",C3 C015,"Adalah perusahaan yang memasarkan dan menjual mesin, perangkat digital, furnitur, alat survei, stationery, dan sistem yang dibutuhkan dalam bisnis dan perkantoran.",Kota Jakarta Pusat,
"DCM LASER TECHNOLOGY, PT",visterlaser.com,02122461630,dcmlaser@gmail.com,"JAKARTA GARDEN CITY, RUKAN AVENUE BLOK 8 NO 18, Kota Jakarta Timur, DKI Jakarta, 13910 Indonesia",Indonesia,"DCM LASER TECHNOLOGY, PT",B3 K011,PT DCM LASER TECHNOLOGY SALAH SATU PERUSAHAAN YANG BERGERAK DALAM BIDANG DISTRIBUTOR ATAU PENJUALAN MESIN LASER DAN SPAREPARTS MESIN LASER,Kota Jakarta Timur,
"DGM MEDIA TEKNOLOGI, PT",dgmmediateknologi.com,081395519898,dgm.mediateknologi@gmail.com,"KAWASAN PERGUDANGAN DAN INDUSTRI ARYA ELANG MAS, BLOK F UNIT 10, JALAN RAYA KARET KOTABUMI (JALAN IRIGASI CISADANE BARAT) NO. KAV 28, DESA/KEL PERIUK, KEC. PERIUK, KOTA TANGERANG, BANTEN, 15131., Kabupaten Tangerang, Banten, 15131 Indonesia",Indonesia,"DGM MEDIA TEKNOLOGI, PT",B3 L006,"Kami menyediakan layanan percetakan digital untuk berbagai kebutuhan bisnis, termasuk media promosi seperti, Beach Flag, Backdrop, Bendera Custom dan lain-lain. Kami juga menawarkan layanan konsultasi khusus untuk memastikan setiap proyek sesuai dengan kebutuhan dan anggaran.",Kabupaten Tangerang,
"DIGITAL INDO MAKMUR, PT",innoliteindonesia.com,08979242567,innolite.polyflex.jkt@gmail.com,"Ruko Permata Ancol Blok L No. 27 Jakarta, Kota Jakarta Utara, DKI Jakarta, 14420 Indonesia",Indonesia,"DIGITAL INDO MAKMUR, PT",C3 M007,"Innolite Indonesia, di bawah PT Digital Indo Makmur, adalah pemasok utama di industri sablon digital. Mereka menjual berbagai mesin cetak digital seperti DTF, UV, dan sublimasi, serta menyediakan bahan baku. Sebagai distributor resmi merek terkemuka, mereka juga menawarkan layanan purna jual yang lengkap, termasuk garansi dan dukungan teknis untuk melayani pelanggan di seluruh Indonesia.",Kota Jakarta Utara,
"DING SHENG TECH AND TRANDE, PT",dingsheng.co.id,085326233673/ 0812-8887-0575,dingshengtti@gmail.com,"Jl. Peternakan Raya III No.8, RT.8/RW.1, Kapuk, Kecamatan Cengkareng, Kota Jakarta Barat, Daerah Khusus Ibukota Jakarta 11720, Kota Jakarta Barat, DKI Jakarta, Indonesia",Indonesia,"DING SHENG TECH AND TRANDE, PT",B3 F015,,Kota Jakarta Barat,
"DINGXIN PAPER INDONESIA, PT",,081399928688,dingxinpaper@gmail.com,"Jalan Raya Kopo Jalan Bojong Buah Raya No 78 KM 11, Kabupaten Bandung, Jawa Barat, 40921 Indonesia",Indonesia,"DINGXIN PAPER INDONESIA, PT",C3 H037,Berdiri pada tahun 2024 merupakan perusahaan yang bergerak di bidang penjualan kertas sublimasi dan kertas heat transfer. Berkomitmen untuk menyediakan kertas transfer sublimasi produk berkualitas tinggi dengan efek transfer yang luar biasa dan kecepatan transfer yang tinggi. Bekerja secara kolaboratif untuk menghadirkan kepuasan pelanggan dalam setiap layanan telah mendapatkan pengakuan tinggi dari pelanggan kami.,Kabupaten Bandung,
DONGGUAN AOQI PACKING MACHINE,,,,,China,DONGGUAN AOQI PACKING MACHINE,tbc,,,
"DONGGUAN AOQI PACKING MACHINE CO., LTD.",,+86-769-82608990,aq01@aq-folder.com,"No.5, 4th.Donghuan Street , Jitigang, Huangjiang Town, Dongguan City, Dongguan, Guangdong, 523750 China",China,"DONGGUAN AOQI PACKING MACHINE CO., LTD.",tbc,"Founded in 2011, AOQI is a leading manufacturer of leaflet folding machines serving the pharmaceutical, cosmetic, electronics, and other precision-demanding industries in China. With over a decade of dedication, we have successfully delivered countless folding solutions and accumulated deep technical expertise. Our engineering and operations team each bring more than 10 years of hands-on experience, ensuring every project meets the highest standards.",,
DONGGUAN BAOFENGTAI INDUSTRIAL CO. LTD.,,+86-769-87634888,1514588300@qq.com,"Room 101, No. 65 Tonghudi Road, Xiegang Town, Dongguan City, Dongguan, Guangdong, 523590 China",China,DONGGUAN BAOFENGTAI INDUSTRIAL CO. LTD.,tbc,"Baofengtai Industrial Co., Ltd., established in 1998, specializes in the field of chemical products. We are a national high-tech enterprise that integrates research and development, production, sales, and customer service. Our product portfolio includes a wide range of water-based and UV-based coatings and adhesives.Our products are widely applied in industries such as color printing, leather goods, holiday crafts, wooden products, paper packaging, and toys.",,
Dongguan Fengmai Machinery,,,,,China,Dongguan Fengmai Machinery,tbc,,,
"DONGGUAN FENGMAI MACHINERY CO., LTD.",,+86-18819700491,dgfureman@gmail.com,"Building 2, Huayi Industrial Park, No. 20 Dahuan Road, Dalingshan Town, Dongguan City, Guangdong Province,China, Dongguan, Guangdong, China",China,"DONGGUAN FENGMAI MACHINERY CO., LTD.",tbc,"The company mainly produces cardboard box window patching machines, with its main products including high-precision corner-cutting and line-pressing window patching machines, fully automatic high-speed window patching machines, and fully servo high-speed window patching machines.",,
"DONGGUAN GOODSENSE DECORATIVE MATERIAL CO., LTD",,+86-13713310094,info@likebond.cn,"ROOM 301, TOWER 2, NANCHENG COUNTRY GARDEN, NO. 16 STATION ROAD, NANCHENG DISTRICT,, DONGGUAN, GUANGDONG, China",China,"DONGGUAN GOODSENSE DECORATIVE MATERIAL CO., LTD",B3 K019,"Visit Dongguan Goodsense at Booth B3K019, Jakarta Int'l Expo, Indonesia, Oct 7-10. Likebond showcases: Acrylic Sheets: Clear, impact-resistant (signage, displays) Acrylic Mirrors: Light, shatterproof (retail, decor) Aluminum Panels: Weather-resistant (cladding, ads) Durable, versatile, meeting global standards. Likebond: Your Trusted Partner for Premium Decorative Materials.",,
"DONGGUAN GUANGLUN INDUSTRIES CO., LTD",guanglunpaper.com,86-0769-88890703,marco@guanglunpaper.com,"Building A2, No. 173, Beiwang Road, Zhongtang Town,Dongguan City，Guangdong Province, DONGGUAN, GUANGDONG, 523000 China",China,"DONGGUAN GUANGLUN INDUSTRIES CO., LTD",AS 036,"Our products integrate research and development, production, and marketing, and are highly recognized and trusted by customers. Our mission is to maximize customer satisfaction. Whether you are an importer, wholesaler, retailer, agent, distributor, group buyer, production processor, or other OEM procurement customers from anywhere, we will provide the best service and most suitable advice for your business…",,
Dongguan HeRui Automation Equipment,,,,,China,Dongguan HeRui Automation Equipment,tbc,,,
"DONGGUAN HERUI AUTOMATION EQUIPMENT CO., LTD.",dgherui.com,+86-13714023429,richard@dgherui.com,"No.11,Baisha North Road,Baisha Community,Humen Town,c City,Guangdong Province, Guangdong, Guangdong, Guangdong China",China,"DONGGUAN HERUI AUTOMATION EQUIPMENT CO., LTD.",tbc,"Herui --- is a high-tech manufacturing enterprise focusing on improving, improving and optimizing the production process and efficiency of the printing process. The core business is: folding and pasting of color boxes, corrugated boxes, and transparent plastic boxes; platform applications for coding, testing, and special sizing applications; and non-standard automatic customization of the printing process.",,
"DONGGUAN HEYU AUTOMATION CO., LTD.",heyumachine.com,+86-18688647530,heyumachinery@hotmail.com,"NO.1 Xinyuan Road,Baisha Community,Humen Town,Dongguan City,Guangdong,China, Dongguan, Guangdong, 523912 China",China,"DONGGUAN HEYU AUTOMATION CO., LTD.",tbc,Heyu automation is a professional manufacturer of plastic box equipment and a professional supplier providing solutions for PVC/PET/PP film products in China.,,
"DONGGUAN JINCHENG PAPER CO., LTD.",,+86 13790128028,tom@0769wt.com,"Room 201, Building 4, No. 18 Yuehui Road, Daojiao Town, Dongguan City, Guangdong Province, Dongguan, Guangdong, China",China,"DONGGUAN JINCHENG PAPER CO., LTD.",B2 G037,"Dongguan Jincheng Paper Co.,Ltd., established 1998, is Guangdong branch of Hunan Jinjing Paper Mill. With two paper‑making lines, we integrate paper production, PE coating, printing and processing. Our papers serve food‑packing, meal‑box, hardware and electronic packaging.",,
"DONGGUAN JINGNUO ELECTRONIC CO., LTD.",,+86 13823681987,yaowenzn@163.com,"No. 8 Haina Road, Wanjiang District, Dongguan, DONGGUAN, GUANGDONG, China",China,"DONGGUAN JINGNUO ELECTRONIC CO., LTD.",B1 M015,"Jingnuo specializes in manufacturing a full range of high‑precision rubber rollers for the electronics industry. Our products boast excellent properties including high temperature resistance, high pressure resistance, acid and alkali resistance, corrosion resistance, solvent resistance, wear resistance, anti‑static performance, and environmental protection and energy saving.",,
"DONGGUAN KEQI AUTOMATION EQUIPMENT CO., LTD",en.keqi-auto.com,+86-769- 8162 3860,wsb@keqi-auto.com,"No.8, Jinniu Street, Taigongling, Dalingshan, Dongguan City, Guangdong 523820 China, Dongguan, Guangdong, 523820 China",China,"DONGGUAN KEQI AUTOMATION EQUIPMENT CO., LTD",tbc,"Since 2008, KQ Automation has been a leading supplier of advanced dispensing and surface treatment solutions. Our product range includes cold glue and hot melt dispensing systems, glue detection systems, plasma surface treatment equipment, double-sided tape application machines, and more. With a team of over 200+ highly skilled professionals, we combine deep industry expertise with advanced R&D capabilities and rigorous quality inspections. ﻿",,
"Dongguan kjnmatech co., ltd.",kjnmatech.com,13825798369,kjnew@kjn86.com,"Room 101, No.31 Xinnong Road,Nancheng Street, Dongguan City, Guangdong Province, China, 东莞市, 广东省, China",China,"Dongguan kjnmatech co., ltd.",B1 D015,"Self adhesive paper, Release paper, label sticker",,
"DONGGUAN MORECOLOR NEW MATERIALS CO., LTD.",morecolorink.com,+86 13326893080,ada@morecolorink.com,"Room 401,Building 11,Building 5, Sima Environmental Protction IndustrialRoad, Changping Town, Dongguan city,China., Dongguan, Guangdong, China",China,"DONGGUAN MORECOLOR NEW MATERIALS CO., LTD.",B2 G036,"Manufacturer of DTF ink, DTG ink，pigment ink, heat transfer printing consumables.",,
"DONGGUAN SPT LASER TECHNOLOGY CO., LTD",sptlaser.com,+86 189 38288008,info@laserwd.com,"3201, Dongjiang Star Commercial Center, No.8 Hongfu West Road, Wanjiang District,, Dongguan, Guangdong, China",China,"DONGGUAN SPT LASER TECHNOLOGY CO., LTD",B3 H009,"SPT Laser technology has been focused on R&D and production of CO2 laser tube for over 10 years. Under the driving of "" stability at the core"", we have been working hard to deliver the same quality product time to time. The laser tube: C series, the best-selling product since SPT laser is built. T series, the best choice for who wants to have sharper cutting edge and engraving lines. TR series, upgraded from T series, the built-in red-dot makes laser alignment much quicker and safer.",,
"DONGGUAN WANLIN PACKAGING MATERIAL CO., LTD.",,0086 15017185167,michael@wlpackmate.com,"#106,Beiwang road,Zhongtang Town,Dongguan City, China, Dongguan, Guangdong, China",China,"DONGGUAN WANLIN PACKAGING MATERIAL CO., LTD.",B2 F031,"PAPERBOARD,PAPER,PACKAGING GLUE,TAPE, OTHER PACKAGING MATERIAL",,
"DONGGUAN XINCAI PACKAGING MATERIALS CO., LTD",dgxincai.com,0769-86666202,84894815@qq.com,"7 Chunfeng West second Street, Tielukeng Village,Qishi,Dongguan, Guangdong, China, DONGGUAN, guangdong, 523000 China",China,"DONGGUAN XINCAI PACKAGING MATERIALS CO., LTD",B2 E012,"It is a specialized adhesive product enterprise that integrates inkjet printing materials, paper label materials, ordinary films, functional films, UV inkjet printing materials, laser printing materials, adhesive tapes, environmentally friendly degradation production and sales. The company's independent brands include ""Xincaiyang"" and ""DGXINCAI"".",,
"DONGGUAN YAGUANG MACHINERY CO., LTD",,0769-8582 3219,yaguang666@uvyg.com,"No. 101, Building 8, Kangle South Road, 305, Houjie Town, Dongguan City, Guangdong Province, Dongguan, Guangdong, China",China,"DONGGUAN YAGUANG MACHINERY CO., LTD",AA 020,,,
"Dongguan Yaguang Machinery Co., Ltd.",,,,,China,"Dongguan Yaguang Machinery Co., Ltd.",AP 023,,,
"DONGGUAN YUANSHANG INTELLIGENT TECHNOLOGY CO., LTD.",,/,shenlin@yinzhierp.com,"Room 462, No. 1742, Chang'an Section, Tai'an Road, Chang'an Town, Dongguan City, Guangdong Province, China, DONGGUAN, GUANGDONG, China",China,"DONGGUAN YUANSHANG INTELLIGENT TECHNOLOGY CO., LTD.",AS 029,"It owns a full suite of systems including ERP, APS, MES, PCS and WMS, as well as integrated solutions for digital workshops and smart factories",,
DONGGUAN ZHONG SHI TUO ENTERPRISE LTD,,008618575672079,nina.pan@scitop.net,"No.20, Huaxia 1st road, Qiaotou town,, Dongguan city, Guangdong, China",China,DONGGUAN ZHONG SHI TUO ENTERPRISE LTD,B3 K017,"Printing media, self-adhesive removable film",,
DONGHANG GRAPHIC TECHNOLOGY INC.,donghang.cn,+86 13562660600,dhprint@donghang.cn,"No. 388 Wuzhou Street,Weifang,Shandong,China, Weifang, Shandong, China",China,DONGHANG GRAPHIC TECHNOLOGY INC.,B2 F027,"Weifang Donghang Graphic Technology Inc., founded in 1996, is a top Chinese flexo‑printing‑machine manufacturer. Our machines cover 330‑2500 mm width for labels, flexible, medical & carton packaging. Custom solutions are available for diverse application demands.",,
"DOWELL PRINTING EQUIPMENT CO.,LTD.",dowellprint.com,+86 18023485077,dan@dowellprint.cn,"Rm. 501, Bld. 3, Yinbai Industrial Park, No. 109, Yufeng Rd, Datong, Dongchong Town, Nansha District, Guangzhou City, Guangdong Province, P.R.China P.C:511475, Guangzhou, Guangdong, China",China,"DOWELL PRINTING EQUIPMENT CO.,LTD.",B2 G027,"With 26‑year flexographic machinery expertise in Guangzhou Nansha, we supply reliable flexo & hybrid flexo‑gravure presses (370‑650 mm). Exported to 17 regions, our global network delivers one‑stop service for packaging, label and logistics industries.",,
"DWIMAPUTRA MESIN SEJATI, PT",,,,,Indonesia,"DWIMAPUTRA MESIN SEJATI, PT",Tbc,,,
"EASY BUILDING PLASTIC.,LTD",,86-17302177353,sales0801@huizaopvc.com,"16F NO.58 NEW GOLDEN BRIDGE PU DONG NEW AREA SHANGHAI CHINA 201206, Shanghai, Shanghai, China",China,"EASY BUILDING PLASTIC.,LTD",B1 M001,PVC Foam Board; Acrylic Sheet; Aluminum Composite Panel,,
Eka Maju,,,,,Indonesia,Eka Maju,AH 006,,,
"EKA MAJU MESININDO, PT",ekamaju.co.id,(021) 6602665,sales-emm@ekamaju.co.id,"JL. Terusan Bandengan Utara No.16 / B 3-4, Kota Jakarta Utara, DKI Jakarta, 14450 Indonesia",Indonesia,"EKA MAJU MESININDO, PT",AH 006,"Currently we distribute many quality machinery from China, Hong Kong, Taiwan, and India. We are trusted by many companies to distribute their brand exclusively. With population of more than 250 million people (4th largest in the world), Indonesia is the biggest market in South East Asia and we are proud to be the market leader. We at EKA MAJU value good business ethics and we believe it is the key to have a good business partnership.",Kota Jakarta Utara,
"EPSON INDONESIA, PT",,,,,Indonesia,"EPSON INDONESIA, PT","C3 J007, C3 I007",,,
EXO ZERO GROUNDING (EXO GLOBAL SOLUSINDO),,,,,Indonesia,EXO ZERO GROUNDING (EXO GLOBAL SOLUSINDO),C3 P021,,,
FARBE PRIMA INDONESIA,,,,,Indonesia,FARBE PRIMA INDONESIA,B3 L004,,,
"FARBE PRIMA INDONESIA, PT",,08128982123,farbe_dp@yahoo.co.id,"CIPUTRA BIZPARK COMMERCIAL ESTATE BLOK A3 NO. 27, PULOGADUNG, Kota Jakarta Timur, DKI Jakarta, Indonesia",Indonesia,"FARBE PRIMA INDONESIA, PT",B3 L004,DISTRIBUTOR FOR DIGITAL PRINTING MEDIA,Kota Jakarta Timur,
"FLEXIBLE MAGNET (HUIZHOU) CO., LTD",flexiblemagnetchina.com,+86 0755-23020987,marketing@flexiblemagnetchina.com,"Luwu Lake,Ruangang country, Shiwan Town, Boluo,, Huizhou City, Guangdong, China",China,"FLEXIBLE MAGNET (HUIZHOU) CO., LTD",B2 K061,,,
"FORTU DIGITAL TEKNOLOGI, PT",,+6289684073110,jovian@fortu.co.id,"Jl. H. Sidik No.7, RT.4/RW.6, Kuningan, Karet Kuningan Kecamatan Setiabudi, Kota Jakarta Selatan 12940, Kota Jakarta Selatan, DKI Jakarta, 12940 Indonesia",Indonesia,"FORTU DIGITAL TEKNOLOGI, PT",B3 L008,,Kota Jakarta Selatan,
"FUJIAN SIJIA NEW MATERIALS TECHNOLOGY CO., LTD",sijiacn.com,+86 18850735211,export6@sijiacn.com,"Sijia New Materials Technology Industrial Park,h Weft Road,Xincuo Town,Fuqing, Fuzhou, Fujian, China",China,"FUJIAN SIJIA NEW MATERIALS TECHNOLOGY CO., LTD",B2 F043,New material technology research and development; manufacturing of high-performance fibers and composite materials; sales of high-performance fibers and composite materials; manufacturing of synthetic materials (excluding hazardous chemicals); sales of synthetic materials.,,
"FUZHOU DAIHEI INK CO., LTD",,0086 591 38260128,daiheicn@daiheiink.com,"NO.2 OF YANGYU ROAD, TIELING INDUSTRY AREA, MINHOU TOWN, FUZHOU, FUJIAN, China",China,"FUZHOU DAIHEI INK CO., LTD",B2 K056,,,
"GADING MURNI, PT",,081216372422,marcomm.gmdgi@gmail.com,"Jalan Tunjungan No. 27, Genteng, Kota Surabaya, Kota Surabaya, Jawa Timur, 60275 Indonesia",Indonesia,"GADING MURNI, PT",C3 L027,,Kota Surabaya,
GLOBAL DM JAKARTA,,0215630224,susanhardy.gdm@gmail.com,"Jalan Mangga Raya Blok C no 8H, Grenvil, Jakarta Barat, Kota Jakarta Barat, DKI Jakarta, 11510 Indonesia",Indonesia,GLOBAL DM JAKARTA,B3 K001,"We provide one stop service for your (large format) printing needs, from print heads, parts, solvent, upgrade kit, and consulting service.",Kota Jakarta Barat,
GLOBAL INTECH PERSADA,globalintechpersada.com,02138857039,info@globalintechpersada.com,"Jl. Raya Penggilingan No.12A/5 RT.3/RW.6, Penggilingan, Kec. Cakung, Kota Jakarta Timur, Daerah Khusus Ibukota Jakarta 13940, Kota Jakarta Timur, DKI Jakarta, 13940 Indonesia",Indonesia,GLOBAL INTECH PERSADA,B3 C011,"Global Intech Persada adalah perusahaan baru yang memiliki pengalaman selama lebih dari 30 tahun dalam dunia digital printing di Indonesia. Sejak didirikan, misi utama kami adalah menjadi solusi terdepan bagi industri percetakan digital dengan menyediakan produk-produk berkualitas dari brand ternama serta layanan yang terpercaya.",Kota Jakarta Timur,
"GLOBAL MEDIA ALEXINDO, CV",,02155713065,sales@glomed.co.id,"Golden City Business Park blok E1, Jl. KH Hasyim Ashari No. 118, Cipondoh, Kota Tangerang, Kota Tangerang, Banten, Indonesia",Indonesia,"GLOBAL MEDIA ALEXINDO, CV","C3 G007 , C3 K007",Industrial Machinery Supply,Kota Tangerang,
"GLOBAL MULTI GRAFIKA, PT",,0215630082,naya@grafika.co.id,"Jl mangga raya blok c no 8H tj duren jakarta barat 11510, Kota Jakarta Barat, DKI Jakarta, 11510 Indonesia",Indonesia,"GLOBAL MULTI GRAFIKA, PT",C3 K015,supplier sparepart digital printing,Kota Jakarta Barat,
"GOLDEN WIRE INDONESIA, PT",,,,,Indonesia,"GOLDEN WIRE INDONESIA, PT",C3 N015,,,
"GOOD LASER TEKNOLOGI, PT",good-laser.com,081316964851,goodlasertechnology@gmail.com,"Foresta business Loft 6 No 7, Kabupaten Tangerang, Banten, Indonesia",Indonesia,"GOOD LASER TEKNOLOGI, PT",B3 L005,"Distributor and Sales of CO₂ Laser Cutting & Engraving Machines, Laser Marking Machines, Laser Welding Machines, and After-Sales Technical Support in Indonesia.",Kabupaten Tangerang,
GRAFA INTERCONTINENTAL,,,,,Indonesia,GRAFA INTERCONTINENTAL,AS 002,,,
"GRAFA INTERCONTINENTAL, PT",grafa.co.id,6221.47866077,grafa.consumable@gmail.com,"Jl. Kayu Putih IV Blok C No. 8, Pulogadung, Jakarta Timur 13260, Kota Jakarta Timur, DKI Jakarta, Indonesia",Indonesia,"GRAFA INTERCONTINENTAL, PT",AS 002,"Establish since 1989, dealing with consumables product (raw material) for Offset Printing such as Fountain Solution, Rubber Blanket, Roller Washing Agent, Blanket Wash Cloth, Anti Set-Off Spray Powder, WB Varnish and UV Varnish,IPA, Etc. We are Sole Agent of NIKKEN ( Japan ), KATSURA ( Japan), POLICROM ( Italy ) and Others. We also sell Post-Press Machinery such as : KQ Cold Glue Gun System, Hot Melt Glue Gun System, JIALITE Automatic Varnishing Machine, Automatic Laminating Machine and others",Kota Jakarta Timur,
"GRAND PURI PERSADA, PT",,(021) 65830990,there.megawaty@gmail.com,"Jl. Danau Indah Raya No.A1 no 5, RT.6/RW.13, Sunter Jaya, Kec. Tj. Priok, Jkt Utara, Daerah Khusus Ibukota Jakarta 14360, Kota Jakarta Utara, DKI Jakarta, 14360 Indonesia",Indonesia,"GRAND PURI PERSADA, PT",C3 N018,"percetakan digital (digital printing) dan juga sebagai supplier digital printing di Indonesia, dengan merek terkenal bernama Colorlink.",Kota Jakarta Utara,
Guangdong Arojet Inkjet Technology,,,,,China,Guangdong Arojet Inkjet Technology,tbc,,,
"GUANGDONG AROJET INKJET TECHNOLOGY CO., LTD.",,86-769-85335188,arojet@arojet.com,"Building 9,Zone C, International Financial Park,SSL Sci.& Tech.Industrial Park, Dongguan, Guangdong, 523808 China",China,"GUANGDONG AROJET INKJET TECHNOLOGY CO., LTD.",tbc,"A variety of variable data digital UV inkjet printing systems cover side jetting variable data inkjet printer, industrial UV inkjet label printer, wide-format inkjet printing machine, flexible packaging printing machine, colored digital inkjet printing system, high-speed digital printing system, and print head, QR code inspection system，etc.",,
"GUANGDONG BANGGU CHEMICAL TECHNOLOGY CO., LTD.",bangguchem.com,+86-18925731750,rolachen@bangguchem.com,"No.8 East, Fazhan Road 2, Zhuji Industrial Park, Nanxiong, Guangdong, China, Nanxiong, Guangdong, China",China,"GUANGDONG BANGGU CHEMICAL TECHNOLOGY CO., LTD.",B2 F018,"Banggu Chemical supplies diverse water‑based & solvent‑based coating materials: polyurethane, acrylic, polyester resins, special monomers and curing agents. Our materials apply to hot stamping foil, transfer film, plastic‑free paper, protective film, specialty tapes and functional films.",,
Guangdong Fengchi Printing Machinery,,,,,China,Guangdong Fengchi Printing Machinery,AE 006,,,
"GUANGDONG FENGDA VISCOSE PRODUCTS CO., LTD.",,+86 13922172988,176618183@qq.com,"No. 2, 1st Floor, Building 1, No. 1 Chaosheng Industrial Park, Wenjiao Road, Heshun, LishuiTown, Nanhai District,, Foshan City, Guangdong, China",China,"GUANGDONG FENGDA VISCOSE PRODUCTS CO., LTD.",B3 L013,"We are a large-scale adhesive products manufacturer integrating R&D, production, sales and service. Our products include double-sided tape, industrial tape, masking tape, sealing tape, kraft paper tape, reinforcing tape, foam tape, PE foam tape, protective film, glass film and automotive materials. Widely used in electronics, advertising, leather, footwear, auto, stationery, decoration and logistics, we also develop customized adhesive products to meet customer needs.",,
"GUANGDONG HELI CUTTER TECHNOLOGY CO., LTD.",heli-steelrule.com,0086 15382820881,marketing@helicutter.com,"1st Floor, Factory Building 2, Guangdong Deyang Equipment Co., Ltd. Phase II, Hudieling Industrial Park, Xiantang Town, Dongyuan County, Heyuan City, Guangdong Province, Heyuan, Guangdong, China",China,"GUANGDONG HELI CUTTER TECHNOLOGY CO., LTD.",AA 021,"Guangdong Heli Cutter Technology Co., Ltd is a manufacturer of cutting rules and punches. We manufacture and supply flat cutting rules in sizes 23.3-23.8/30/32/40/50/60*0.71/1.05/1.42, rotary cutting rules and all kinds of die cut punch (hole punch, spring punch, side punch, etc.). We can also provide all range of other die-cutting materials, including rubber, creasing matrixs, punches, and plywood, etc.",,
"GUANGDONG HIWAY NEW MATERIAL TECHNOLOGY CO., LTD",,0763-3310006,hiwaysimonsu@gmail.com,"15 Xiongxing Industrial Avenue, Yinzhan Community, Longtang Town, Qingcheng District, Qingyuan City, QINGYUAN, GUANGDONG, 511542 China",China,"GUANGDONG HIWAY NEW MATERIAL TECHNOLOGY CO., LTD",tbc,"Founded in 2001, Shenzhen Hiway New Material is headquartered in Bao'an, Shenzhen, focusing on the R&D, production, and sales of UV inks. In 2019, to fulfill the increasing demand of UV ink, we established Guangdong Hiway New Material Technology Co., Ltd. in the National High-tech Zone of Qingyuan, Guangdong, which is a wholly owned subsidiary of Hiway.",,
"GUANGDONG LONGXINGJIAN INTELLIGENT EQUIPMENT CO., LTD",,0086-769-23176553,info@lxjmec.com,"Bajiaowo Industrial, Wanjiang District, Dongguan City, Guangdong Province, China.523000, Dongguan, Guangdong, 523000 China",China,"GUANGDONG LONGXINGJIAN INTELLIGENT EQUIPMENT CO., LTD",B1 B008,"We are a leading professional manufacturer of rigid box making machines, cardboard grooving machines, and slitting machines. With over 19 years of expertise based in Dongguan, China—a renowned global manufacturing hub—our machines have been successfully installed and are operating in more than 50 countries worldwide.",,
"GUANGDONG NEW ERA COMPOSITE MATERIAL CO., LTD.",,+86-768-5819888,thermal@nei.tm,"Huazhuang Street, Chaoan Economic Development Zone, Chaozhou, Guangdong, China 515638, Chaozhou, Guangdong, China",China,"GUANGDONG NEW ERA COMPOSITE MATERIAL CO., LTD.",tbc,We are thermal lamination film manufacturer in China，manufacturing various types of thermal lamination film for printing and packaging industries. We also manufacture food packaging and composite materials for printing and packaging industries.,,
"GUANGDONG QIANRUN MACHINERY SCI & TECH CO.,LTD.",,+86-769-85963666,deqi@vip.163.com,"Dasha road,Dalingshan Town,Dongguan City Guangdong Province,China, Dongguan, Guangdong, China",China,"GUANGDONG QIANRUN MACHINERY SCI & TECH CO.,LTD.",B2 F008,"In-line flexographic printing machine, Logistics label flexographic printing machine, High-speed & Full rotary letterpress printing machine, Roll-to-roll metal material UV Letterpress printing machine, C.I. Flexo printing machine, Digital Platform,Intermittent label printing machine, Sticker printing machine, fully automatic non-stop refueling system, and high-end customized automation equipment""",,
"GUANGDONG QUNRAN LIGHTING CO., LTD",,15007550703,djy917@163.com,"One of Self-compiled Units,4th Floor, Building 3, No.285 Longxi Road, Jianghai District,Jiangmen City,Guangdong Province, China., JIANGMEN, GUANGDONG, China",China,"GUANGDONG QUNRAN LIGHTING CO., LTD",B3 L012,LED Signage Lighting、Advertising Lighting Solutions、Commercial Display Lighting、Furniture and Building Materials,,
"GUANGDONG RHECHEM-RISING NEW MATERIAL CO., LTD.",,+8618988515668,polly@fsrunshine.com,"ROOM 801, BUILDING 7, HAICHUANG DAQI ROBOTICS INTELLIGENT MANUFACTURING CENTER, NO. 3, SECOND BRANCH INDUSTRIAL AVENUE, XIHAI VILLAGE, BEIJIAO TOWN, FOSHAN, GUANGDONG, CHINA, FOSHAN, GUANGDONG, China",China,"GUANGDONG RHECHEM-RISING NEW MATERIAL CO., LTD.",B1 D010,"PRINTING INKS: RHERI1708, RHERI7127, RHERIA1385, RHERI6027；SUBSTITUTE PLASTIC: RHERIU110, RHERIU288, RHERIU222T, RHERIHP1212；BARRIER: RHERI6037, RHERI7007, RHERIA1303, RHERI7090, RHERIHP1208；CIGARETTE PACK: RHERI7095, RHERI7027, RHERIA1708, RHERI7007, RHERI7090, RHERI6027；TRANSFER: RHERIU56, RHERIU52",,
"GUANGZHOU CAINUO ENVIRONMENTAL PROTECTION TECHNOLOGY CO., LTD",,+86 13922192303,13922192303@139.com,"Floor 7, No. 7 Jinsha Road, Yinsha Industrial Zone, Xintang Town, Zengcheng District,Guangzhou，Guangdong, China., Guang zhou, Guang dong, China",China,"GUANGZHOU CAINUO ENVIRONMENTAL PROTECTION TECHNOLOGY CO., LTD",B1 D014,Professional Manufacturer & Supplier of UV Flexo Printing Inks for Packaging Industry,,
"GUANGZHOU CHENYUAN PRINTING MACHINERY CO., LTD.",,,,,China,"GUANGZHOU CHENYUAN PRINTING MACHINERY CO., LTD.",tbc,,,
"GUANGZHOU MANQINGYONG PRINTING EQUIPMENT CO., LTD.",,+86-13631322318,gao10666@vip.163.com,"Room 201, No. 12, Kemulang South Road, Tianhe District, Guangzhou City,GuangDong,China, GuangZhou, GuangDong, China",China,"GUANGZHOU MANQINGYONG PRINTING EQUIPMENT CO., LTD.",B1 M010,"Established in 2015, our company has branches in Guangzhou, China and Bắc Ninh, Vietnam. We are a modern comprehensive enterprise integrating sales, maintenance and after-sales service. The company specializes in the sales of Heidelberg, Komori and Mitsubishi printing presses, the supply of original and compatible spare parts for printing machines, as well as maintenance, servicing and cylinder re-chroming services for printing equipment.",,
"GUANGZHOU OUJIA NEW MATERIAL CO., LTD",cnoujiaacrylic.com,+8613721671281,eason@oujiaacrylic.com,"Room 303, No. 482 Shixin Road, Dalong Street, Panyu District,, Guangzhou, Guangdong, China",China,"GUANGZHOU OUJIA NEW MATERIAL CO., LTD",B2 K062,"Guangzhou Oujia New Material Co., Ltd is a branch of Jiangxi Oujia Industrial Co., Ltd. mainly responsible for the research and development, sales and import and export business of acrylic sheet, Mirror Glitter/Fabric Acrylic Sheet,P S sheet, LGP Diffuser Sheet, PVC Foam BoardMini Letter Sheet,etc",,
"GUANGZHOU POLEEXING DIGITAL TECHNOLOGY CO., LTD.",,86+18620151988,poleexing@163.com,"Room 701, No. 14, Lixin 12th Road, Yongning Street, Zengcheng District, Guangzhou, Guangdong, China, Guangzhou, Guangdong, China",China,"GUANGZHOU POLEEXING DIGITAL TECHNOLOGY CO., LTD.",B1 B012,,,
"Guangzhou SAVEN Technology CO,. Ltd",saven.com.cn,+86 13926282413,daisy@saven.com.cn,"Floor 1, Qixin Road, Guantan Village, TungChung Town, Nansha District,, Guangzhou, Guangdong, China",China,"Guangzhou SAVEN Technology CO,. Ltd",B2 K060,"Guangzhou SAVEN Technology Co., Ltd, established in 2000, is a professional high-tech enterprise, specialized in R&D, design, manufacturing and sales of Eco-solvent ink, UV ink, DTF ink and DTG ink for more than 20 years.",,
"GUANGZHOU WANZUN PLASTIC CO.,LTD",gzwzplastic.com,+86 15875101430,candy@gzwzplastic.com,"102, No. 7 of Dongsheng Sanheng Road, Panyu District,, Guangzhou, Guangdong, China",China,"GUANGZHOU WANZUN PLASTIC CO.,LTD",B3 K016,"Guangzhou Wanzun Plastic Co., Ltd. is a professional manufacturer of acrylic mirror sheets,acrylic sheets,glitter acrylic sheet,PVC sheet and Petg sheet with 11 years of production experience.",,
"GUANGZHOU YINGHE ELECTRONIC INSTRUMENTS CO., LTD",yinghecolor.com,+8618218409072,saleen@yh114.cn,"Room 101,Building 5,No. 50,Qixinggang Road, Luogang, Junhe Street,Baiyun District,, Guangzhou, Guangdong, China",China,"GUANGZHOU YINGHE ELECTRONIC INSTRUMENTS CO., LTD",B2 K057,"Our company mainly supplies large format printers, UV printers, DTF printers, cutting plotters, heat press machines, embroidery machines, CNC routers, laser machines, eco solvent ink, DTF ink, vinyl, flex banners and related accessories.",,
"GUANGZHOU ZHENGHE NEW MATERIAL CO., LTD",,0086 020 86790828,cindy@zh-adhesive.com,"ROOM 040,7TH FLOOR,NO.27, GONGYIAVENUE, XINHUA STREET, HUADUDISTRICT, GUANGZHOU, GUANGDONG, China",China,"GUANGZHOU ZHENGHE NEW MATERIAL CO., LTD",B3 H007,"Guangzhou Zhenghe New Materials Co., Ltd. is a self-adhesive materials manufacturer founded in Guangzhou in 2008. Our brands include Zhenghe Adhesive, Colorcropland, Sike and Beston. We specialize in outdoor anti-fade cutting vinyl, self-adhesive vinyl, lamination films, window films, car wrap films and customized adhesive materials. With strict quality control, flexible MOQ and fast delivery, we serve clients in China and over 30 overseas regions.",,
"HAINING TIANCHENG WARP KNITTING FABRIC CO., LTD",,+86 18267388758,tch3333@hotmail.com,"NO. 11 QingJian Road , Qing Qun Town,, HaiNing, ZheJiang Province, China",China,"HAINING TIANCHENG WARP KNITTING FABRIC CO., LTD",B2 J032,advertising printing textile fabric,,
"HEBEI LE CHENG TECHNOLOGY CO., LTD.",,+86 13833650521,mac@loccin.com,"XIONGXIAN ECONOMIC DEVELOPMEMT ZONE, XIONGAN NEW AREA, CHINA, BAODING, HEBEI, China",China,"HEBEI LE CHENG TECHNOLOGY CO., LTD.",B2 F033,"Loccin established in 2016, which is an enterprise focusing on the R&D, production, and application promotion of thermal lamination film products. Currently, it is one of the top manufacturers in China.",,
HEBEI WANCHANG INDUSTRIAL,,17751621157,ivan@wanchangad.com,"FirstStreetWest,EastAreaOfIndustrialZone, Economic, Baoding, Hebei, China",China,HEBEI WANCHANG INDUSTRIAL,C3 N019,"R&D, Production, and sales of high-quality PVC foam Board.",,
"Hebei Wanchang Industrial Co., Ltd.",,,,,China,"Hebei Wanchang Industrial Co., Ltd.",C3 N019,,,
"HEBEI XINGUANG CARTON MACHINERY MANUFACTURING CO., LTD",,+86 317 7751118,jameszhang@hb-xg.com,"3KM THE SOUTH OF DONGGUANG COUNTY THE EAST OF 104 NATIONAL HIGHWAY, CANGZHOU CITY, HEBEI PROVINCE, CHINA, CANGZHOU, HEBEI, 061600 China",China,"HEBEI XINGUANG CARTON MACHINERY MANUFACTURING CO., LTD",AP 014,"Hebei Xinguang Carton Machinery Manufacture Co., Ltd. was established in 2006.We can produce single corrugated cardboard production line, middle and high speed 3ply, 5ply and 7ply corrugated cardboard production line, computer control helical knife cutter, flexo printing slotting machine and other carton machines. High speed corrugated cardboard production line use computer control and quick change corrugated roller design. Change the corrugated roller only need 10 minutes.",,
"HEIDELBERG INDONESIA, PT",heidelberg.com,+49 (0)6221 92 00,hidmarketing@heidelberg.com,"Kurfuersten-Anlage 52-60 69115 Heidelberg Germany, Heidelberg, Heidelberg, 69115 Germany, Heidelberg, Heidelberg, Germany",Indonesia,"HEIDELBERG INDONESIA, PT",AB 006,"Heidelberger Druckmaschinen Aktiengesellschaft is an innovative technology company with a leading position in the global printing industry. As a reliable and highly innovative partner, we have been synonymous with quality and future viability for more than 175 years. Our core business is oriented toward the needs of our customers in our target markets of packaging and label printing as well as special and advertising printing (commercial printing).",,
HP BEST ENTERPRISE SDN BHD,hpbest2u.com,01131426543,helen.hpbest@gmail.com,"No 11 Jalan TU 61 Taman Tasik Utama Ayeh Keroh 75450 Hang Tuah Jaya Melaka, MELAKA, MELAKA, Malaysia",Malaysia,HP BEST ENTERPRISE SDN BHD,AS 015,"Manufacturing and Converting of Thermal Paper, POS Rolls, ATM Rolls, Cash Register Rolls and OEM Printing Solutions.",,
"Huai Ho Tech Co., Ltd",,,,,China,"Huai Ho Tech Co., Ltd",AN 022,,,
"HUAI HO TECH CO.,LTD",huaiho.com,17368833068,kayson@huaiho.com,"Bengbu Tongling Modern Industrial Park, Xinmaqiao townGuzhen County, Bengbu City, Anhui Province, CN, Bengbu, Anhui, China",China,"HUAI HO TECH CO.,LTD",AP 016,/,,
"HUBEI HENGYAN NEW MATERIAL TECHNOLOGY CO., LTD.",,86-18086397381,blazeryiu@hotmail.com,"No.1 Liangji South Road, Economic Development Zone, Anlu, Hubei, China, Shanghai, Shanghai, 432600 China",China,"HUBEI HENGYAN NEW MATERIAL TECHNOLOGY CO., LTD.",B3 H013,,,
"HUIZHOU CITY PRINSTAR TECHNOLOGY CO.,LTD.",gd-prinstar.com,+86-752-6908184,szyuheping@163.com,"Huangxi Crossing, Shiwan Town, Boluo County, Huizhou City, Guangdong Province, China, Huizhou, Guangdong, China",China,"HUIZHOU CITY PRINSTAR TECHNOLOGY CO.,LTD.",tbc,"The main products are UV(UV-LED) curing offset ink, UV(UV-LED) curing screen ink, UVlUv-LED) varnish,water-base varnish，and adhesives.",,
"HUIZHOU HYPER TAI CO., LTD",hypertai.com,13828895727,wwu@hypertai.com,"Room 1-101, Building B5, No. 339 shangwei Group, fengshan Vilage, Yuanzhou Town, Boluo County, Guangdong Province, HUIZHOU, Guangdong, China",China,"HUIZHOU HYPER TAI CO., LTD",AL 016,"Ink agent: Agent sales of Hangzhou Toka ink, for all kinds of printing needs to provide high-quality ink solutions. Plate material supply: Sales of Hypertai HT-1 plate material, to ensure excellent printing effect, to meet the needs of different presses. Printing materials supply: Provide a variety of high-quality printing materials for the printing industry to ensure smooth production processes.",,
"HUIZHOU SAILIDA CHEMICAL CO., LTD.",sailidachem.com,+86 18224029385,chenzhelingapply@163.com,"No. 10, JINDA Road, Honghai new material industrial park, Yonghu Town, Huiyang District, Huizhou City, Guangdong Province., Huizhou, Guangdong, China",China,"HUIZHOU SAILIDA CHEMICAL CO., LTD.",B2 F010,"Huizhou Sailida Chemical Co., Ltd. in Huizhou, Guangdong has nearly 30‑year experience in packaging adhesives & surface‑treatment products. We supply laminating, fine‑mounting and polyurethane adhesives with customized solutions. Our Vietnam subsidiary serves Southeast Asia with professional technical support.",,
"INDO TEE GROUP, PT",,,,,Indonesia,"INDO TEE GROUP, PT",B3 L007,,,
"INDOSERI NUSA PRINTAMA, PT",,,,,Indonesia,"INDOSERI NUSA PRINTAMA, PT",C3 P012,,,
"INOVASI LINGKUNGAN LESTARI, PT",,,,,Indonesia,"INOVASI LINGKUNGAN LESTARI, PT",C3 H015,,,
"ISPAS NUSA PRINTAMA, PT",,0857-3154-0674,ispassignmart09@gmail.com,"KAWASAN INDUSTRI TAMAN TEKNO BSD SEKTOR XI, E1, 9, SETU, SETU, KOTA TANGERANG SELATAN, BANTEN, 15314, Kota Tangerang Selatan, Banten, 15314 Indonesia",Indonesia,"ISPAS NUSA PRINTAMA, PT",C3 I035,PT ISPAS NUSA PRINTAMA bergerak di bidang Digital Machine And Suppliyer Printing,Kota Tangerang Selatan,
"JIANGMEN HENGYUAN LABEL TECHNOLOGY CO., LTD.",hengyuanlabel.com,+86 15216997985,hys07@chinahypaper.com,"Plot on the West Side of Jibei Sea (Factory Building No.1),Planned Area G,Shuangshui Town,Xinhui District,Jiangmen City,Guangdong Province,China, Jiangmen, Guangdong, China",China,"JIANGMEN HENGYUAN LABEL TECHNOLOGY CO., LTD.",B2 F007,"HY Label (Jiangmen Hengyuan Label Technology Co., Ltd.) is located in Jiangmen, Guangdong. Founded in 2003, our 17,000‑sq.m factory has 100+ staff, equipped with 3 coating lines and 30+ slitting & die‑cutting machines. Monthly capacity reaches 24 million sq.m, annual output exceeds 280 million sq.m. We provide various self‑adhesive label materials, including thermal, paper, film, inkjet and specialty label stock for multiple industry applications.",,
"JIANGSU AOLI NEW MATERIALS CO., LTD",aolimaterials.com,+86-510-83803198,aolimaterials@aoli-ad.com,"333 Tuanjie North Road, Xishan District,, Wuxi, Jiangsu, China",China,"JIANGSU AOLI NEW MATERIALS CO., LTD",B3 H005,"AOLI founded in1998，which is a professional manufacturer of printing materials, display materials, Label Materials and Digital Printing Canvas & fabrics which combines research and development, production and sales.",,
"JIANGXI HONGXIN NEW MATERIALS CO., LTD.",,+86 19979346842,xiaokemingsj@163.com,"No. 3, Geyuan Road, Economic Development Zone, Hengfeng County, Shangrao City, Jiangxi Province, Shangrao, Jiangxi, China",China,"JIANGXI HONGXIN NEW MATERIALS CO., LTD.",B2 F029,"Jiangxi Hongxin New Materials Co., Ltd. (est.2022) produces glassine paper, composite‑coated & thermal label papers. Full‑process production ensures strict quality. ISO‑certified, we supply cost‑effective materials with OEM&ODM, exporting to America, Australia, Asia and Europe.",,
JIANGXI OUNUO ACRYLIC TEC. CO. LTD.,jxounuo.com,+86 18219593553,jack@jxounuo.com,"Lufang Industrial Zone Jinxi Industrial Park, Jinxi County,, Fuzhou City, Jiangxi, China",China,JIANGXI OUNUO ACRYLIC TEC. CO. LTD.,B3 H025,"Jiangxi Ounuo acrylic Technology Co., Ltd. was founded on 2013 and be located in Lufang Industrial Park, Jinxi County, Fuzhou City, Jiangxi China. With a total investment of US$50 millions. It has 8 modern production equipments, covering an area of 153 thousand squear meter. It is a national high-tech enterprise with an annual output of more than 40 thousand tons of acrylic sheet.",,
"JIANGXI OUNUO ACRYLIC TECHNOLOGY CO., LTD",,,,,China,"JIANGXI OUNUO ACRYLIC TECHNOLOGY CO., LTD",B3 H011,,,
"JNJ, CV",,0811606400,sysformindonesia@gmail.com,"Prima Centre 41, Tubagus Angke, Jakarta Barat, Kota Jakarta Barat, DKI Jakarta, Indonesia",Indonesia,"JNJ, CV",C3 P017,Finishing Printing,Kota Jakarta Barat,
"KANEFUSA INDONESIA, PT",kanefusa.net,+62 21 897 0360,sales@kanefusa.co.id,"EJIP Industrial Park, Jl. Ciujung Plot 8 D, South Cikarang, Bekasi 17530, West Java, Indonesia, Kabupaten Bekasi, Jawa Barat, Indonesia",Indonesia,"KANEFUSA INDONESIA, PT",AS 007,"Kanefusa supplies knives and circular sawblades for wood processing, Cold sawblade for metal processing, Diamond sawblade for ceramic industry and other cutting tools for various materials that customer would like to cut.",Kabupaten Bekasi,
"KINGPACK MACHINERY MANUFACTURER CO.,LTD",kingpackmachinery.com,86-769-82882167,bruce@dgkingpack.com,"101#Building 3 song gang lndustrial area Huaide Management Humen Town Dongguan City 523000 Guanggong PR.China, Dongguan, Guanggong, 523000 China",China,"KINGPACK MACHINERY MANUFACTURER CO.,LTD",tbc,"The KINGPACK MACHINERY GROUP is a professional manufacturer in design, production and maintenance of equipment solutions for paper packaging product such as Paper boxes, Hard covers, Paper handles. We offer more than thousands of customers worldwide through our brands: Kingpack Machinery, XJ Machinery, and Donggong Machinery. After decades cumulative experience, the equipment we provide is more sophisticated and durable, whether control system or structures.",,
Kingswood Technology Indonesia,,,,,Indonesia,Kingswood Technology Indonesia,AL 006,,,
"KINGSWOOD TECHNOLOGY INDONESIA, PT",,Kingswood Inks Indonesia,corwin.kingswood@gmail.com,"PURI INDAH FINANCIAL TOWER LANTAI 5 UNIT 6, PURI LINGKAR DALAM BLOK T-8 RT. 001 RW. 002, KEMBANGAN SELATAN, KEMBANGAN, KOTA ADM. JAKARTA BARAT, DKI JAKARTA, Kota Jakarta Barat, DKI Jakarta, Indonesia",Indonesia,"KINGSWOOD TECHNOLOGY INDONESIA, PT",AL 006,,Kota Jakarta Barat,
"KLASER TECHNOLOGY INDONESIA, PT",,6326501,shuto_wijaya@gmail.co,"Pusat Niaga Roxy Mas, Blok E2 No. 44, Jl. KH. Hasyim Ashari 125, Cideng, Gambir, Kota Jakarta Pusat , DKI Jakarta, Kota Jakarta Pusat, DKI Jakarta, 10150 Indonesia",Indonesia,"KLASER TECHNOLOGY INDONESIA, PT",AS 011,"Manufacturing PET dan OPP Metalize Hologram Pattern, security Hologram, Paper Metalized Hologram.",Kota Jakarta Pusat,
KOBEX,,,,,Japan,KOBEX,AS 035,,,
KREASINDO MANDIRI ADVERTISING,,+62 895-3960-15588,allikreasindo@gmail.com,"Ruko Griya Niaga Blok 49 No. 23, 21, dan 20, Jl. Limo Raya , Kec. Limo, Kota Depok, Jawa Barat, Indonesia",Indonesia,KREASINDO MANDIRI ADVERTISING,C3 B015,"Kreasindo Mandiri Advertising bergerak di bidang Advertising, Custom Souvenir, dan Manufacturing Produk Penghargaan, dengan spesialisasi pada produksi plakat akrilik, trophy, medali, pin, nametag, box plakat, serta berbagai produk custom. Kami melayani kebutuhan perusahaan, instansi, sekolah, universitas, organisasi, event organizer, percetakan, dan berbagai kegiatan/event, dengan produk yang dapat disesuaikan berdasarkan bentuk, ukuran, material, desain, dan kebutuhan pelanggan.",Kota Depok,
KTL TEKNO PRIMA,,085883002014,ketenglongteknoprima@gmail.com,"Citra Raya BIZZLINK, Ruko BIZZWALK Blok N No.02/372, Cikupa, Kab. Tangerang, Banten 18710, Kota Jakarta Barat, DKI Jakarta, Indonesia",Indonesia,KTL TEKNO PRIMA,AL 017,Distibutor Mesin Karton dan Sparepart,Kota Jakarta Barat,
Kuen Yuh Machinery Engineering,,,,,Taiwan,Kuen Yuh Machinery Engineering,AS 018,,,
"LAYSANDER TECHNOLOGY, PT",laysander.com,(021) 5316 1450,care@laysander.com,"Jl. Pahlawan Seribu, Ruko Golden Boulevard Blok R No. 21, BSD City, Tangerang Selatan, Banten, 15321 Indonesia, Kota Tangerang Selatan, Banten, 15321 Indonesia",Indonesia,"LAYSANDER TECHNOLOGY, PT",B3 E027,Distributor Mesin Digital Printing yang Bisa Bantu Bisnis Anda Profitable.,Kota Tangerang Selatan,
"LECCO (KAIPING) ADHESIVE PRODUCTS CO., LTD.",,+86 18938783802,sales@suncrown.com,"Building 1-10, No.69 Xingyuan Avenue, Cangcheng Town, Kaiping City, Jiangmen, Guangdong Province, China., Jiangmen, Guangdong, China",China,"LECCO (KAIPING) ADHESIVE PRODUCTS CO., LTD.",B1 M005,"LECCO GROUP, founded in 1993, mainly producing self-adhesive materials, laminating films, etc., with an annual output of over 700 million square meters. Nowadays, we are at the forefront of the adhesive industry, successfully providing high-quality labeling solutions for various industries. Our brand, Suncrown’s sales have now reached over 30 countries worldwide.",,
LETOP PRINTER INDONESIA,,,,,Indonesia,LETOP PRINTER INDONESIA,C3 F007,,,
"LOVE MOLLY (SHANGHAI) NEW MATERIAL TECHNOLOGY CO., LTD",,86 13621768196,anna@aml-acrylic.com,"Room 1001, Area B, No. 5515 Qingsong Road, Qingpu District, Shanghai CHINA, Shanghai, Shanghai, China",China,"LOVE MOLLY (SHANGHAI) NEW MATERIAL TECHNOLOGY CO., LTD",B3 H019,"AML manufactures acrylic, PVC & LGP boards. Brands ALMOLLY, AML, STS serve global clients with quality, innovation and win-win cooperation.",,
"LOVE MOLLY(Shanghai)New Material Technology Co., Ltd",,,,,China,"LOVE MOLLY(Shanghai)New Material Technology Co., Ltd",B3 H019,,,
"MAGHA MAKMUR PERSADA, PT (ROLAND INDONESIA)",,031-3822158,moniclaubest@gmail.com,"Ruko Mahkota Palace, Blok A8, Jl. Kenjeran No.633, Dukuh Sutorejo, Kec. Mulyorejo, Surabaya, Jawa Timur 60134, Kota Surabaya, Jawa Timur, 60113 Indonesia",Indonesia,"MAGHA MAKMUR PERSADA, PT (ROLAND INDONESIA)",B3 E025,"Leading supplier of printing machines and ink solutions in Indonesia. Founded with the goal of fostering growth in the country's printing industry, we pride ourselves on delivering innovative, high-quality products and exceptional service. With over 10 years of experience, our team of skilled professionals is dedicated to providing reliable and efficient solutions to meet your printing needs.",Kota Surabaya,
"MAGHA SUKSES MANDIRI, PT (GRANDO INDONESIA)",,031-3822158,grandoindonesia@gmail.com,"JL.KENJERAN 633 RUKO MAHKOTA PALACE BLOK A-8, Kota Surabaya, Jawa Timur, 60113 Indonesia",Indonesia,"MAGHA SUKSES MANDIRI, PT (GRANDO INDONESIA)",B3 E015,"Leading supplier of printing machines and ink solutions in Indonesia. Founded with the goal of fostering growth in the country's printing industry, we pride ourselves on delivering innovative, high-quality products and exceptional service. With over 10 years of experience, our team of skilled professionals is dedicated to providing reliable and efficient solutions to meet your printing needs.",Kota Surabaya,
MARVEL INDONESIA PRATAMA & POLYGRAF,,081292088881,polygraf.mkt@gmail.com,"Tritan Point C10, Kota Surabaya, Jawa Timur, Indonesia",Indonesia,MARVEL INDONESIA PRATAMA & POLYGRAF,AS 013,polymer plate,Kota Surabaya,
MATERIAL MAS MANUFACTURING,,,,,Indonesia,MATERIAL MAS MANUFACTURING,C3 N017,,,
"MILLION TON NEW MATERIAL (SUZHOU) CO., LTD",million-ton.com,008615251684595,tiffanychao@million-ton.com,"Address: No.6, Anmin Road, Xiangcheng District- 215142 Suzhou, China., SUZHOU, Jiangsu, 215143 China",China,"MILLION TON NEW MATERIAL (SUZHOU) CO., LTD",B1 M003,"MILLION-TON team provides sublimation paper , DTF film and related printing supplies. If feel interested pls feel free to let us know .",,
"MIMAKI INDONESIA, PT",indonesia.mimaki.com,(021) 65307942,idn.mimaki@gmail.com,"Jl. Danau Sunter Barat No.13 Blok A-3, Sunter Agung, Kec. Tj. Priok, Jkt Utara, Daerah Khusus Ibukota Jakarta 14350, Kota Jakarta Utara, DKI Jakarta, 14350 Indonesia",Indonesia,"MIMAKI INDONESIA, PT",C3 L015,"Mimaki is a leading manufacturer of wide-format inkjet printers and cutting machines for the sign/graphics, textile/apparel and industrial market.",Kota Jakarta Utara,
"MR AUTOMATION TECHNOLOGY (KUNSHAN) CO., LTD.",,86 13776334613,76299383@qq.com,"No.376,WanAn RD,Zhoushi Town Kunshan city,jiangsu Province.China, Kunshan, jiangsu, China",China,"MR AUTOMATION TECHNOLOGY (KUNSHAN) CO., LTD.",B2 F009,"M.R Automation Technology (Kunshan) Co., Ltd. specializes in high‑tech ceramic anilox rolls. Using international thermal‑spraying & laser‑engraving technologies, we supply diverse ceramic and eco‑friendly knurled rolls. Well‑equipped with complete processing & testing facilities, supported by experienced teams and senior experts. We strive to be your reliable partner with quality products and services.",,
"NANJING HANRUN PAPER CO., LTD",hanrunpaper.com,+86 18936865061,info@hanrunpaper.com,"Building 3, Yinghui Industrial Park, 129 Suyuan Avenue, Moling Subdistrict, Jiangning District,, Nanjing, Jiangsu Province, China",China,"NANJING HANRUN PAPER CO., LTD",B3 K018,"Since 2009, Hanrun Paper has been dedicated to digital printing, driven by innovation and a commitment to efficiency, quality, and sustainability. As digital manufacturing and personalized applications grow worldwide, we continue to advance digital printing across sublimation, DTF, UV, and DTG. Today, Hanrun Paper provides an integrated ecosystem spanning materials R&D and manufacturing, equipment development, technical support, and digital printing solutions for customers worldwide.",,
"NANO SNG, PT",nanosng.com,02126060225,nanosngcs@gmail.com,"Pergudangan Central Cakung Blok H2 No19 Rorotan Jakarta Utara, Kota Jakarta Utara, DKI Jakarta, Indonesia",Indonesia,"NANO SNG, PT",C3 E027,"Nano SNG was established in 2001. We started to provide various types of digital printing machines, cutting plotters, flatbed plotters and the new products we sell are various types of textile printing machines, media and inks. By adopting new technology we provide high quality products and always strive to provide the best service for customer satisfaction.",Kota Jakarta Utara,
Novares Digital (Shanghai) Technology,,,,,China,Novares Digital (Shanghai) Technology,C3 M015,,,
"OKINDO PERDANA, PT",,,,,Indonesia,"OKINDO PERDANA, PT",B3 L010,,,
PAPER GALLERY,paper-gallery.com,08129308995,bachtiar@paper-gallery.com,"Ruko CBD Pluit Blok C No. 2, Emporium Pluit Mall Jalan Pluit Selatan Raya, Kota Jakarta Utara, DKI Jakarta, 14440 Indonesia",Indonesia,PAPER GALLERY,C3 P017,Creative Fancy Paper,Kota Jakarta Utara,
PAPERWORKS,,021 22554750,purchasing@paperworks.asia,"PERGUDANGAN SENTRA KOSAMBI BLOK 12 NO B8, TANGERANG 15213 BANTEN, Kota Tangerang, Banten, 15213 Indonesia",Indonesia,PAPERWORKS,C3 J015,"PT UNITED FRIENDS INDONESIA (PAPERWORKS) adalah Unit usaha yang bergerak dibidang usaha distribusi bahan baku digital printing yang telah berdiri sejak tahun 2007 dengan basis customer dari sabang sampai merauke dan dengan produk utamanya adalah bahan Outdoor, Indoor, Tinta dan Mesin.",Kota Tangerang,
"PERDANA BANGUN PUSAKA, PT",,021-4521888,info@ricoh.perdanagroup.id,"20W Pasir Panjang Road, #04-28 Mapletree Business City,, Singapore, Singapore, 117439 Singapore",Indonesia,"PERDANA BANGUN PUSAKA, PT",B3 B007,"A world-leading provider of workplace technology, Ricoh is all about improving work life by providing better user experiences, optimised workflows, anytime anywhere collaboration, and digital infrastructure solutions.",,
"PERDANA JATIPUTRA, PT",perdana.biz,0214248809,marketing@perdana.biz,"JL. BUNGUR BESAR NO.89, KEMAYORAN, JAKARTA PUSAT, 10620, Kota Jakarta Pusat, DKI Jakarta, 10620 Indonesia, Kota Jakarta Pusat, DKI Jakarta, 10620 Indonesia",Indonesia,"PERDANA JATIPUTRA, PT",C3 C027,Our company specializes in Digital Printing with multiple brands - Konica Minolta - Centuria - Domino,Kota Jakarta Pusat,
"PERDANA JATIPUTRA, PT - PERDANA CENTURIA",centuria.biz,0214248809,perdanacenturia@gmail.com,"Perdana Jatiputra. PT - Jakarta 8, Jl. Bungur Besar Raya No.89, RT.8/RW.1, Kemayoran, Kec. Kemayoran, Kota Jakarta Pusat, Daerah Khusus Ibukota Jakarta 10620, Kota Jakarta Pusat, DKI Jakarta, Indonesia",Indonesia,"PERDANA JATIPUTRA, PT - PERDANA CENTURIA",C3 C027,"Perdana Centuria adalah divisi bisnis dari PT Perdana Jatiputra yang berfokus pada solusi digital printing berbasis teknologi tinggi, khususnya di lini Large Format Printing (LFP). Kami hadir untuk memberikan dukungan nyata bagi pelaku industri percetakan melalui rangkaian produk mesin cetak dan tinta berkualitas yang dirancang untuk efisiensi produksi dan hasil cetak yang unggul.",Kota Jakarta Pusat,
POJ VISUAL,,,,,Indonesia,POJ VISUAL,B2 G034,,,
"POLYCHEMIE ASIA PACIFIC PERMAI, PT",polychemie.co.id,+62 21 720 2563,info@polychemie.co.id,"JL. Raya Kebayoran Lama No.15 Jakarta Selatan 12220 – Indonesia, Kota Jakarta Selatan, DKI Jakarta, 12220 Indonesia",Indonesia,"POLYCHEMIE ASIA PACIFIC PERMAI, PT",AS 005,"pembuatan perekat, produk berbasis polimer dan Kimia Khusus.",Kota Jakarta Selatan,
PRINTMATE INDONESIA,,,,,Indonesia,PRINTMATE INDONESIA,C3 K027,,,
PRINTSOFT,printsoft.co.id,081386443090,admprintsoft@gmail.com,"Jl. Semampir Tengah IIIA No. 19 Kel. Medokan Semampir Kec. Sukolilo Surabaya, Kota Surabaya, Jawa Timur, 60119 Indonesia",Indonesia,PRINTSOFT,B3 A015,"Printsoft is a company focused on IT development for print providers. It offers websites, desktop software, and Android and iOS apps.",Kota Surabaya,
PT.CITRA SUKSES PERSADA,,,,,Indonesia,PT.CITRA SUKSES PERSADA,B3 L003,,,
"QINGDAO JINTAIHONG TRADING CO., LTD.",,+86 15820024887,huangxuhua@henghengtai.com,"Unit 6-102, 68 Jiefang Avenue, Longquan Subdistrict, Jimo District,, Shandong, Qingdao, China",China,"QINGDAO JINTAIHONG TRADING CO., LTD.",B2 K059,"Specializing in the manufacture of printing machines for approximately 20 years, our company features advanced production hardware, together with seasoned technical and R&D personnel. Our complete product lineup can fulfill the majority of clients’ requirements. OEM and ODM services are supported, alongside our full range one stop solutions.",,
"QINGZHOU HENGSHUN PACKING MATERIALS CO., LTD",,00865363280655,carollay@126.com,"East Side of Kangsheng Northbound First, Economic Development Zone, Qingzhou City, Qingzhou, SHANDONG, China",China,"QINGZHOU HENGSHUN PACKING MATERIALS CO., LTD",B1 C008,,,
"QINGZHOU SUNSHINE INK CO., LTD.",sunshine-ink.com,+ 86 13361566543,evan@sunshineink.com.cn,"No. 2658, Xiankelai North Road, Qingzhou Economic Development Zone, Shandong Province, China, 262500, Qingzhou, Shandong, China",China,"QINGZHOU SUNSHINE INK CO., LTD.",B1 C010,"Manufacturer of solvent‑based printing inks for flexo and gravure printing, mainly for plastic film, aluminum foil, PP woven and Non-woven fabric.",,
"QIRINDO TEKHNIK MANDIRI, PT",,,,,Indonesia,"QIRINDO TEKHNIK MANDIRI, PT",B2 E027,,,
"RACESUPER NIAGA INDONESIA, PT",dg-racesuper.com,+62082310028990,racesuper21@gmail.com,"Skynindo Group Building Lantai 3, Jalan Dr. Susilo Raya Nomor 23,Desa/Kelurahan Grogol, Kec. Grogol Petamburan, Kota Adm. JakartaBarat, Provinsi DKI Jakarta,, Kota Jakarta Barat, DKI Jakarta, Indonesia",Indonesia,"RACESUPER NIAGA INDONESIA, PT",C3 P020,"DTF FILM, DTF INK, DTF POWDER",Kota Jakarta Barat,
"RADIAN GILANG JAYA, PT",,,,,Indonesia,"RADIAN GILANG JAYA, PT",AS 027,,,
RAFA INDONESIA,rafaindonesia.co.id,085156572157,rafaindonesia88@gmail.com,"Pergudangan daan mogot eraprima blok h 17 Jl. Daan Mogot No.17 Blok H, RT.004/RW.001, Poris Gaga Baru, Kec. Batuceper, Kota Tangerang, Banten 15122, Kota Tangerang, Banten, 15122 Indonesia",Indonesia,RAFA INDONESIA,C3 F027,"Rafa Indonesia adalah distributor mesin finishing percetakan terlengkap dan terpecaya sejak tahun yang 2008. Produk yang di sediakan Rafa Indonesia meliputi: mesin jilid lem panas, mesin pemotong kertas, mesin laminating, mesin jilid spiral kawat,dan mesin- mesin finishing lainnya.",Kota Tangerang,
REXOLUSI,rexolusi.com,085336582922,info@rexolusi.com,"Jalan Dharmawangsa 72a Lt. 3 Gubeng, Surabaya, Kota Surabaya, Jawa Timur, 60286 Indonesia",Indonesia,REXOLUSI,AS 032,"We simplify complex business processes through efficient, scalable software solutions — delivering measurable impact where it matters most.",Kota Surabaya,
Riau Andalan Paperboard International,,,,,Indonesia,Riau Andalan Paperboard International,AA 006,,,
"RIK INDUSTRIES INDONESIA, PT",rikind.com,085218400935,rikindo0919@rikind.com,"Ruko Mega Grosir Cempaka mas Blok D1 no. unit 37, jakarta, jakarta pusat, Italy",Indonesia,"RIK INDUSTRIES INDONESIA, PT",AX 004,Authorized Distributor,,
"ROTANDA PLASTIC (SHENZHEN) CO.,LTD",,,,,China,"ROTANDA PLASTIC (SHENZHEN) CO.,LTD",tbc,,,
"ROTARY TECHNOLOGY (GUANGZHOU) CO., LTD.",,,,,China,"ROTARY TECHNOLOGY (GUANGZHOU) CO., LTD.",B1 M014,,,
"SANCO INDONESIA, PT",,,,,Indonesia,"SANCO INDONESIA, PT",AE 006,,,
"SANHAO INDONESIA, PT",,,,,Indonesia,"SANHAO INDONESIA, PT",B3 C007,,,
"SANSERITA JAYA, PT",,,,,Indonesia,"SANSERITA JAYA, PT",B3 L001,,,
"SANSIN INDONESIA, PT",,,,,Indonesia,"SANSIN INDONESIA, PT",AI 006,,,
SETIAWAN SEDJATI,,,,,Indonesia,SETIAWAN SEDJATI,C3 I015,,,
"SETIAWAN SEDJATI, PT",,,,,Indonesia,"SETIAWAN SEDJATI, PT",C3 I015,,,
"SHANDONG HUIFENG HECHANG NEW MATERIALS CO., LTD.",,,,,China,"SHANDONG HUIFENG HECHANG NEW MATERIALS CO., LTD.",B2 G026,,,
"SHANGHAI CONGZHUO INDUSTRIAL CO., LTD",,,,,China,"SHANGHAI CONGZHUO INDUSTRIAL CO., LTD",AS 020,,,
"Shanghai Eternal Machinery Co., Ltd. (Eterna)",,,,,China,"Shanghai Eternal Machinery Co., Ltd. (Eterna)",AS 040,,,
Shanghai Gaobang Printing Materials,,,,,China,Shanghai Gaobang Printing Materials,tbc,,,
"SHANGHAI GAOBANG PRINTING MATERIALS CO., LTD.",,,,,China,"SHANGHAI GAOBANG PRINTING MATERIALS CO., LTD.",tbc,,,
Shanghai HeXuan Industrial,,,,,China,Shanghai HeXuan Industrial,C3 M015,,,
"SHANGHAI KASU INTELLIGENT TECHNOLOGY CO., LTD",,,,,China,"SHANGHAI KASU INTELLIGENT TECHNOLOGY CO., LTD",B3 K015,,,
"SHANGHAI KETCHVIEW PRINTING MACHINERY CO.,LTD.",,,,,China,"SHANGHAI KETCHVIEW PRINTING MACHINERY CO.,LTD.",B1 C007,,,
"SHANGHAI SHENLEI LASER TECHNOLOGY CO., LTD",,,,,China,"SHANGHAI SHENLEI LASER TECHNOLOGY CO., LTD",B2 K051,,,
"SHANGHAI SHENLEI LASER TECHNOLOGY CO.,LTD",,,,,China,"SHANGHAI SHENLEI LASER TECHNOLOGY CO.,LTD",B2 K051,,,
"SHANGHAI YUNCHENG PLATE MAKING CO., LTD",,,,,China,"SHANGHAI YUNCHENG PLATE MAKING CO., LTD",tbc,,,
"SHENZEN MINGDA TECHNOLOGY CO., LTD",,,,,China,"SHENZEN MINGDA TECHNOLOGY CO., LTD",C3 P010,,,
"Shenzhen Hadesheng Precision Technology INC., LTD.",,,,,China,"Shenzhen Hadesheng Precision Technology INC., LTD.",B1 D016,,,
SHENZHEN HEIGHT-LED TECHNOLOGY COMPANY LIMITED,,,,,China,SHENZHEN HEIGHT-LED TECHNOLOGY COMPANY LIMITED,AS 025,,,
"SHIN-FU DIGITAL TECHNOLOGY CO., LTD.",,,,,China,"SHIN-FU DIGITAL TECHNOLOGY CO., LTD.",B2 F017,,,
"SINAR BLING BLING, PT",,,,,Indonesia,"SINAR BLING BLING, PT",C3 N017,,,
SINOSUN,,,,,China,SINOSUN,AE 006,,,
"SOGOOD PHOTOSENSITIVE NEW MATERIALS (HUIZHOU) CO., LTD.",,,,,China,"SOGOOD PHOTOSENSITIVE NEW MATERIALS (HUIZHOU) CO., LTD.",tbc,,,
SWONDER,,,,,Indonesia,SWONDER,B2 E035,,,
SYSFORM,,,,,Indonesia,SYSFORM,C3 F035,,,
"TAESIN INDONESIA, PT",,,,,Indonesia,"TAESIN INDONESIA, PT",C3 C007,,,
"TIANJIN YONGLIQI PAPER MACHINERY CO.,LTD",,,,,China,"TIANJIN YONGLIQI PAPER MACHINERY CO.,LTD",B1 C015,,,
"TOPROSO ECO-TECH MATERIAL CO., LTD.",,,,,China,"TOPROSO ECO-TECH MATERIAL CO., LTD.",B1 A020,,,
"TOSI JASINDO, PT",,,,,Indonesia,"TOSI JASINDO, PT",AS 040,,,
"UNIMES PUSAKA GEMILANG, PT",,,,,Indonesia,"UNIMES PUSAKA GEMILANG, PT",AX 008,,,
"VISCO INTER PRATAMA, CV",,,,,Indonesia,"VISCO INTER PRATAMA, CV",B3 B027,,,
VISIMEDIA,,,,,Indonesia,VISIMEDIA,B3 K008,,,
"WENZHOU CHAOXU MACHINERY CO.,LTD",,,,,China,"WENZHOU CHAOXU MACHINERY CO.,LTD",B2 E015,,,
"WENZHOU HONGYANG MACHINERY CO.,LTD",,,,,China,"WENZHOU HONGYANG MACHINERY CO.,LTD",B1 B010,,,
"WENZHOU KALEFU PACKAGING MATERIALS CO., LTD.",,,,,China,"WENZHOU KALEFU PACKAGING MATERIALS CO., LTD.",B2 F026,,,
"WENZHOU LONGHUA MACHINERY CO.,LTD.",,,,,China,"WENZHOU LONGHUA MACHINERY CO.,LTD.",AP 015,,,
"WENZHOU RUIYIN IMPORT & EXPORT CO., LTD",,,,,China,"WENZHOU RUIYIN IMPORT & EXPORT CO., LTD",B3 G008a,,,
"WENZHOU ZHANXIN NEW MATERIALS TECHNOLOGY CO., LTD",,,,,China,"WENZHOU ZHANXIN NEW MATERIALS TECHNOLOGY CO., LTD",tbc,,,
WINPACK INDUSTRI INTERNASIONAL,,,,,Indonesia,WINPACK INDUSTRI INTERNASIONAL,AS 030,,,
"WINPACK INDUSTRI INTERNASIONAL, PT",,,,,Indonesia,"WINPACK INDUSTRI INTERNASIONAL, PT",AS 030,,,
Wirama Refill,,,,,Indonesia,Wirama Refill,B3 L011,,,
"WOHING OVERTEK PRESISI, PT",,,,,Indonesia,"WOHING OVERTEK PRESISI, PT",AS 004,,,
"XIAMEN ZEREN PAPER INDUSTRY CO., LTD.",,,,,China,"XIAMEN ZEREN PAPER INDUSTRY CO., LTD.",B2 F014,,,
"XINYASHI (TIANJIN) TECHNOLOGY CO.,LTD",,,,,China,"XINYASHI (TIANJIN) TECHNOLOGY CO.,LTD",B1 B007,,,
"YESUN INDONESIA TEKNIK DIGITAL PRINTING, PT",,,,,Indonesia,"YESUN INDONESIA TEKNIK DIGITAL PRINTING, PT",C3 H027,,,
"YICHANG YIMING PAPER PRODUCTS CO., LTD",,,,,China,"YICHANG YIMING PAPER PRODUCTS CO., LTD",B1 D012,,,
"ZHEJIANG YAOJIA MACHINERY CO.,LTD.",,,,,China,"ZHEJIANG YAOJIA MACHINERY CO.,LTD.",tbc,,,
"ZHEJIANG ZHONGTE MACHINERY TECHNOLOGY CO., LTD.",,,,,China,"ZHEJIANG ZHONGTE MACHINERY TECHNOLOGY CO., LTD.",AP 017,,,
"ZHEN CHANG ADHESIVE (HUIZHOU) INDUSTRIAL CO.,LIMITED",,,,,China,"ZHEN CHANG ADHESIVE (HUIZHOU) INDUSTRIAL CO.,LIMITED",B2 K050,,,
"ZHUHAI CHUNGKAO NEW-MATERIAL TECHNOLOGY CO.,LTD",,,,,China,"ZHUHAI CHUNGKAO NEW-MATERIAL TECHNOLOGY CO.,LTD",B3 H021,,,
